school,discipline,teacher,id_student,student,behavior,start_time,end_time,duration_seconds,date,source
Escola Estadual Criança Esperança,Geografia,Professor_Diego,51e028c29914c6103719ccf21258789707dbb3234a716394f10de9ae5349d033,Pedro Vitor Sousa Santos,Perguntando,2026-03-17 08:02:00,2026-03-17 08:02:13,13.0,2026-03-17,simulated
Escola Estadual Criança Esperança,Geografia,Professor_Diego,51e028c29914c6103719ccf21258789707dbb3234a716394f10de9ae5349d033,Pedro Vitor Sousa Santos,Atento,2026-03-17 08:02:18,2026-03-17 08:13:13,655.0,2026-03-17,simulated
Escola Estadual Criança Esperança,Geografia,Professor_Diego,51e028c29914c6103719ccf21258789707dbb3234a716394f10de9ae5349d033,Pedro Vitor Sousa Santos,Perguntando,2026-03-17 08:13:14,2026-03-17 08:13:49,35.0,2026-03-17,simulated
Escola Estadual Criança Esperança,Geografia,Professor_Diego,51e028c29914c6103719ccf21258789707dbb3234a716394f10de9ae5349d033,Pedro Vitor Sousa Santos,Dormindo,2026-03-17 08:13:54,2026-03-17 08:17:57,243.0,2026-03-17,simulated
Escola Estadual Criança Esperança,Geografia,Professor_Diego,51e028c29914c6103719ccf21258789707dbb3234a716394f10de9ae5349d033,Pedro Vitor Sousa Santos,Perguntando,2026-03-17 08:18:05,2026-03-17 08:18:45,40.0,2026-03-17,simulated
Escola Estadual Criança Esperança,Geografia,Professor_Diego,51e028c29914c6103719ccf21258789707dbb3234a716394f10de9ae5349d033,Pedro Vitor Sousa Santos,Atento,2026-03-17 08:18:48,2026-03-17 08:28:38,590.0,2026-03-17,simulated
Escola Estadual Criança Esperança,Geografia,Professor_Diego,51e028c29914c6103719ccf21258789707dbb3234a716394f10de9ae5349d033,Pedro Vitor Sousa Santos,Perguntando,2026-03-17 08:28:43,2026-03-17 08:28:57,14.0,2026-03-17,simulated
Escola Estadual Criança Esperança,Geografia,Professor_Diego,51e028c29914c6103719ccf21258789707dbb3234a716394f10de9ae5349d033,Pedro Vitor Sousa Santos,Atento,2026-03-17 08:29:03,2026-03-17 08:35:55,412.0,2026-03-17,simulated
Escola Estadual Criança Esperança,Geografia,Professor_Diego,51e028c29914c6103719ccf21258789707dbb3234a716394f10de9ae5349d033,Pedro Vitor Sousa Santos,Agitado,2026-03-17 08:35:58,2026-03-17 08:36:30,32.0,2026-03-17,simulated
Escola Estadual Criança Esperança,Geografia,Professor_Diego,51e028c29914c6103719ccf21258789707dbb3234a716394f10de9ae5349d033,Pedro Vitor Sousa Santos,Perguntando,2026-03-17 08:36:38,2026-03-17 08:37:06,28.0,2026-03-17,simulated
Escola Estadual Criança Esperança,Geografia,Professor_Diego,51e028c29914c6103719ccf21258789707dbb3234a716394f10de9ae5349d033,Pedro Vitor Sousa Santos,Atento,2026-03-17 08:37:08,2026-03-17 08:48:24,676.0,2026-03-17,simulated
Escola Estadual Criança Esperança,Geografia,Professor_Diego,51e028c29914c6103719ccf21258789707dbb3234a716394f10de9ae5349d033,Pedro Vitor Sousa Santos,Distraido,2026-03-17 08:48:24,2026-03-17 08:50:33,129.0,2026-03-17,simulated
Escola Estadual Criança Esperança,Geografia,Professor_Diego,51e028c29914c6103719ccf21258789707dbb3234a716394f10de9ae5349d033,Pedro Vitor Sousa Santos,Atento,2026-03-17 08:50:35,2026-03-17 09:01:43,668.0,2026-03-17,simulated
Escola Estadual Criança Esperança,Geografia,Professor_Diego,51e028c29914c6103719ccf21258789707dbb3234a716394f10de9ae5349d033,Pedro Vitor Sousa Santos,Dormindo,2026-03-17 09:01:43,2026-03-17 09:05:36,233.0,2026-03-17,simulated
Escola Estadual Criança Esperança,Geografia,Professor_Diego,51e028c29914c6103719ccf21258789707dbb3234a716394f10de9ae5349d033,Pedro Vitor Sousa Santos,Atento,2026-03-17 09:05:43,2026-03-17 09:11:18,335.0,2026-03-17,simulated
Escola Estadual Criança Esperança,Geografia,Professor_Diego,51e028c29914c6103719ccf21258789707dbb3234a716394f10de9ae5349d033,Pedro Vitor Sousa Santos,Dormindo,2026-03-17 09:11:26,2026-03-17 09:13:39,133.0,2026-03-17,simulated
Escola Estadual Criança Esperança,Geografia,Professor_Diego,51e028c29914c6103719ccf21258789707dbb3234a716394f10de9ae5349d033,Pedro Vitor Sousa Santos,Atento,2026-03-17 09:13:41,2026-03-17 09:24:41,660.0,2026-03-17,simulated
Escola Estadual Criança Esperança,Geografia,Professor_Diego,51e028c29914c6103719ccf21258789707dbb3234a716394f10de9ae5349d033,Pedro Vitor Sousa Santos,Agitado,2026-03-17 09:24:45,2026-03-17 09:26:14,89.0,2026-03-17,simulated
Escola Estadual Criança Esperança,Geografia,Professor_Diego,51e028c29914c6103719ccf21258789707dbb3234a716394f10de9ae5349d033,Pedro Vitor Sousa Santos,Atento,2026-03-17 09:26:14,2026-03-17 09:32:17,363.0,2026-03-17,simulated
Escola Estadual Criança Esperança,Geografia,Professor_Diego,51e028c29914c6103719ccf21258789707dbb3234a716394f10de9ae5349d033,Pedro Vitor Sousa Santos,Perguntando,2026-03-17 09:32:25,2026-03-17 09:32:56,31.0,2026-03-17,simulated
Escola Estadual Criança Esperança,Geografia,Professor_Diego,51e028c29914c6103719ccf21258789707dbb3234a716394f10de9ae5349d033,Pedro Vitor Sousa Santos,Agitado,2026-03-17 09:32:58,2026-03-17 09:33:33,35.0,2026-03-17,simulated
Escola Estadual Criança Esperança,Geografia,Professor_Diego,51e028c29914c6103719ccf21258789707dbb3234a716394f10de9ae5349d033,Pedro Vitor Sousa Santos,Atento,2026-03-17 09:33:41,2026-03-17 09:42:41,540.0,2026-03-17,simulated
Escola Estadual Criança Esperança,Geografia,Professor_Diego,51e028c29914c6103719ccf21258789707dbb3234a716394f10de9ae5349d033,Pedro Vitor Sousa Santos,Perguntando,2026-03-17 09:42:45,2026-03-17 09:43:23,38.0,2026-03-17,simulated
Escola Estadual Criança Esperança,Geografia,Professor_Diego,51e028c29914c6103719ccf21258789707dbb3234a716394f10de9ae5349d033,Pedro Vitor Sousa Santos,Atento,2026-03-17 09:43:28,2026-03-17 09:52:19,531.0,2026-03-17,simulated
Escola Estadual Criança Esperança,Geografia,Professor_Diego,51e028c29914c6103719ccf21258789707dbb3234a716394f10de9ae5349d033,Pedro Vitor Sousa Santos,Perguntando,2026-03-17 09:52:23,2026-03-17 09:52:51,28.0,2026-03-17,simulated
Escola Estadual Criança Esperança,Geografia,Professor_Diego,51e028c29914c6103719ccf21258789707dbb3234a716394f10de9ae5349d033,Pedro Vitor Sousa Santos,Atento,2026-03-17 09:52:51,2026-03-17 10:03:34,643.0,2026-03-17,simulated
Escola Estadual Criança Esperança,Geografia,Professor_Diego,51e028c29914c6103719ccf21258789707dbb3234a716394f10de9ae5349d033,Pedro Vitor Sousa Santos,Distraido,2026-03-17 10:03:42,2026-03-17 10:05:09,87.0,2026-03-17,simulated
Escola Estadual Criança Esperança,Geografia,Professor_Diego,51e028c29914c6103719ccf21258789707dbb3234a716394f10de9ae5349d033,Pedro Vitor Sousa Santos,Atento,2026-03-17 10:05:15,2026-03-17 10:13:03,468.0,2026-03-17,simulated
Escola Estadual Criança Esperança,Geografia,Professor_Diego,51e028c29914c6103719ccf21258789707dbb3234a716394f10de9ae5349d033,Pedro Vitor Sousa Santos,Distraido,2026-03-17 10:13:07,2026-03-17 10:14:25,78.0,2026-03-17,simulated
Escola Estadual Criança Esperança,Geografia,Professor_Diego,51e028c29914c6103719ccf21258789707dbb3234a716394f10de9ae5349d033,Pedro Vitor Sousa Santos,Atento,2026-03-17 10:14:25,2026-03-17 10:23:36,551.0,2026-03-17,simulated
Escola Estadual Criança Esperança,Geografia,Professor_Diego,51e028c29914c6103719ccf21258789707dbb3234a716394f10de9ae5349d033,Pedro Vitor Sousa Santos,Perguntando,2026-03-17 10:23:36,2026-03-17 10:23:52,16.0,2026-03-17,simulated
Escola Estadual Criança Esperança,Geografia,Professor_Diego,51e028c29914c6103719ccf21258789707dbb3234a716394f10de9ae5349d033,Pedro Vitor Sousa Santos,Distraido,2026-03-17 10:23:56,2026-03-17 10:24:50,54.0,2026-03-17,simulated
Escola Estadual Criança Esperança,Geografia,Professor_Diego,51e028c29914c6103719ccf21258789707dbb3234a716394f10de9ae5349d033,Pedro Vitor Sousa Santos,Atento,2026-03-17 10:24:54,2026-03-17 10:30:35,341.0,2026-03-17,simulated
Escola Estadual Criança Esperança,Geografia,Professor_Diego,51e028c29914c6103719ccf21258789707dbb3234a716394f10de9ae5349d033,Pedro Vitor Sousa Santos,Perguntando,2026-03-17 10:30:36,2026-03-17 10:30:59,23.0,2026-03-17,simulated
Escola Estadual Criança Esperança,Geografia,Professor_Diego,51e028c29914c6103719ccf21258789707dbb3234a716394f10de9ae5349d033,Pedro Vitor Sousa Santos,Distraido,2026-03-17 10:31:01,2026-03-17 10:33:09,128.0,2026-03-17,simulated
Escola Estadual Criança Esperança,Geografia,Professor_Diego,51e028c29914c6103719ccf21258789707dbb3234a716394f10de9ae5349d033,Pedro Vitor Sousa Santos,Perguntando,2026-03-17 10:33:14,2026-03-17 10:33:52,38.0,2026-03-17,simulated
Escola Estadual Criança Esperança,Geografia,Professor_Diego,51e028c29914c6103719ccf21258789707dbb3234a716394f10de9ae5349d033,Pedro Vitor Sousa Santos,Atento,2026-03-17 10:33:57,2026-03-17 10:41:00,423.0,2026-03-17,simulated
Escola Estadual Criança Esperança,Geografia,Professor_Diego,51e028c29914c6103719ccf21258789707dbb3234a716394f10de9ae5349d033,Pedro Vitor Sousa Santos,Distraido,2026-03-17 10:41:04,2026-03-17 10:41:50,46.0,2026-03-17,simulated
Escola Estadual Criança Esperança,Geografia,Professor_Diego,51e028c29914c6103719ccf21258789707dbb3234a716394f10de9ae5349d033,Pedro Vitor Sousa Santos,Perguntando,2026-03-17 10:41:51,2026-03-17 10:42:03,12.0,2026-03-17,simulated
Escola Estadual Criança Esperança,Geografia,Professor_Diego,51e028c29914c6103719ccf21258789707dbb3234a716394f10de9ae5349d033,Pedro Vitor Sousa Santos,Atento,2026-03-17 10:42:09,2026-03-17 10:48:40,391.0,2026-03-17,simulated
Escola Estadual Criança Esperança,Geografia,Professor_Diego,51e028c29914c6103719ccf21258789707dbb3234a716394f10de9ae5349d033,Pedro Vitor Sousa Santos,Distraido,2026-03-17 10:48:41,2026-03-17 10:50:59,138.0,2026-03-17,simulated
Escola Estadual Criança Esperança,Geografia,Professor_Diego,51e028c29914c6103719ccf21258789707dbb3234a716394f10de9ae5349d033,Pedro Vitor Sousa Santos,Atento,2026-03-17 10:51:00,2026-03-17 11:01:10,610.0,2026-03-17,simulated
Escola Estadual Criança Esperança,Geografia,Professor_Diego,51e028c29914c6103719ccf21258789707dbb3234a716394f10de9ae5349d033,Pedro Vitor Sousa Santos,Agitado,2026-03-17 11:01:10,2026-03-17 11:02:20,70.0,2026-03-17,simulated
Escola Estadual Criança Esperança,Geografia,Professor_Diego,51e028c29914c6103719ccf21258789707dbb3234a716394f10de9ae5349d033,Pedro Vitor Sousa Santos,Atento,2026-03-17 11:02:28,2026-03-17 11:13:01,633.0,2026-03-17,simulated
Escola Estadual Criança Esperança,Geografia,Professor_Diego,51e028c29914c6103719ccf21258789707dbb3234a716394f10de9ae5349d033,Pedro Vitor Sousa Santos,Distraido,2026-03-17 11:13:04,2026-03-17 11:14:19,75.0,2026-03-17,simulated
Escola Estadual Criança Esperança,Geografia,Professor_Diego,51e028c29914c6103719ccf21258789707dbb3234a716394f10de9ae5349d033,Pedro Vitor Sousa Santos,Agitado,2026-03-17 11:14:24,2026-03-17 11:14:57,33.0,2026-03-17,simulated
Escola Estadual Criança Esperança,Geografia,Professor_Diego,51e028c29914c6103719ccf21258789707dbb3234a716394f10de9ae5349d033,Pedro Vitor Sousa Santos,Perguntando,2026-03-17 11:14:59,2026-03-17 11:15:14,15.0,2026-03-17,simulated
Escola Estadual Criança Esperança,Geografia,Professor_Diego,51e028c29914c6103719ccf21258789707dbb3234a716394f10de9ae5349d033,Pedro Vitor Sousa Santos,Dormindo,2026-03-17 11:15:21,2026-03-17 11:16:41,80.0,2026-03-17,simulated
Escola Estadual Criança Esperança,Geografia,Professor_Diego,51e028c29914c6103719ccf21258789707dbb3234a716394f10de9ae5349d033,Pedro Vitor Sousa Santos,Atento,2026-03-17 11:16:41,2026-03-17 11:27:39,658.0,2026-03-17,simulated
Escola Estadual Criança Esperança,Geografia,Professor_Diego,51e028c29914c6103719ccf21258789707dbb3234a716394f10de9ae5349d033,Pedro Vitor Sousa Santos,Perguntando,2026-03-17 11:27:47,2026-03-17 11:28:25,38.0,2026-03-17,simulated
Escola Estadual Criança Esperança,Geografia,Professor_Diego,51e028c29914c6103719ccf21258789707dbb3234a716394f10de9ae5349d033,Pedro Vitor Sousa Santos,Distraido,2026-03-17 11:28:27,2026-03-17 11:29:46,79.0,2026-03-17,simulated
Escola Estadual Criança Esperança,Geografia,Professor_Diego,51e028c29914c6103719ccf21258789707dbb3234a716394f10de9ae5349d033,Pedro Vitor Sousa Santos,Perguntando,2026-03-17 11:29:46,2026-03-17 11:30:03,17.0,2026-03-17,simulated
Escola Estadual Criança Esperança,Geografia,Professor_Diego,51e028c29914c6103719ccf21258789707dbb3234a716394f10de9ae5349d033,Pedro Vitor Sousa Santos,Atento,2026-03-17 11:30:11,2026-03-17 11:35:14,303.0,2026-03-17,simulated
Escola Estadual Criança Esperança,Geografia,Professor_Diego,51e028c29914c6103719ccf21258789707dbb3234a716394f10de9ae5349d033,Pedro Vitor Sousa Santos,Dormindo,2026-03-17 11:35:17,2026-03-17 11:37:45,148.0,2026-03-17,simulated
Escola Estadual Criança Esperança,Geografia,Professor_Diego,51e028c29914c6103719ccf21258789707dbb3234a716394f10de9ae5349d033,Pedro Vitor Sousa Santos,Atento,2026-03-17 11:37:48,2026-03-17 11:42:00,252.0,2026-03-17,simulated
Escola Estadual Criança Esperança,Geografia,Professor_Diego,eb3c72a0bb37fffc786f4ab3c5d9dcfeff614019a87ad1548133b55826c3b9fa,Bruno Dias,Atento,2026-03-17 08:04:00,2026-03-17 08:10:17,377.0,2026-03-17,simulated
Escola Estadual Criança Esperança,Geografia,Professor_Diego,eb3c72a0bb37fffc786f4ab3c5d9dcfeff614019a87ad1548133b55826c3b9fa,Bruno Dias,Distraido,2026-03-17 08:10:20,2026-03-17 08:12:53,153.0,2026-03-17,simulated
Escola Estadual Criança Esperança,Geografia,Professor_Diego,eb3c72a0bb37fffc786f4ab3c5d9dcfeff614019a87ad1548133b55826c3b9fa,Bruno Dias,Perguntando,2026-03-17 08:13:01,2026-03-17 08:13:13,12.0,2026-03-17,simulated
Escola Estadual Criança Esperança,Geografia,Professor_Diego,eb3c72a0bb37fffc786f4ab3c5d9dcfeff614019a87ad1548133b55826c3b9fa,Bruno Dias,Distraido,2026-03-17 08:13:21,2026-03-17 08:15:59,158.0,2026-03-17,simulated
Escola Estadual Criança Esperança,Geografia,Professor_Diego,eb3c72a0bb37fffc786f4ab3c5d9dcfeff614019a87ad1548133b55826c3b9fa,Bruno Dias,Atento,2026-03-17 08:16:00,2026-03-17 08:25:07,547.0,2026-03-17,simulated
Escola Estadual Criança Esperança,Geografia,Professor_Diego,eb3c72a0bb37fffc786f4ab3c5d9dcfeff614019a87ad1548133b55826c3b9fa,Bruno Dias,Distraido,2026-03-17 08:25:07,2026-03-17 08:27:23,136.0,2026-03-17,simulated
Escola Estadual Criança Esperança,Geografia,Professor_Diego,eb3c72a0bb37fffc786f4ab3c5d9dcfeff614019a87ad1548133b55826c3b9fa,Bruno Dias,Atento,2026-03-17 08:27:24,2026-03-17 08:36:41,557.0,2026-03-17,simulated
Escola Estadual Criança Esperança,Geografia,Professor_Diego,eb3c72a0bb37fffc786f4ab3c5d9dcfeff614019a87ad1548133b55826c3b9fa,Bruno Dias,Perguntando,2026-03-17 08:36:43,2026-03-17 08:36:56,13.0,2026-03-17,simulated
Escola Estadual Criança Esperança,Geografia,Professor_Diego,eb3c72a0bb37fffc786f4ab3c5d9dcfeff614019a87ad1548133b55826c3b9fa,Bruno Dias,Distraido,2026-03-17 08:37:02,2026-03-17 08:39:12,130.0,2026-03-17,simulated
Escola Estadual Criança Esperança,Geografia,Professor_Diego,eb3c72a0bb37fffc786f4ab3c5d9dcfeff614019a87ad1548133b55826c3b9fa,Bruno Dias,Atento,2026-03-17 08:39:12,2026-03-17 08:50:04,652.0,2026-03-17,simulated
Escola Estadual Criança Esperança,Geografia,Professor_Diego,eb3c72a0bb37fffc786f4ab3c5d9dcfeff614019a87ad1548133b55826c3b9fa,Bruno Dias,Perguntando,2026-03-17 08:50:08,2026-03-17 08:50:36,28.0,2026-03-17,simulated
Escola Estadual Criança Esperança,Geografia,Professor_Diego,eb3c72a0bb37fffc786f4ab3c5d9dcfeff614019a87ad1548133b55826c3b9fa,Bruno Dias,Distraido,2026-03-17 08:50:37,2026-03-17 08:53:09,152.0,2026-03-17,simulated
Escola Estadual Criança Esperança,Geografia,Professor_Diego,eb3c72a0bb37fffc786f4ab3c5d9dcfeff614019a87ad1548133b55826c3b9fa,Bruno Dias,Agitado,2026-03-17 08:53:16,2026-03-17 08:54:11,55.0,2026-03-17,simulated
Escola Estadual Criança Esperança,Geografia,Professor_Diego,eb3c72a0bb37fffc786f4ab3c5d9dcfeff614019a87ad1548133b55826c3b9fa,Bruno Dias,Atento,2026-03-17 08:54:16,2026-03-17 09:00:28,372.0,2026-03-17,simulated
Escola Estadual Criança Esperança,Geografia,Professor_Diego,eb3c72a0bb37fffc786f4ab3c5d9dcfeff614019a87ad1548133b55826c3b9fa,Bruno Dias,Distraido,2026-03-17 09:00:29,2026-03-17 09:02:37,128.0,2026-03-17,simulated
Escola Estadual Criança Esperança,Geografia,Professor_Diego,eb3c72a0bb37fffc786f4ab3c5d9dcfeff614019a87ad1548133b55826c3b9fa,Bruno Dias,Atento,2026-03-17 09:02:45,2026-03-17 09:14:41,716.0,2026-03-17,simulated
Escola Estadual Criança Esperança,Geografia,Professor_Diego,eb3c72a0bb37fffc786f4ab3c5d9dcfeff614019a87ad1548133b55826c3b9fa,Bruno Dias,Distraido,2026-03-17 09:14:49,2026-03-17 09:17:13,144.0,2026-03-17,simulated
Escola Estadual Criança Esperança,Geografia,Professor_Diego,eb3c72a0bb37fffc786f4ab3c5d9dcfeff614019a87ad1548133b55826c3b9fa,Bruno Dias,Atento,2026-03-17 09:17:18,2026-03-17 09:24:22,424.0,2026-03-17,simulated
Escola Estadual Criança Esperança,Geografia,Professor_Diego,eb3c72a0bb37fffc786f4ab3c5d9dcfeff614019a87ad1548133b55826c3b9fa,Bruno Dias,Agitado,2026-03-17 09:24:23,2026-03-17 09:25:13,50.0,2026-03-17,simulated
Escola Estadual Criança Esperança,Geografia,Professor_Diego,eb3c72a0bb37fffc786f4ab3c5d9dcfeff614019a87ad1548133b55826c3b9fa,Bruno Dias,Distraido,2026-03-17 09:25:20,2026-03-17 09:27:10,110.0,2026-03-17,simulated
Escola Estadual Criança Esperança,Geografia,Professor_Diego,eb3c72a0bb37fffc786f4ab3c5d9dcfeff614019a87ad1548133b55826c3b9fa,Bruno Dias,Dormindo,2026-03-17 09:27:17,2026-03-17 09:32:10,293.0,2026-03-17,simulated
Escola Estadual Criança Esperança,Geografia,Professor_Diego,eb3c72a0bb37fffc786f4ab3c5d9dcfeff614019a87ad1548133b55826c3b9fa,Bruno Dias,Atento,2026-03-17 09:32:10,2026-03-17 09:38:47,397.0,2026-03-17,simulated
Escola Estadual Criança Esperança,Geografia,Professor_Diego,eb3c72a0bb37fffc786f4ab3c5d9dcfeff614019a87ad1548133b55826c3b9fa,Bruno Dias,Agitado,2026-03-17 09:38:51,2026-03-17 09:39:19,28.0,2026-03-17,simulated
Escola Estadual Criança Esperança,Geografia,Professor_Diego,eb3c72a0bb37fffc786f4ab3c5d9dcfeff614019a87ad1548133b55826c3b9fa,Bruno Dias,Distraido,2026-03-17 09:39:23,2026-03-17 09:40:24,61.0,2026-03-17,simulated
Escola Estadual Criança Esperança,Geografia,Professor_Diego,eb3c72a0bb37fffc786f4ab3c5d9dcfeff614019a87ad1548133b55826c3b9fa,Bruno Dias,Atento,2026-03-17 09:40:27,2026-03-17 09:50:18,591.0,2026-03-17,simulated
Escola Estadual Criança Esperança,Geografia,Professor_Diego,eb3c72a0bb37fffc786f4ab3c5d9dcfeff614019a87ad1548133b55826c3b9fa,Bruno Dias,Distraido,2026-03-17 09:50:19,2026-03-17 09:52:36,137.0,2026-03-17,simulated
Escola Estadual Criança Esperança,Geografia,Professor_Diego,eb3c72a0bb37fffc786f4ab3c5d9dcfeff614019a87ad1548133b55826c3b9fa,Bruno Dias,Atento,2026-03-17 09:52:39,2026-03-17 10:03:03,624.0,2026-03-17,simulated
Escola Estadual Criança Esperança,Geografia,Professor_Diego,eb3c72a0bb37fffc786f4ab3c5d9dcfeff614019a87ad1548133b55826c3b9fa,Bruno Dias,Agitado,2026-03-17 10:03:04,2026-03-17 10:04:25,81.0,2026-03-17,simulated
Escola Estadual Criança Esperança,Geografia,Professor_Diego,eb3c72a0bb37fffc786f4ab3c5d9dcfeff614019a87ad1548133b55826c3b9fa,Bruno Dias,Distraido,2026-03-17 10:04:32,2026-03-17 10:07:03,151.0,2026-03-17,simulated
Escola Estadual Criança Esperança,Geografia,Professor_Diego,eb3c72a0bb37fffc786f4ab3c5d9dcfeff614019a87ad1548133b55826c3b9fa,Bruno Dias,Dormindo,2026-03-17 10:07:03,2026-03-17 10:09:11,128.0,2026-03-17,simulated
Escola Estadual Criança Esperança,Geografia,Professor_Diego,eb3c72a0bb37fffc786f4ab3c5d9dcfeff614019a87ad1548133b55826c3b9fa,Bruno Dias,Distraido,2026-03-17 10:09:13,2026-03-17 10:11:35,142.0,2026-03-17,simulated
Escola Estadual Criança Esperança,Geografia,Professor_Diego,eb3c72a0bb37fffc786f4ab3c5d9dcfeff614019a87ad1548133b55826c3b9fa,Bruno Dias,Atento,2026-03-17 10:11:41,2026-03-17 10:17:15,334.0,2026-03-17,simulated
Escola Estadual Criança Esperança,Geografia,Professor_Diego,eb3c72a0bb37fffc786f4ab3c5d9dcfeff614019a87ad1548133b55826c3b9fa,Bruno Dias,Distraido,2026-03-17 10:17:15,2026-03-17 10:18:27,72.0,2026-03-17,simulated
Escola Estadual Criança Esperança,Geografia,Professor_Diego,eb3c72a0bb37fffc786f4ab3c5d9dcfeff614019a87ad1548133b55826c3b9fa,Bruno Dias,Dormindo,2026-03-17 10:18:28,2026-03-17 10:23:23,295.0,2026-03-17,simulated
Escola Estadual Criança Esperança,Geografia,Professor_Diego,eb3c72a0bb37fffc786f4ab3c5d9dcfeff614019a87ad1548133b55826c3b9fa,Bruno Dias,Perguntando,2026-03-17 10:23:26,2026-03-17 10:23:47,21.0,2026-03-17,simulated
Escola Estadual Criança Esperança,Geografia,Professor_Diego,eb3c72a0bb37fffc786f4ab3c5d9dcfeff614019a87ad1548133b55826c3b9fa,Bruno Dias,Agitado,2026-03-17 10:23:54,2026-03-17 10:25:14,80.0,2026-03-17,simulated
Escola Estadual Criança Esperança,Geografia,Professor_Diego,eb3c72a0bb37fffc786f4ab3c5d9dcfeff614019a87ad1548133b55826c3b9fa,Bruno Dias,Perguntando,2026-03-17 10:25:15,2026-03-17 10:25:39,24.0,2026-03-17,simulated
Escola Estadual Criança Esperança,Geografia,Professor_Diego,eb3c72a0bb37fffc786f4ab3c5d9dcfeff614019a87ad1548133b55826c3b9fa,Bruno Dias,Distraido,2026-03-17 10:25:41,2026-03-17 10:28:03,142.0,2026-03-17,simulated
Escola Estadual Criança Esperança,Geografia,Professor_Diego,eb3c72a0bb37fffc786f4ab3c5d9dcfeff614019a87ad1548133b55826c3b9fa,Bruno Dias,Perguntando,2026-03-17 10:28:10,2026-03-17 10:28:47,37.0,2026-03-17,simulated
Escola Estadual Criança Esperança,Geografia,Professor_Diego,eb3c72a0bb37fffc786f4ab3c5d9dcfeff614019a87ad1548133b55826c3b9fa,Bruno Dias,Distraido,2026-03-17 10:28:54,2026-03-17 10:30:10,76.0,2026-03-17,simulated
Escola Estadual Criança Esperança,Geografia,Professor_Diego,eb3c72a0bb37fffc786f4ab3c5d9dcfeff614019a87ad1548133b55826c3b9fa,Bruno Dias,Atento,2026-03-17 10:30:14,2026-03-17 10:41:21,667.0,2026-03-17,simulated
Escola Estadual Criança Esperança,Geografia,Professor_Diego,eb3c72a0bb37fffc786f4ab3c5d9dcfeff614019a87ad1548133b55826c3b9fa,Bruno Dias,Distraido,2026-03-17 10:41:24,2026-03-17 10:44:12,168.0,2026-03-17,simulated
Escola Estadual Criança Esperança,Geografia,Professor_Diego,eb3c72a0bb37fffc786f4ab3c5d9dcfeff614019a87ad1548133b55826c3b9fa,Bruno Dias,Dormindo,2026-03-17 10:44:15,2026-03-17 10:47:39,204.0,2026-03-17,simulated
Escola Estadual Criança Esperança,Geografia,Professor_Diego,eb3c72a0bb37fffc786f4ab3c5d9dcfeff614019a87ad1548133b55826c3b9fa,Bruno Dias,Perguntando,2026-03-17 10:47:45,2026-03-17 10:48:06,21.0,2026-03-17,simulated
Escola Estadual Criança Esperança,Geografia,Professor_Diego,eb3c72a0bb37fffc786f4ab3c5d9dcfeff614019a87ad1548133b55826c3b9fa,Bruno Dias,Dormindo,2026-03-17 10:48:10,2026-03-17 10:49:14,64.0,2026-03-17,simulated
Escola Estadual Criança Esperança,Geografia,Professor_Diego,eb3c72a0bb37fffc786f4ab3c5d9dcfeff614019a87ad1548133b55826c3b9fa,Bruno Dias,Perguntando,2026-03-17 10:49:16,2026-03-17 10:49:28,12.0,2026-03-17,simulated
Escola Estadual Criança Esperança,Geografia,Professor_Diego,eb3c72a0bb37fffc786f4ab3c5d9dcfeff614019a87ad1548133b55826c3b9fa,Bruno Dias,Atento,2026-03-17 10:49:30,2026-03-17 11:01:17,707.0,2026-03-17,simulated
Escola Estadual Criança Esperança,Geografia,Professor_Diego,eb3c72a0bb37fffc786f4ab3c5d9dcfeff614019a87ad1548133b55826c3b9fa,Bruno Dias,Agitado,2026-03-17 11:01:19,2026-03-17 11:01:56,37.0,2026-03-17,simulated
Escola Estadual Criança Esperança,Geografia,Professor_Diego,eb3c72a0bb37fffc786f4ab3c5d9dcfeff614019a87ad1548133b55826c3b9fa,Bruno Dias,Perguntando,2026-03-17 11:01:58,2026-03-17 11:02:32,34.0,2026-03-17,simulated
Escola Estadual Criança Esperança,Geografia,Professor_Diego,eb3c72a0bb37fffc786f4ab3c5d9dcfeff614019a87ad1548133b55826c3b9fa,Bruno Dias,Atento,2026-03-17 11:02:40,2026-03-17 11:08:35,355.0,2026-03-17,simulated
Escola Estadual Criança Esperança,Geografia,Professor_Diego,eb3c72a0bb37fffc786f4ab3c5d9dcfeff614019a87ad1548133b55826c3b9fa,Bruno Dias,Dormindo,2026-03-17 11:08:40,2026-03-17 11:10:50,130.0,2026-03-17,simulated
Escola Estadual Criança Esperança,Geografia,Professor_Diego,eb3c72a0bb37fffc786f4ab3c5d9dcfeff614019a87ad1548133b55826c3b9fa,Bruno Dias,Distraido,2026-03-17 11:10:58,2026-03-17 11:13:26,148.0,2026-03-17,simulated
Escola Estadual Criança Esperança,Geografia,Professor_Diego,eb3c72a0bb37fffc786f4ab3c5d9dcfeff614019a87ad1548133b55826c3b9fa,Bruno Dias,Agitado,2026-03-17 11:13:34,2026-03-17 11:14:55,81.0,2026-03-17,simulated
Escola Estadual Criança Esperança,Geografia,Professor_Diego,eb3c72a0bb37fffc786f4ab3c5d9dcfeff614019a87ad1548133b55826c3b9fa,Bruno Dias,Distraido,2026-03-17 11:14:59,2026-03-17 11:16:18,79.0,2026-03-17,simulated
Escola Estadual Criança Esperança,Geografia,Professor_Diego,eb3c72a0bb37fffc786f4ab3c5d9dcfeff614019a87ad1548133b55826c3b9fa,Bruno Dias,Dormindo,2026-03-17 11:16:23,2026-03-17 11:20:44,261.0,2026-03-17,simulated
Escola Estadual Criança Esperança,Geografia,Professor_Diego,eb3c72a0bb37fffc786f4ab3c5d9dcfeff614019a87ad1548133b55826c3b9fa,Bruno Dias,Distraido,2026-03-17 11:20:47,2026-03-17 11:23:46,179.0,2026-03-17,simulated
Escola Estadual Criança Esperança,Geografia,Professor_Diego,eb3c72a0bb37fffc786f4ab3c5d9dcfeff614019a87ad1548133b55826c3b9fa,Bruno Dias,Atento,2026-03-17 11:23:48,2026-03-17 11:30:05,377.0,2026-03-17,simulated
Escola Estadual Criança Esperança,Geografia,Professor_Diego,eb3c72a0bb37fffc786f4ab3c5d9dcfeff614019a87ad1548133b55826c3b9fa,Bruno Dias,Agitado,2026-03-17 11:30:07,2026-03-17 11:31:07,60.0,2026-03-17,simulated
Escola Estadual Criança Esperança,Geografia,Professor_Diego,eb3c72a0bb37fffc786f4ab3c5d9dcfeff614019a87ad1548133b55826c3b9fa,Bruno Dias,Atento,2026-03-17 11:31:11,2026-03-17 11:41:15,604.0,2026-03-17,simulated
Escola Estadual Criança Esperança,Geografia,Professor_Diego,eb3c72a0bb37fffc786f4ab3c5d9dcfeff614019a87ad1548133b55826c3b9fa,Bruno Dias,Agitado,2026-03-17 11:41:15,2026-03-17 11:42:39,84.0,2026-03-17,simulated
Escola Estadual Criança Esperança,Geografia,Professor_Diego,eb3c72a0bb37fffc786f4ab3c5d9dcfeff614019a87ad1548133b55826c3b9fa,Bruno Dias,Distraido,2026-03-17 11:42:44,2026-03-17 11:44:00,76.0,2026-03-17,simulated
Escola Estadual Criança Esperança,Geografia,Professor_Diego,dc9a95b5ba8bb57ac1e73ab7f8c125406ac4da1026d061aaf30426faf91b662f,Ruti da Costa Lima,Agitado,2026-03-17 08:06:00,2026-03-17 08:07:14,74.0,2026-03-17,simulated
Escola Estadual Criança Esperança,Geografia,Professor_Diego,dc9a95b5ba8bb57ac1e73ab7f8c125406ac4da1026d061aaf30426faf91b662f,Ruti da Costa Lima,Distraido,2026-03-17 08:07:17,2026-03-17 08:09:39,142.0,2026-03-17,simulated
Escola Estadual Criança Esperança,Geografia,Professor_Diego,dc9a95b5ba8bb57ac1e73ab7f8c125406ac4da1026d061aaf30426faf91b662f,Ruti da Costa Lima,Dormindo,2026-03-17 08:09:46,2026-03-17 08:14:30,284.0,2026-03-17,simulated
Escola Estadual Criança Esperança,Geografia,Professor_Diego,dc9a95b5ba8bb57ac1e73ab7f8c125406ac4da1026d061aaf30426faf91b662f,Ruti da Costa Lima,Atento,2026-03-17 08:14:36,2026-03-17 08:26:19,703.0,2026-03-17,simulated
Escola Estadual Criança Esperança,Geografia,Professor_Diego,dc9a95b5ba8bb57ac1e73ab7f8c125406ac4da1026d061aaf30426faf91b662f,Ruti da Costa Lima,Dormindo,2026-03-17 08:26:25,2026-03-17 08:28:24,119.0,2026-03-17,simulated
Escola Estadual Criança Esperança,Geografia,Professor_Diego,dc9a95b5ba8bb57ac1e73ab7f8c125406ac4da1026d061aaf30426faf91b662f,Ruti da Costa Lima,Perguntando,2026-03-17 08:28:24,2026-03-17 08:28:54,30.0,2026-03-17,simulated
Escola Estadual Criança Esperança,Geografia,Professor_Diego,dc9a95b5ba8bb57ac1e73ab7f8c125406ac4da1026d061aaf30426faf91b662f,Ruti da Costa Lima,Distraido,2026-03-17 08:28:56,2026-03-17 08:29:55,59.0,2026-03-17,simulated
Escola Estadual Criança Esperança,Geografia,Professor_Diego,dc9a95b5ba8bb57ac1e73ab7f8c125406ac4da1026d061aaf30426faf91b662f,Ruti da Costa Lima,Dormindo,2026-03-17 08:29:56,2026-03-17 08:34:06,250.0,2026-03-17,simulated
Escola Estadual Criança Esperança,Geografia,Professor_Diego,dc9a95b5ba8bb57ac1e73ab7f8c125406ac4da1026d061aaf30426faf91b662f,Ruti da Costa Lima,Perguntando,2026-03-17 08:34:10,2026-03-17 08:34:39,29.0,2026-03-17,simulated
Escola Estadual Criança Esperança,Geografia,Professor_Diego,dc9a95b5ba8bb57ac1e73ab7f8c125406ac4da1026d061aaf30426faf91b662f,Ruti da Costa Lima,Atento,2026-03-17 08:34:44,2026-03-17 08:44:53,609.0,2026-03-17,simulated
Escola Estadual Criança Esperança,Geografia,Professor_Diego,dc9a95b5ba8bb57ac1e73ab7f8c125406ac4da1026d061aaf30426faf91b662f,Ruti da Costa Lima,Agitado,2026-03-17 08:44:53,2026-03-17 08:46:13,80.0,2026-03-17,simulated
Escola Estadual Criança Esperança,Geografia,Professor_Diego,dc9a95b5ba8bb57ac1e73ab7f8c125406ac4da1026d061aaf30426faf91b662f,Ruti da Costa Lima,Atento,2026-03-17 08:46:14,2026-03-17 08:56:41,627.0,2026-03-17,simulated
Escola Estadual Criança Esperança,Geografia,Professor_Diego,dc9a95b5ba8bb57ac1e73ab7f8c125406ac4da1026d061aaf30426faf91b662f,Ruti da Costa Lima,Dormindo,2026-03-17 08:56:49,2026-03-17 09:00:58,249.0,2026-03-17,simulated
Escola Estadual Criança Esperança,Geografia,Professor_Diego,dc9a95b5ba8bb57ac1e73ab7f8c125406ac4da1026d061aaf30426faf91b662f,Ruti da Costa Lima,Atento,2026-03-17 09:01:01,2026-03-17 09:08:33,452.0,2026-03-17,simulated
Escola Estadual Criança Esperança,Geografia,Professor_Diego,dc9a95b5ba8bb57ac1e73ab7f8c125406ac4da1026d061aaf30426faf91b662f,Ruti da Costa Lima,Distraido,2026-03-17 09:08:39,2026-03-17 09:11:33,174.0,2026-03-17,simulated
Escola Estadual Criança Esperança,Geografia,Professor_Diego,dc9a95b5ba8bb57ac1e73ab7f8c125406ac4da1026d061aaf30426faf91b662f,Ruti da Costa Lima,Agitado,2026-03-17 09:11:36,2026-03-17 09:12:22,46.0,2026-03-17,simulated
Escola Estadual Criança Esperança,Geografia,Professor_Diego,dc9a95b5ba8bb57ac1e73ab7f8c125406ac4da1026d061aaf30426faf91b662f,Ruti da Costa Lima,Dormindo,2026-03-17 09:12:25,2026-03-17 09:16:52,267.0,2026-03-17,simulated
Escola Estadual Criança Esperança,Geografia,Professor_Diego,dc9a95b5ba8bb57ac1e73ab7f8c125406ac4da1026d061aaf30426faf91b662f,Ruti da Costa Lima,Distraido,2026-03-17 09:17:00,2026-03-17 09:18:01,61.0,2026-03-17,simulated
Escola Estadual Criança Esperança,Geografia,Professor_Diego,dc9a95b5ba8bb57ac1e73ab7f8c125406ac4da1026d061aaf30426faf91b662f,Ruti da Costa Lima,Perguntando,2026-03-17 09:18:01,2026-03-17 09:18:24,23.0,2026-03-17,simulated
Escola Estadual Criança Esperança,Geografia,Professor_Diego,dc9a95b5ba8bb57ac1e73ab7f8c125406ac4da1026d061aaf30426faf91b662f,Ruti da Costa Lima,Atento,2026-03-17 09:18:24,2026-03-17 09:27:58,574.0,2026-03-17,simulated
Escola Estadual Criança Esperança,Geografia,Professor_Diego,dc9a95b5ba8bb57ac1e73ab7f8c125406ac4da1026d061aaf30426faf91b662f,Ruti da Costa Lima,Distraido,2026-03-17 09:28:04,2026-03-17 09:30:17,133.0,2026-03-17,simulated
Escola Estadual Criança Esperança,Geografia,Professor_Diego,dc9a95b5ba8bb57ac1e73ab7f8c125406ac4da1026d061aaf30426faf91b662f,Ruti da Costa Lima,Perguntando,2026-03-17 09:30:21,2026-03-17 09:30:53,32.0,2026-03-17,simulated
Escola Estadual Criança Esperança,Geografia,Professor_Diego,dc9a95b5ba8bb57ac1e73ab7f8c125406ac4da1026d061aaf30426faf91b662f,Ruti da Costa Lima,Atento,2026-03-17 09:30:55,2026-03-17 09:36:28,333.0,2026-03-17,simulated
Escola Estadual Criança Esperança,Geografia,Professor_Diego,dc9a95b5ba8bb57ac1e73ab7f8c125406ac4da1026d061aaf30426faf91b662f,Ruti da Costa Lima,Agitado,2026-03-17 09:36:29,2026-03-17 09:37:05,36.0,2026-03-17,simulated
Escola Estadual Criança Esperança,Geografia,Professor_Diego,dc9a95b5ba8bb57ac1e73ab7f8c125406ac4da1026d061aaf30426faf91b662f,Ruti da Costa Lima,Distraido,2026-03-17 09:37:11,2026-03-17 09:39:56,165.0,2026-03-17,simulated
Escola Estadual Criança Esperança,Geografia,Professor_Diego,dc9a95b5ba8bb57ac1e73ab7f8c125406ac4da1026d061aaf30426faf91b662f,Ruti da Costa Lima,Dormindo,2026-03-17 09:40:02,2026-03-17 09:43:13,191.0,2026-03-17,simulated
Escola Estadual Criança Esperança,Geografia,Professor_Diego,dc9a95b5ba8bb57ac1e73ab7f8c125406ac4da1026d061aaf30426faf91b662f,Ruti da Costa Lima,Distraido,2026-03-17 09:43:18,2026-03-17 09:44:41,83.0,2026-03-17,simulated
Escola Estadual Criança Esperança,Geografia,Professor_Diego,dc9a95b5ba8bb57ac1e73ab7f8c125406ac4da1026d061aaf30426faf91b662f,Ruti da Costa Lima,Dormindo,2026-03-17 09:44:48,2026-03-17 09:48:56,248.0,2026-03-17,simulated
Escola Estadual Criança Esperança,Geografia,Professor_Diego,dc9a95b5ba8bb57ac1e73ab7f8c125406ac4da1026d061aaf30426faf91b662f,Ruti da Costa Lima,Atento,2026-03-17 09:49:00,2026-03-17 09:54:39,339.0,2026-03-17,simulated
Escola Estadual Criança Esperança,Geografia,Professor_Diego,dc9a95b5ba8bb57ac1e73ab7f8c125406ac4da1026d061aaf30426faf91b662f,Ruti da Costa Lima,Agitado,2026-03-17 09:54:43,2026-03-17 09:56:02,79.0,2026-03-17,simulated
Escola Estadual Criança Esperança,Geografia,Professor_Diego,dc9a95b5ba8bb57ac1e73ab7f8c125406ac4da1026d061aaf30426faf91b662f,Ruti da Costa Lima,Dormindo,2026-03-17 09:56:03,2026-03-17 09:58:16,133.0,2026-03-17,simulated
Escola Estadual Criança Esperança,Geografia,Professor_Diego,dc9a95b5ba8bb57ac1e73ab7f8c125406ac4da1026d061aaf30426faf91b662f,Ruti da Costa Lima,Agitado,2026-03-17 09:58:22,2026-03-17 09:59:09,47.0,2026-03-17,simulated
Escola Estadual Criança Esperança,Geografia,Professor_Diego,dc9a95b5ba8bb57ac1e73ab7f8c125406ac4da1026d061aaf30426faf91b662f,Ruti da Costa Lima,Distraido,2026-03-17 09:59:11,2026-03-17 09:59:57,46.0,2026-03-17,simulated
Escola Estadual Criança Esperança,Geografia,Professor_Diego,dc9a95b5ba8bb57ac1e73ab7f8c125406ac4da1026d061aaf30426faf91b662f,Ruti da Costa Lima,Dormindo,2026-03-17 09:59:58,2026-03-17 10:02:07,129.0,2026-03-17,simulated
Escola Estadual Criança Esperança,Geografia,Professor_Diego,dc9a95b5ba8bb57ac1e73ab7f8c125406ac4da1026d061aaf30426faf91b662f,Ruti da Costa Lima,Agitado,2026-03-17 10:02:14,2026-03-17 10:02:58,44.0,2026-03-17,simulated
Escola Estadual Criança Esperança,Geografia,Professor_Diego,dc9a95b5ba8bb57ac1e73ab7f8c125406ac4da1026d061aaf30426faf91b662f,Ruti da Costa Lima,Dormindo,2026-03-17 10:03:01,2026-03-17 10:04:28,87.0,2026-03-17,simulated
Escola Estadual Criança Esperança,Geografia,Professor_Diego,dc9a95b5ba8bb57ac1e73ab7f8c125406ac4da1026d061aaf30426faf91b662f,Ruti da Costa Lima,Distraido,2026-03-17 10:04:34,2026-03-17 10:07:17,163.0,2026-03-17,simulated
Escola Estadual Criança Esperança,Geografia,Professor_Diego,dc9a95b5ba8bb57ac1e73ab7f8c125406ac4da1026d061aaf30426faf91b662f,Ruti da Costa Lima,Dormindo,2026-03-17 10:07:25,2026-03-17 10:09:06,101.0,2026-03-17,simulated
Escola Estadual Criança Esperança,Geografia,Professor_Diego,dc9a95b5ba8bb57ac1e73ab7f8c125406ac4da1026d061aaf30426faf91b662f,Ruti da Costa Lima,Perguntando,2026-03-17 10:09:07,2026-03-17 10:09:35,28.0,2026-03-17,simulated
Escola Estadual Criança Esperança,Geografia,Professor_Diego,dc9a95b5ba8bb57ac1e73ab7f8c125406ac4da1026d061aaf30426faf91b662f,Ruti da Costa Lima,Agitado,2026-03-17 10:09:40,2026-03-17 10:10:56,76.0,2026-03-17,simulated
Escola Estadual Criança Esperança,Geografia,Professor_Diego,dc9a95b5ba8bb57ac1e73ab7f8c125406ac4da1026d061aaf30426faf91b662f,Ruti da Costa Lima,Distraido,2026-03-17 10:10:56,2026-03-17 10:12:55,119.0,2026-03-17,simulated
Escola Estadual Criança Esperança,Geografia,Professor_Diego,dc9a95b5ba8bb57ac1e73ab7f8c125406ac4da1026d061aaf30426faf91b662f,Ruti da Costa Lima,Atento,2026-03-17 10:12:59,2026-03-17 10:21:31,512.0,2026-03-17,simulated
Escola Estadual Criança Esperança,Geografia,Professor_Diego,dc9a95b5ba8bb57ac1e73ab7f8c125406ac4da1026d061aaf30426faf91b662f,Ruti da Costa Lima,Dormindo,2026-03-17 10:21:31,2026-03-17 10:23:36,125.0,2026-03-17,simulated
Escola Estadual Criança Esperança,Geografia,Professor_Diego,dc9a95b5ba8bb57ac1e73ab7f8c125406ac4da1026d061aaf30426faf91b662f,Ruti da Costa Lima,Atento,2026-03-17 10:23:43,2026-03-17 10:29:45,362.0,2026-03-17,simulated
Escola Estadual Criança Esperança,Geografia,Professor_Diego,dc9a95b5ba8bb57ac1e73ab7f8c125406ac4da1026d061aaf30426faf91b662f,Ruti da Costa Lima,Distraido,2026-03-17 10:29:47,2026-03-17 10:31:25,98.0,2026-03-17,simulated
Escola Estadual Criança Esperança,Geografia,Professor_Diego,dc9a95b5ba8bb57ac1e73ab7f8c125406ac4da1026d061aaf30426faf91b662f,Ruti da Costa Lima,Dormindo,2026-03-17 10:31:29,2026-03-17 10:36:08,279.0,2026-03-17,simulated
Escola Estadual Criança Esperança,Geografia,Professor_Diego,dc9a95b5ba8bb57ac1e73ab7f8c125406ac4da1026d061aaf30426faf91b662f,Ruti da Costa Lima,Atento,2026-03-17 10:36:09,2026-03-17 10:44:51,522.0,2026-03-17,simulated
Escola Estadual Criança Esperança,Geografia,Professor_Diego,dc9a95b5ba8bb57ac1e73ab7f8c125406ac4da1026d061aaf30426faf91b662f,Ruti da Costa Lima,Dormindo,2026-03-17 10:44:55,2026-03-17 10:48:08,193.0,2026-03-17,simulated
Escola Estadual Criança Esperança,Geografia,Professor_Diego,dc9a95b5ba8bb57ac1e73ab7f8c125406ac4da1026d061aaf30426faf91b662f,Ruti da Costa Lima,Agitado,2026-03-17 10:48:13,2026-03-17 10:49:30,77.0,2026-03-17,simulated
Escola Estadual Criança Esperança,Geografia,Professor_Diego,dc9a95b5ba8bb57ac1e73ab7f8c125406ac4da1026d061aaf30426faf91b662f,Ruti da Costa Lima,Distraido,2026-03-17 10:49:32,2026-03-17 10:52:31,179.0,2026-03-17,simulated
Escola Estadual Criança Esperança,Geografia,Professor_Diego,dc9a95b5ba8bb57ac1e73ab7f8c125406ac4da1026d061aaf30426faf91b662f,Ruti da Costa Lima,Dormindo,2026-03-17 10:52:34,2026-03-17 10:56:04,210.0,2026-03-17,simulated
Escola Estadual Criança Esperança,Geografia,Professor_Diego,dc9a95b5ba8bb57ac1e73ab7f8c125406ac4da1026d061aaf30426faf91b662f,Ruti da Costa Lima,Agitado,2026-03-17 10:56:08,2026-03-17 10:56:55,47.0,2026-03-17,simulated
Escola Estadual Criança Esperança,Geografia,Professor_Diego,dc9a95b5ba8bb57ac1e73ab7f8c125406ac4da1026d061aaf30426faf91b662f,Ruti da Costa Lima,Dormindo,2026-03-17 10:56:56,2026-03-17 11:01:37,281.0,2026-03-17,simulated
Escola Estadual Criança Esperança,Geografia,Professor_Diego,dc9a95b5ba8bb57ac1e73ab7f8c125406ac4da1026d061aaf30426faf91b662f,Ruti da Costa Lima,Distraido,2026-03-17 11:01:44,2026-03-17 11:04:01,137.0,2026-03-17,simulated
Escola Estadual Criança Esperança,Geografia,Professor_Diego,dc9a95b5ba8bb57ac1e73ab7f8c125406ac4da1026d061aaf30426faf91b662f,Ruti da Costa Lima,Dormindo,2026-03-17 11:04:07,2026-03-17 11:05:23,76.0,2026-03-17,simulated
Escola Estadual Criança Esperança,Geografia,Professor_Diego,dc9a95b5ba8bb57ac1e73ab7f8c125406ac4da1026d061aaf30426faf91b662f,Ruti da Costa Lima,Atento,2026-03-17 11:05:26,2026-03-17 11:12:40,434.0,2026-03-17,simulated
Escola Estadual Criança Esperança,Geografia,Professor_Diego,dc9a95b5ba8bb57ac1e73ab7f8c125406ac4da1026d061aaf30426faf91b662f,Ruti da Costa Lima,Dormindo,2026-03-17 11:12:41,2026-03-17 11:15:02,141.0,2026-03-17,simulated
Escola Estadual Criança Esperança,Geografia,Professor_Diego,dc9a95b5ba8bb57ac1e73ab7f8c125406ac4da1026d061aaf30426faf91b662f,Ruti da Costa Lima,Atento,2026-03-17 11:15:10,2026-03-17 11:22:27,437.0,2026-03-17,simulated
Escola Estadual Criança Esperança,Geografia,Professor_Diego,dc9a95b5ba8bb57ac1e73ab7f8c125406ac4da1026d061aaf30426faf91b662f,Ruti da Costa Lima,Perguntando,2026-03-17 11:22:34,2026-03-17 11:23:08,34.0,2026-03-17,simulated
Escola Estadual Criança Esperança,Geografia,Professor_Diego,dc9a95b5ba8bb57ac1e73ab7f8c125406ac4da1026d061aaf30426faf91b662f,Ruti da Costa Lima,Dormindo,2026-03-17 11:23:16,2026-03-17 11:28:07,291.0,2026-03-17,simulated
Escola Estadual Criança Esperança,Geografia,Professor_Diego,dc9a95b5ba8bb57ac1e73ab7f8c125406ac4da1026d061aaf30426faf91b662f,Ruti da Costa Lima,Dormindo,2026-03-17 11:28:09,2026-03-17 11:32:29,260.0,2026-03-17,simulated
Escola Estadual Criança Esperança,Geografia,Professor_Diego,dc9a95b5ba8bb57ac1e73ab7f8c125406ac4da1026d061aaf30426faf91b662f,Ruti da Costa Lima,Perguntando,2026-03-17 11:32:33,2026-03-17 11:32:57,24.0,2026-03-17,simulated
Escola Estadual Criança Esperança,Geografia,Professor_Diego,dc9a95b5ba8bb57ac1e73ab7f8c125406ac4da1026d061aaf30426faf91b662f,Ruti da Costa Lima,Dormindo,2026-03-17 11:33:01,2026-03-17 11:37:19,258.0,2026-03-17,simulated
Escola Estadual Criança Esperança,Geografia,Professor_Diego,dc9a95b5ba8bb57ac1e73ab7f8c125406ac4da1026d061aaf30426faf91b662f,Ruti da Costa Lima,Perguntando,2026-03-17 11:37:24,2026-03-17 11:37:45,21.0,2026-03-17,simulated
Escola Estadual Criança Esperança,Geografia,Professor_Diego,dc9a95b5ba8bb57ac1e73ab7f8c125406ac4da1026d061aaf30426faf91b662f,Ruti da Costa Lima,Dormindo,2026-03-17 11:37:50,2026-03-17 11:42:15,265.0,2026-03-17,simulated
Escola Estadual Criança Esperança,Geografia,Professor_Diego,dc9a95b5ba8bb57ac1e73ab7f8c125406ac4da1026d061aaf30426faf91b662f,Ruti da Costa Lima,Perguntando,2026-03-17 11:42:19,2026-03-17 11:42:45,26.0,2026-03-17,simulated
Escola Estadual Criança Esperança,Geografia,Professor_Diego,dc9a95b5ba8bb57ac1e73ab7f8c125406ac4da1026d061aaf30426faf91b662f,Ruti da Costa Lima,Dormindo,2026-03-17 11:42:46,2026-03-17 11:43:58,72.0,2026-03-17,simulated
Escola Estadual Criança Esperança,Geografia,Professor_Diego,dc9a95b5ba8bb57ac1e73ab7f8c125406ac4da1026d061aaf30426faf91b662f,Ruti da Costa Lima,Distraido,2026-03-17 11:44:04,2026-03-17 11:46:00,116.0,2026-03-17,simulated
Escola Estadual Criança Esperança,Geografia,Professor_Diego,1f5624d608f5310226c28aebea723be5755bef49bd56f7361fb66357f10133e5,Paullo Geovanne,Atento,2026-03-17 08:08:00,2026-03-17 08:13:31,331.0,2026-03-17,simulated
Escola Estadual Criança Esperança,Geografia,Professor_Diego,1f5624d608f5310226c28aebea723be5755bef49bd56f7361fb66357f10133e5,Paullo Geovanne,Perguntando,2026-03-17 08:13:38,2026-03-17 08:13:58,20.0,2026-03-17,simulated
Escola Estadual Criança Esperança,Geografia,Professor_Diego,1f5624d608f5310226c28aebea723be5755bef49bd56f7361fb66357f10133e5,Paullo Geovanne,Atento,2026-03-17 08:14:01,2026-03-17 08:20:38,397.0,2026-03-17,simulated
Escola Estadual Criança Esperança,Geografia,Professor_Diego,1f5624d608f5310226c28aebea723be5755bef49bd56f7361fb66357f10133e5,Paullo Geovanne,Perguntando,2026-03-17 08:20:45,2026-03-17 08:21:15,30.0,2026-03-17,simulated
Escola Estadual Criança Esperança,Geografia,Professor_Diego,1f5624d608f5310226c28aebea723be5755bef49bd56f7361fb66357f10133e5,Paullo Geovanne,Atento,2026-03-17 08:21:16,2026-03-17 08:32:22,666.0,2026-03-17,simulated
Escola Estadual Criança Esperança,Geografia,Professor_Diego,1f5624d608f5310226c28aebea723be5755bef49bd56f7361fb66357f10133e5,Paullo Geovanne,Dormindo,2026-03-17 08:32:30,2026-03-17 08:35:58,208.0,2026-03-17,simulated
Escola Estadual Criança Esperança,Geografia,Professor_Diego,1f5624d608f5310226c28aebea723be5755bef49bd56f7361fb66357f10133e5,Paullo Geovanne,Atento,2026-03-17 08:36:06,2026-03-17 08:47:15,669.0,2026-03-17,simulated
Escola Estadual Criança Esperança,Geografia,Professor_Diego,1f5624d608f5310226c28aebea723be5755bef49bd56f7361fb66357f10133e5,Paullo Geovanne,Perguntando,2026-03-17 08:47:23,2026-03-17 08:47:44,21.0,2026-03-17,simulated
Escola Estadual Criança Esperança,Geografia,Professor_Diego,1f5624d608f5310226c28aebea723be5755bef49bd56f7361fb66357f10133e5,Paullo Geovanne,Atento,2026-03-17 08:47:46,2026-03-17 08:57:23,577.0,2026-03-17,simulated
Escola Estadual Criança Esperança,Geografia,Professor_Diego,1f5624d608f5310226c28aebea723be5755bef49bd56f7361fb66357f10133e5,Paullo Geovanne,Agitado,2026-03-17 08:57:23,2026-03-17 08:58:27,64.0,2026-03-17,simulated
Escola Estadual Criança Esperança,Geografia,Professor_Diego,1f5624d608f5310226c28aebea723be5755bef49bd56f7361fb66357f10133e5,Paullo Geovanne,Atento,2026-03-17 08:58:27,2026-03-17 09:06:13,466.0,2026-03-17,simulated
Escola Estadual Criança Esperança,Geografia,Professor_Diego,1f5624d608f5310226c28aebea723be5755bef49bd56f7361fb66357f10133e5,Paullo Geovanne,Agitado,2026-03-17 09:06:20,2026-03-17 09:07:01,41.0,2026-03-17,simulated
Escola Estadual Criança Esperança,Geografia,Professor_Diego,1f5624d608f5310226c28aebea723be5755bef49bd56f7361fb66357f10133e5,Paullo Geovanne,Atento,2026-03-17 09:07:07,2026-03-17 09:17:55,648.0,2026-03-17,simulated
Escola Estadual Criança Esperança,Geografia,Professor_Diego,1f5624d608f5310226c28aebea723be5755bef49bd56f7361fb66357f10133e5,Paullo Geovanne,Distraido,2026-03-17 09:18:02,2026-03-17 09:18:51,49.0,2026-03-17,simulated
Escola Estadual Criança Esperança,Geografia,Professor_Diego,1f5624d608f5310226c28aebea723be5755bef49bd56f7361fb66357f10133e5,Paullo Geovanne,Atento,2026-03-17 09:18:55,2026-03-17 09:30:38,703.0,2026-03-17,simulated
Escola Estadual Criança Esperança,Geografia,Professor_Diego,1f5624d608f5310226c28aebea723be5755bef49bd56f7361fb66357f10133e5,Paullo Geovanne,Perguntando,2026-03-17 09:30:41,2026-03-17 09:31:14,33.0,2026-03-17,simulated
Escola Estadual Criança Esperança,Geografia,Professor_Diego,1f5624d608f5310226c28aebea723be5755bef49bd56f7361fb66357f10133e5,Paullo Geovanne,Atento,2026-03-17 09:31:22,2026-03-17 09:37:20,358.0,2026-03-17,simulated
Escola Estadual Criança Esperança,Geografia,Professor_Diego,1f5624d608f5310226c28aebea723be5755bef49bd56f7361fb66357f10133e5,Paullo Geovanne,Atento,2026-03-17 09:37:22,2026-03-17 09:43:20,358.0,2026-03-17,simulated
Escola Estadual Criança Esperança,Geografia,Professor_Diego,1f5624d608f5310226c28aebea723be5755bef49bd56f7361fb66357f10133e5,Paullo Geovanne,Perguntando,2026-03-17 09:43:26,2026-03-17 09:44:05,39.0,2026-03-17,simulated
Escola Estadual Criança Esperança,Geografia,Professor_Diego,1f5624d608f5310226c28aebea723be5755bef49bd56f7361fb66357f10133e5,Paullo Geovanne,Atento,2026-03-17 09:44:06,2026-03-17 09:51:41,455.0,2026-03-17,simulated
Escola Estadual Criança Esperança,Geografia,Professor_Diego,1f5624d608f5310226c28aebea723be5755bef49bd56f7361fb66357f10133e5,Paullo Geovanne,Perguntando,2026-03-17 09:51:41,2026-03-17 09:52:21,40.0,2026-03-17,simulated
Escola Estadual Criança Esperança,Geografia,Professor_Diego,1f5624d608f5310226c28aebea723be5755bef49bd56f7361fb66357f10133e5,Paullo Geovanne,Atento,2026-03-17 09:52:21,2026-03-17 09:59:54,453.0,2026-03-17,simulated
Escola Estadual Criança Esperança,Geografia,Professor_Diego,1f5624d608f5310226c28aebea723be5755bef49bd56f7361fb66357f10133e5,Paullo Geovanne,Perguntando,2026-03-17 09:59:58,2026-03-17 10:00:28,30.0,2026-03-17,simulated
Escola Estadual Criança Esperança,Geografia,Professor_Diego,1f5624d608f5310226c28aebea723be5755bef49bd56f7361fb66357f10133e5,Paullo Geovanne,Atento,2026-03-17 10:00:28,2026-03-17 10:10:13,585.0,2026-03-17,simulated
Escola Estadual Criança Esperança,Geografia,Professor_Diego,1f5624d608f5310226c28aebea723be5755bef49bd56f7361fb66357f10133e5,Paullo Geovanne,Atento,2026-03-17 10:10:18,2026-03-17 10:20:45,627.0,2026-03-17,simulated
Escola Estadual Criança Esperança,Geografia,Professor_Diego,1f5624d608f5310226c28aebea723be5755bef49bd56f7361fb66357f10133e5,Paullo Geovanne,Perguntando,2026-03-17 10:20:50,2026-03-17 10:21:01,11.0,2026-03-17,simulated
Escola Estadual Criança Esperança,Geografia,Professor_Diego,1f5624d608f5310226c28aebea723be5755bef49bd56f7361fb66357f10133e5,Paullo Geovanne,Atento,2026-03-17 10:21:04,2026-03-17 10:30:00,536.0,2026-03-17,simulated
Escola Estadual Criança Esperança,Geografia,Professor_Diego,1f5624d608f5310226c28aebea723be5755bef49bd56f7361fb66357f10133e5,Paullo Geovanne,Perguntando,2026-03-17 10:30:03,2026-03-17 10:30:32,29.0,2026-03-17,simulated
Escola Estadual Criança Esperança,Geografia,Professor_Diego,1f5624d608f5310226c28aebea723be5755bef49bd56f7361fb66357f10133e5,Paullo Geovanne,Distraido,2026-03-17 10:30:33,2026-03-17 10:32:28,115.0,2026-03-17,simulated
Escola Estadual Criança Esperança,Geografia,Professor_Diego,1f5624d608f5310226c28aebea723be5755bef49bd56f7361fb66357f10133e5,Paullo Geovanne,Atento,2026-03-17 10:32:29,2026-03-17 10:41:20,531.0,2026-03-17,simulated
Escola Estadual Criança Esperança,Geografia,Professor_Diego,1f5624d608f5310226c28aebea723be5755bef49bd56f7361fb66357f10133e5,Paullo Geovanne,Agitado,2026-03-17 10:41:24,2026-03-17 10:42:43,79.0,2026-03-17,simulated
Escola Estadual Criança Esperança,Geografia,Professor_Diego,1f5624d608f5310226c28aebea723be5755bef49bd56f7361fb66357f10133e5,Paullo Geovanne,Atento,2026-03-17 10:42:46,2026-03-17 10:51:18,512.0,2026-03-17,simulated
Escola Estadual Criança Esperança,Geografia,Professor_Diego,1f5624d608f5310226c28aebea723be5755bef49bd56f7361fb66357f10133e5,Paullo Geovanne,Perguntando,2026-03-17 10:51:20,2026-03-17 10:51:49,29.0,2026-03-17,simulated
Escola Estadual Criança Esperança,Geografia,Professor_Diego,1f5624d608f5310226c28aebea723be5755bef49bd56f7361fb66357f10133e5,Paullo Geovanne,Atento,2026-03-17 10:51:53,2026-03-17 10:57:52,359.0,2026-03-17,simulated
Escola Estadual Criança Esperança,Geografia,Professor_Diego,1f5624d608f5310226c28aebea723be5755bef49bd56f7361fb66357f10133e5,Paullo Geovanne,Agitado,2026-03-17 10:58:00,2026-03-17 10:59:09,69.0,2026-03-17,simulated
Escola Estadual Criança Esperança,Geografia,Professor_Diego,1f5624d608f5310226c28aebea723be5755bef49bd56f7361fb66357f10133e5,Paullo Geovanne,Atento,2026-03-17 10:59:09,2026-03-17 11:05:35,386.0,2026-03-17,simulated
Escola Estadual Criança Esperança,Geografia,Professor_Diego,1f5624d608f5310226c28aebea723be5755bef49bd56f7361fb66357f10133e5,Paullo Geovanne,Agitado,2026-03-17 11:05:38,2026-03-17 11:06:29,51.0,2026-03-17,simulated
Escola Estadual Criança Esperança,Geografia,Professor_Diego,1f5624d608f5310226c28aebea723be5755bef49bd56f7361fb66357f10133e5,Paullo Geovanne,Atento,2026-03-17 11:06:37,2026-03-17 11:14:38,481.0,2026-03-17,simulated
Escola Estadual Criança Esperança,Geografia,Professor_Diego,1f5624d608f5310226c28aebea723be5755bef49bd56f7361fb66357f10133e5,Paullo Geovanne,Agitado,2026-03-17 11:14:46,2026-03-17 11:15:43,57.0,2026-03-17,simulated
Escola Estadual Criança Esperança,Geografia,Professor_Diego,1f5624d608f5310226c28aebea723be5755bef49bd56f7361fb66357f10133e5,Paullo Geovanne,Perguntando,2026-03-17 11:15:49,2026-03-17 11:16:10,21.0,2026-03-17,simulated
Escola Estadual Criança Esperança,Geografia,Professor_Diego,1f5624d608f5310226c28aebea723be5755bef49bd56f7361fb66357f10133e5,Paullo Geovanne,Atento,2026-03-17 11:16:13,2026-03-17 11:22:03,350.0,2026-03-17,simulated
Escola Estadual Criança Esperança,Geografia,Professor_Diego,1f5624d608f5310226c28aebea723be5755bef49bd56f7361fb66357f10133e5,Paullo Geovanne,Perguntando,2026-03-17 11:22:08,2026-03-17 11:22:46,38.0,2026-03-17,simulated
Escola Estadual Criança Esperança,Geografia,Professor_Diego,1f5624d608f5310226c28aebea723be5755bef49bd56f7361fb66357f10133e5,Paullo Geovanne,Distraido,2026-03-17 11:22:50,2026-03-17 11:25:28,158.0,2026-03-17,simulated
Escola Estadual Criança Esperança,Geografia,Professor_Diego,1f5624d608f5310226c28aebea723be5755bef49bd56f7361fb66357f10133e5,Paullo Geovanne,Atento,2026-03-17 11:25:35,2026-03-17 11:35:11,576.0,2026-03-17,simulated
Escola Estadual Criança Esperança,Geografia,Professor_Diego,1f5624d608f5310226c28aebea723be5755bef49bd56f7361fb66357f10133e5,Paullo Geovanne,Agitado,2026-03-17 11:35:14,2026-03-17 11:35:46,32.0,2026-03-17,simulated
Escola Estadual Criança Esperança,Geografia,Professor_Diego,1f5624d608f5310226c28aebea723be5755bef49bd56f7361fb66357f10133e5,Paullo Geovanne,Atento,2026-03-17 11:35:49,2026-03-17 11:41:15,326.0,2026-03-17,simulated
Escola Estadual Criança Esperança,Geografia,Professor_Diego,1f5624d608f5310226c28aebea723be5755bef49bd56f7361fb66357f10133e5,Paullo Geovanne,Perguntando,2026-03-17 11:41:18,2026-03-17 11:41:37,19.0,2026-03-17,simulated
Escola Estadual Criança Esperança,Geografia,Professor_Diego,1f5624d608f5310226c28aebea723be5755bef49bd56f7361fb66357f10133e5,Paullo Geovanne,Agitado,2026-03-17 11:41:45,2026-03-17 11:43:10,85.0,2026-03-17,simulated
Escola Estadual Criança Esperança,Geografia,Professor_Diego,1f5624d608f5310226c28aebea723be5755bef49bd56f7361fb66357f10133e5,Paullo Geovanne,Atento,2026-03-17 11:43:17,2026-03-17 11:48:00,283.0,2026-03-17,simulated
Escola Estadual Criança Esperança,Geografia,Professor_Diego,1dd437c73ff9fac4d9f9c9c4ba29924a8d14d31aa348772e1944c31cacebce98,Thiago Campos,Perguntando,2026-03-17 08:10:00,2026-03-17 08:10:24,24.0,2026-03-17,simulated
Escola Estadual Criança Esperança,Geografia,Professor_Diego,1dd437c73ff9fac4d9f9c9c4ba29924a8d14d31aa348772e1944c31cacebce98,Thiago Campos,Atento,2026-03-17 08:10:30,2026-03-17 08:21:06,636.0,2026-03-17,simulated
Escola Estadual Criança Esperança,Geografia,Professor_Diego,1dd437c73ff9fac4d9f9c9c4ba29924a8d14d31aa348772e1944c31cacebce98,Thiago Campos,Distraido,2026-03-17 08:21:12,2026-03-17 08:22:16,64.0,2026-03-17,simulated
Escola Estadual Criança Esperança,Geografia,Professor_Diego,1dd437c73ff9fac4d9f9c9c4ba29924a8d14d31aa348772e1944c31cacebce98,Thiago Campos,Perguntando,2026-03-17 08:22:16,2026-03-17 08:22:27,11.0,2026-03-17,simulated
Escola Estadual Criança Esperança,Geografia,Professor_Diego,1dd437c73ff9fac4d9f9c9c4ba29924a8d14d31aa348772e1944c31cacebce98,Thiago Campos,Agitado,2026-03-17 08:22:34,2026-03-17 08:23:24,50.0,2026-03-17,simulated
Escola Estadual Criança Esperança,Geografia,Professor_Diego,1dd437c73ff9fac4d9f9c9c4ba29924a8d14d31aa348772e1944c31cacebce98,Thiago Campos,Atento,2026-03-17 08:23:32,2026-03-17 08:35:22,710.0,2026-03-17,simulated
Escola Estadual Criança Esperança,Geografia,Professor_Diego,1dd437c73ff9fac4d9f9c9c4ba29924a8d14d31aa348772e1944c31cacebce98,Thiago Campos,Perguntando,2026-03-17 08:35:27,2026-03-17 08:35:53,26.0,2026-03-17,simulated
Escola Estadual Criança Esperança,Geografia,Professor_Diego,1dd437c73ff9fac4d9f9c9c4ba29924a8d14d31aa348772e1944c31cacebce98,Thiago Campos,Atento,2026-03-17 08:35:58,2026-03-17 08:46:15,617.0,2026-03-17,simulated
Escola Estadual Criança Esperança,Geografia,Professor_Diego,1dd437c73ff9fac4d9f9c9c4ba29924a8d14d31aa348772e1944c31cacebce98,Thiago Campos,Perguntando,2026-03-17 08:46:15,2026-03-17 08:46:26,11.0,2026-03-17,simulated
Escola Estadual Criança Esperança,Geografia,Professor_Diego,1dd437c73ff9fac4d9f9c9c4ba29924a8d14d31aa348772e1944c31cacebce98,Thiago Campos,Atento,2026-03-17 08:46:32,2026-03-17 08:54:26,474.0,2026-03-17,simulated
Escola Estadual Criança Esperança,Geografia,Professor_Diego,1dd437c73ff9fac4d9f9c9c4ba29924a8d14d31aa348772e1944c31cacebce98,Thiago Campos,Perguntando,2026-03-17 08:54:30,2026-03-17 08:55:09,39.0,2026-03-17,simulated
Escola Estadual Criança Esperança,Geografia,Professor_Diego,1dd437c73ff9fac4d9f9c9c4ba29924a8d14d31aa348772e1944c31cacebce98,Thiago Campos,Distraido,2026-03-17 08:55:15,2026-03-17 08:57:46,151.0,2026-03-17,simulated
Escola Estadual Criança Esperança,Geografia,Professor_Diego,1dd437c73ff9fac4d9f9c9c4ba29924a8d14d31aa348772e1944c31cacebce98,Thiago Campos,Perguntando,2026-03-17 08:57:49,2026-03-17 08:58:23,34.0,2026-03-17,simulated
Escola Estadual Criança Esperança,Geografia,Professor_Diego,1dd437c73ff9fac4d9f9c9c4ba29924a8d14d31aa348772e1944c31cacebce98,Thiago Campos,Distraido,2026-03-17 08:58:24,2026-03-17 09:00:11,107.0,2026-03-17,simulated
Escola Estadual Criança Esperança,Geografia,Professor_Diego,1dd437c73ff9fac4d9f9c9c4ba29924a8d14d31aa348772e1944c31cacebce98,Thiago Campos,Atento,2026-03-17 09:00:18,2026-03-17 09:08:48,510.0,2026-03-17,simulated
Escola Estadual Criança Esperança,Geografia,Professor_Diego,1dd437c73ff9fac4d9f9c9c4ba29924a8d14d31aa348772e1944c31cacebce98,Thiago Campos,Perguntando,2026-03-17 09:08:56,2026-03-17 09:09:27,31.0,2026-03-17,simulated
Escola Estadual Criança Esperança,Geografia,Professor_Diego,1dd437c73ff9fac4d9f9c9c4ba29924a8d14d31aa348772e1944c31cacebce98,Thiago Campos,Atento,2026-03-17 09:09:32,2026-03-17 09:18:52,560.0,2026-03-17,simulated
Escola Estadual Criança Esperança,Geografia,Professor_Diego,1dd437c73ff9fac4d9f9c9c4ba29924a8d14d31aa348772e1944c31cacebce98,Thiago Campos,Perguntando,2026-03-17 09:18:54,2026-03-17 09:19:29,35.0,2026-03-17,simulated
Escola Estadual Criança Esperança,Geografia,Professor_Diego,1dd437c73ff9fac4d9f9c9c4ba29924a8d14d31aa348772e1944c31cacebce98,Thiago Campos,Atento,2026-03-17 09:19:36,2026-03-17 09:25:07,331.0,2026-03-17,simulated
Escola Estadual Criança Esperança,Geografia,Professor_Diego,1dd437c73ff9fac4d9f9c9c4ba29924a8d14d31aa348772e1944c31cacebce98,Thiago Campos,Distraido,2026-03-17 09:25:08,2026-03-17 09:26:40,92.0,2026-03-17,simulated
Escola Estadual Criança Esperança,Geografia,Professor_Diego,1dd437c73ff9fac4d9f9c9c4ba29924a8d14d31aa348772e1944c31cacebce98,Thiago Campos,Atento,2026-03-17 09:26:44,2026-03-17 09:35:41,537.0,2026-03-17,simulated
Escola Estadual Criança Esperança,Geografia,Professor_Diego,1dd437c73ff9fac4d9f9c9c4ba29924a8d14d31aa348772e1944c31cacebce98,Thiago Campos,Perguntando,2026-03-17 09:35:47,2026-03-17 09:36:22,35.0,2026-03-17,simulated
Escola Estadual Criança Esperança,Geografia,Professor_Diego,1dd437c73ff9fac4d9f9c9c4ba29924a8d14d31aa348772e1944c31cacebce98,Thiago Campos,Distraido,2026-03-17 09:36:26,2026-03-17 09:38:20,114.0,2026-03-17,simulated
Escola Estadual Criança Esperança,Geografia,Professor_Diego,1dd437c73ff9fac4d9f9c9c4ba29924a8d14d31aa348772e1944c31cacebce98,Thiago Campos,Atento,2026-03-17 09:38:27,2026-03-17 09:48:41,614.0,2026-03-17,simulated
Escola Estadual Criança Esperança,Geografia,Professor_Diego,1dd437c73ff9fac4d9f9c9c4ba29924a8d14d31aa348772e1944c31cacebce98,Thiago Campos,Perguntando,2026-03-17 09:48:49,2026-03-17 09:49:15,26.0,2026-03-17,simulated
Escola Estadual Criança Esperança,Geografia,Professor_Diego,1dd437c73ff9fac4d9f9c9c4ba29924a8d14d31aa348772e1944c31cacebce98,Thiago Campos,Atento,2026-03-17 09:49:15,2026-03-17 10:00:46,691.0,2026-03-17,simulated
Escola Estadual Criança Esperança,Geografia,Professor_Diego,1dd437c73ff9fac4d9f9c9c4ba29924a8d14d31aa348772e1944c31cacebce98,Thiago Campos,Perguntando,2026-03-17 10:00:47,2026-03-17 10:01:08,21.0,2026-03-17,simulated
Escola Estadual Criança Esperança,Geografia,Professor_Diego,1dd437c73ff9fac4d9f9c9c4ba29924a8d14d31aa348772e1944c31cacebce98,Thiago Campos,Dormindo,2026-03-17 10:01:15,2026-03-17 10:03:24,129.0,2026-03-17,simulated
Escola Estadual Criança Esperança,Geografia,Professor_Diego,1dd437c73ff9fac4d9f9c9c4ba29924a8d14d31aa348772e1944c31cacebce98,Thiago Campos,Agitado,2026-03-17 10:03:26,2026-03-17 10:04:49,83.0,2026-03-17,simulated
Escola Estadual Criança Esperança,Geografia,Professor_Diego,1dd437c73ff9fac4d9f9c9c4ba29924a8d14d31aa348772e1944c31cacebce98,Thiago Campos,Perguntando,2026-03-17 10:04:51,2026-03-17 10:05:14,23.0,2026-03-17,simulated
Escola Estadual Criança Esperança,Geografia,Professor_Diego,1dd437c73ff9fac4d9f9c9c4ba29924a8d14d31aa348772e1944c31cacebce98,Thiago Campos,Atento,2026-03-17 10:05:16,2026-03-17 10:12:28,432.0,2026-03-17,simulated
Escola Estadual Criança Esperança,Geografia,Professor_Diego,1dd437c73ff9fac4d9f9c9c4ba29924a8d14d31aa348772e1944c31cacebce98,Thiago Campos,Perguntando,2026-03-17 10:12:36,2026-03-17 10:13:11,35.0,2026-03-17,simulated
Escola Estadual Criança Esperança,Geografia,Professor_Diego,1dd437c73ff9fac4d9f9c9c4ba29924a8d14d31aa348772e1944c31cacebce98,Thiago Campos,Atento,2026-03-17 10:13:13,2026-03-17 10:20:23,430.0,2026-03-17,simulated
Escola Estadual Criança Esperança,Geografia,Professor_Diego,1dd437c73ff9fac4d9f9c9c4ba29924a8d14d31aa348772e1944c31cacebce98,Thiago Campos,Distraido,2026-03-17 10:20:31,2026-03-17 10:21:59,88.0,2026-03-17,simulated
Escola Estadual Criança Esperança,Geografia,Professor_Diego,1dd437c73ff9fac4d9f9c9c4ba29924a8d14d31aa348772e1944c31cacebce98,Thiago Campos,Atento,2026-03-17 10:22:04,2026-03-17 10:28:43,399.0,2026-03-17,simulated
Escola Estadual Criança Esperança,Geografia,Professor_Diego,1dd437c73ff9fac4d9f9c9c4ba29924a8d14d31aa348772e1944c31cacebce98,Thiago Campos,Perguntando,2026-03-17 10:28:46,2026-03-17 10:29:22,36.0,2026-03-17,simulated
Escola Estadual Criança Esperança,Geografia,Professor_Diego,1dd437c73ff9fac4d9f9c9c4ba29924a8d14d31aa348772e1944c31cacebce98,Thiago Campos,Atento,2026-03-17 10:29:26,2026-03-17 10:38:43,557.0,2026-03-17,simulated
Escola Estadual Criança Esperança,Geografia,Professor_Diego,1dd437c73ff9fac4d9f9c9c4ba29924a8d14d31aa348772e1944c31cacebce98,Thiago Campos,Perguntando,2026-03-17 10:38:46,2026-03-17 10:38:58,12.0,2026-03-17,simulated
Escola Estadual Criança Esperança,Geografia,Professor_Diego,1dd437c73ff9fac4d9f9c9c4ba29924a8d14d31aa348772e1944c31cacebce98,Thiago Campos,Distraido,2026-03-17 10:39:03,2026-03-17 10:40:17,74.0,2026-03-17,simulated
Escola Estadual Criança Esperança,Geografia,Professor_Diego,1dd437c73ff9fac4d9f9c9c4ba29924a8d14d31aa348772e1944c31cacebce98,Thiago Campos,Atento,2026-03-17 10:40:18,2026-03-17 10:48:32,494.0,2026-03-17,simulated
Escola Estadual Criança Esperança,Geografia,Professor_Diego,1dd437c73ff9fac4d9f9c9c4ba29924a8d14d31aa348772e1944c31cacebce98,Thiago Campos,Perguntando,2026-03-17 10:48:40,2026-03-17 10:49:10,30.0,2026-03-17,simulated
Escola Estadual Criança Esperança,Geografia,Professor_Diego,1dd437c73ff9fac4d9f9c9c4ba29924a8d14d31aa348772e1944c31cacebce98,Thiago Campos,Atento,2026-03-17 10:49:15,2026-03-17 10:55:16,361.0,2026-03-17,simulated
Escola Estadual Criança Esperança,Geografia,Professor_Diego,1dd437c73ff9fac4d9f9c9c4ba29924a8d14d31aa348772e1944c31cacebce98,Thiago Campos,Agitado,2026-03-17 10:55:24,2026-03-17 10:56:13,49.0,2026-03-17,simulated
Escola Estadual Criança Esperança,Geografia,Professor_Diego,1dd437c73ff9fac4d9f9c9c4ba29924a8d14d31aa348772e1944c31cacebce98,Thiago Campos,Atento,2026-03-17 10:56:20,2026-03-17 11:08:09,709.0,2026-03-17,simulated
Escola Estadual Criança Esperança,Geografia,Professor_Diego,1dd437c73ff9fac4d9f9c9c4ba29924a8d14d31aa348772e1944c31cacebce98,Thiago Campos,Perguntando,2026-03-17 11:08:13,2026-03-17 11:08:42,29.0,2026-03-17,simulated
Escola Estadual Criança Esperança,Geografia,Professor_Diego,1dd437c73ff9fac4d9f9c9c4ba29924a8d14d31aa348772e1944c31cacebce98,Thiago Campos,Atento,2026-03-17 11:08:45,2026-03-17 11:13:50,305.0,2026-03-17,simulated
Escola Estadual Criança Esperança,Geografia,Professor_Diego,1dd437c73ff9fac4d9f9c9c4ba29924a8d14d31aa348772e1944c31cacebce98,Thiago Campos,Perguntando,2026-03-17 11:13:51,2026-03-17 11:14:30,39.0,2026-03-17,simulated
Escola Estadual Criança Esperança,Geografia,Professor_Diego,1dd437c73ff9fac4d9f9c9c4ba29924a8d14d31aa348772e1944c31cacebce98,Thiago Campos,Atento,2026-03-17 11:14:36,2026-03-17 11:24:04,568.0,2026-03-17,simulated
Escola Estadual Criança Esperança,Geografia,Professor_Diego,1dd437c73ff9fac4d9f9c9c4ba29924a8d14d31aa348772e1944c31cacebce98,Thiago Campos,Perguntando,2026-03-17 11:24:06,2026-03-17 11:24:36,30.0,2026-03-17,simulated
Escola Estadual Criança Esperança,Geografia,Professor_Diego,1dd437c73ff9fac4d9f9c9c4ba29924a8d14d31aa348772e1944c31cacebce98,Thiago Campos,Distraido,2026-03-17 11:24:42,2026-03-17 11:25:52,70.0,2026-03-17,simulated
Escola Estadual Criança Esperança,Geografia,Professor_Diego,1dd437c73ff9fac4d9f9c9c4ba29924a8d14d31aa348772e1944c31cacebce98,Thiago Campos,Atento,2026-03-17 11:25:54,2026-03-17 11:34:31,517.0,2026-03-17,simulated
Escola Estadual Criança Esperança,Geografia,Professor_Diego,1dd437c73ff9fac4d9f9c9c4ba29924a8d14d31aa348772e1944c31cacebce98,Thiago Campos,Perguntando,2026-03-17 11:34:34,2026-03-17 11:35:13,39.0,2026-03-17,simulated
Escola Estadual Criança Esperança,Geografia,Professor_Diego,1dd437c73ff9fac4d9f9c9c4ba29924a8d14d31aa348772e1944c31cacebce98,Thiago Campos,Dormindo,2026-03-17 11:35:13,2026-03-17 11:37:06,113.0,2026-03-17,simulated
Escola Estadual Criança Esperança,Geografia,Professor_Diego,1dd437c73ff9fac4d9f9c9c4ba29924a8d14d31aa348772e1944c31cacebce98,Thiago Campos,Perguntando,2026-03-17 11:37:07,2026-03-17 11:37:20,13.0,2026-03-17,simulated
Escola Estadual Criança Esperança,Geografia,Professor_Diego,1dd437c73ff9fac4d9f9c9c4ba29924a8d14d31aa348772e1944c31cacebce98,Thiago Campos,Atento,2026-03-17 11:37:21,2026-03-17 11:47:59,638.0,2026-03-17,simulated
Escola Estadual Criança Esperança,Geografia,Professor_Diego,1dd437c73ff9fac4d9f9c9c4ba29924a8d14d31aa348772e1944c31cacebce98,Thiago Campos,Perguntando,2026-03-17 11:48:02,2026-03-17 11:48:30,28.0,2026-03-17,simulated
Escola Estadual Criança Esperança,Geografia,Professor_Diego,1dd437c73ff9fac4d9f9c9c4ba29924a8d14d31aa348772e1944c31cacebce98,Thiago Campos,Atento,2026-03-17 11:48:33,2026-03-17 11:50:00,87.0,2026-03-17,simulated
Escola Estadual Criança Esperança,Geografia,Professor_Diego,a281db1412a68e509731fb8e1e72fe47c8ea3e7c367d7d10cbb968feff7ac523,Paula Kamily,Distraido,2026-03-17 08:12:00,2026-03-17 08:13:33,93.0,2026-03-17,simulated
Escola Estadual Criança Esperança,Geografia,Professor_Diego,a281db1412a68e509731fb8e1e72fe47c8ea3e7c367d7d10cbb968feff7ac523,Paula Kamily,Dormindo,2026-03-17 08:13:39,2026-03-17 08:18:10,271.0,2026-03-17,simulated
Escola Estadual Criança Esperança,Geografia,Professor_Diego,a281db1412a68e509731fb8e1e72fe47c8ea3e7c367d7d10cbb968feff7ac523,Paula Kamily,Distraido,2026-03-17 08:18:16,2026-03-17 08:20:50,154.0,2026-03-17,simulated
Escola Estadual Criança Esperança,Geografia,Professor_Diego,a281db1412a68e509731fb8e1e72fe47c8ea3e7c367d7d10cbb968feff7ac523,Paula Kamily,Agitado,2026-03-17 08:20:53,2026-03-17 08:21:43,50.0,2026-03-17,simulated
Escola Estadual Criança Esperança,Geografia,Professor_Diego,a281db1412a68e509731fb8e1e72fe47c8ea3e7c367d7d10cbb968feff7ac523,Paula Kamily,Distraido,2026-03-17 08:21:45,2026-03-17 08:22:52,67.0,2026-03-17,simulated
Escola Estadual Criança Esperança,Geografia,Professor_Diego,a281db1412a68e509731fb8e1e72fe47c8ea3e7c367d7d10cbb968feff7ac523,Paula Kamily,Atento,2026-03-17 08:22:57,2026-03-17 08:28:05,308.0,2026-03-17,simulated
Escola Estadual Criança Esperança,Geografia,Professor_Diego,a281db1412a68e509731fb8e1e72fe47c8ea3e7c367d7d10cbb968feff7ac523,Paula Kamily,Agitado,2026-03-17 08:28:07,2026-03-17 08:29:04,57.0,2026-03-17,simulated
Escola Estadual Criança Esperança,Geografia,Professor_Diego,a281db1412a68e509731fb8e1e72fe47c8ea3e7c367d7d10cbb968feff7ac523,Paula Kamily,Atento,2026-03-17 08:29:05,2026-03-17 08:34:06,301.0,2026-03-17,simulated
Escola Estadual Criança Esperança,Geografia,Professor_Diego,a281db1412a68e509731fb8e1e72fe47c8ea3e7c367d7d10cbb968feff7ac523,Paula Kamily,Distraido,2026-03-17 08:34:10,2026-03-17 08:36:14,124.0,2026-03-17,simulated
Escola Estadual Criança Esperança,Geografia,Professor_Diego,a281db1412a68e509731fb8e1e72fe47c8ea3e7c367d7d10cbb968feff7ac523,Paula Kamily,Agitado,2026-03-17 08:36:14,2026-03-17 08:37:22,68.0,2026-03-17,simulated
Escola Estadual Criança Esperança,Geografia,Professor_Diego,a281db1412a68e509731fb8e1e72fe47c8ea3e7c367d7d10cbb968feff7ac523,Paula Kamily,Atento,2026-03-17 08:37:23,2026-03-17 08:47:31,608.0,2026-03-17,simulated
Escola Estadual Criança Esperança,Geografia,Professor_Diego,a281db1412a68e509731fb8e1e72fe47c8ea3e7c367d7d10cbb968feff7ac523,Paula Kamily,Agitado,2026-03-17 08:47:35,2026-03-17 08:48:07,32.0,2026-03-17,simulated
Escola Estadual Criança Esperança,Geografia,Professor_Diego,a281db1412a68e509731fb8e1e72fe47c8ea3e7c367d7d10cbb968feff7ac523,Paula Kamily,Atento,2026-03-17 08:48:14,2026-03-17 08:57:52,578.0,2026-03-17,simulated
Escola Estadual Criança Esperança,Geografia,Professor_Diego,a281db1412a68e509731fb8e1e72fe47c8ea3e7c367d7d10cbb968feff7ac523,Paula Kamily,Agitado,2026-03-17 08:57:54,2026-03-17 08:58:41,47.0,2026-03-17,simulated
Escola Estadual Criança Esperança,Geografia,Professor_Diego,a281db1412a68e509731fb8e1e72fe47c8ea3e7c367d7d10cbb968feff7ac523,Paula Kamily,Atento,2026-03-17 08:58:41,2026-03-17 09:09:23,642.0,2026-03-17,simulated
Escola Estadual Criança Esperança,Geografia,Professor_Diego,a281db1412a68e509731fb8e1e72fe47c8ea3e7c367d7d10cbb968feff7ac523,Paula Kamily,Agitado,2026-03-17 09:09:24,2026-03-17 09:09:54,30.0,2026-03-17,simulated
Escola Estadual Criança Esperança,Geografia,Professor_Diego,a281db1412a68e509731fb8e1e72fe47c8ea3e7c367d7d10cbb968feff7ac523,Paula Kamily,Distraido,2026-03-17 09:10:01,2026-03-17 09:12:13,132.0,2026-03-17,simulated
Escola Estadual Criança Esperança,Geografia,Professor_Diego,a281db1412a68e509731fb8e1e72fe47c8ea3e7c367d7d10cbb968feff7ac523,Paula Kamily,Atento,2026-03-17 09:12:21,2026-03-17 09:24:01,700.0,2026-03-17,simulated
Escola Estadual Criança Esperança,Geografia,Professor_Diego,a281db1412a68e509731fb8e1e72fe47c8ea3e7c367d7d10cbb968feff7ac523,Paula Kamily,Perguntando,2026-03-17 09:24:09,2026-03-17 09:24:23,14.0,2026-03-17,simulated
Escola Estadual Criança Esperança,Geografia,Professor_Diego,a281db1412a68e509731fb8e1e72fe47c8ea3e7c367d7d10cbb968feff7ac523,Paula Kamily,Distraido,2026-03-17 09:24:31,2026-03-17 09:26:47,136.0,2026-03-17,simulated
Escola Estadual Criança Esperança,Geografia,Professor_Diego,a281db1412a68e509731fb8e1e72fe47c8ea3e7c367d7d10cbb968feff7ac523,Paula Kamily,Dormindo,2026-03-17 09:26:53,2026-03-17 09:29:06,133.0,2026-03-17,simulated
Escola Estadual Criança Esperança,Geografia,Professor_Diego,a281db1412a68e509731fb8e1e72fe47c8ea3e7c367d7d10cbb968feff7ac523,Paula Kamily,Atento,2026-03-17 09:29:12,2026-03-17 09:39:11,599.0,2026-03-17,simulated
Escola Estadual Criança Esperança,Geografia,Professor_Diego,a281db1412a68e509731fb8e1e72fe47c8ea3e7c367d7d10cbb968feff7ac523,Paula Kamily,Distraido,2026-03-17 09:39:16,2026-03-17 09:41:26,130.0,2026-03-17,simulated
Escola Estadual Criança Esperança,Geografia,Professor_Diego,a281db1412a68e509731fb8e1e72fe47c8ea3e7c367d7d10cbb968feff7ac523,Paula Kamily,Atento,2026-03-17 09:41:27,2026-03-17 09:46:53,326.0,2026-03-17,simulated
Escola Estadual Criança Esperança,Geografia,Professor_Diego,a281db1412a68e509731fb8e1e72fe47c8ea3e7c367d7d10cbb968feff7ac523,Paula Kamily,Agitado,2026-03-17 09:47:00,2026-03-17 09:48:20,80.0,2026-03-17,simulated
Escola Estadual Criança Esperança,Geografia,Professor_Diego,a281db1412a68e509731fb8e1e72fe47c8ea3e7c367d7d10cbb968feff7ac523,Paula Kamily,Dormindo,2026-03-17 09:48:22,2026-03-17 09:49:43,81.0,2026-03-17,simulated
Escola Estadual Criança Esperança,Geografia,Professor_Diego,a281db1412a68e509731fb8e1e72fe47c8ea3e7c367d7d10cbb968feff7ac523,Paula Kamily,Distraido,2026-03-17 09:49:43,2026-03-17 09:52:10,147.0,2026-03-17,simulated
Escola Estadual Criança Esperança,Geografia,Professor_Diego,a281db1412a68e509731fb8e1e72fe47c8ea3e7c367d7d10cbb968feff7ac523,Paula Kamily,Atento,2026-03-17 09:52:17,2026-03-17 09:59:57,460.0,2026-03-17,simulated
Escola Estadual Criança Esperança,Geografia,Professor_Diego,a281db1412a68e509731fb8e1e72fe47c8ea3e7c367d7d10cbb968feff7ac523,Paula Kamily,Perguntando,2026-03-17 10:00:01,2026-03-17 10:00:27,26.0,2026-03-17,simulated
Escola Estadual Criança Esperança,Geografia,Professor_Diego,a281db1412a68e509731fb8e1e72fe47c8ea3e7c367d7d10cbb968feff7ac523,Paula Kamily,Distraido,2026-03-17 10:00:30,2026-03-17 10:02:38,128.0,2026-03-17,simulated
Escola Estadual Criança Esperança,Geografia,Professor_Diego,a281db1412a68e509731fb8e1e72fe47c8ea3e7c367d7d10cbb968feff7ac523,Paula Kamily,Atento,2026-03-17 10:02:42,2026-03-17 10:08:32,350.0,2026-03-17,simulated
Escola Estadual Criança Esperança,Geografia,Professor_Diego,a281db1412a68e509731fb8e1e72fe47c8ea3e7c367d7d10cbb968feff7ac523,Paula Kamily,Distraido,2026-03-17 10:08:37,2026-03-17 10:10:00,83.0,2026-03-17,simulated
Escola Estadual Criança Esperança,Geografia,Professor_Diego,a281db1412a68e509731fb8e1e72fe47c8ea3e7c367d7d10cbb968feff7ac523,Paula Kamily,Dormindo,2026-03-17 10:10:08,2026-03-17 10:11:11,63.0,2026-03-17,simulated
Escola Estadual Criança Esperança,Geografia,Professor_Diego,a281db1412a68e509731fb8e1e72fe47c8ea3e7c367d7d10cbb968feff7ac523,Paula Kamily,Perguntando,2026-03-17 10:11:13,2026-03-17 10:11:48,35.0,2026-03-17,simulated
Escola Estadual Criança Esperança,Geografia,Professor_Diego,a281db1412a68e509731fb8e1e72fe47c8ea3e7c367d7d10cbb968feff7ac523,Paula Kamily,Distraido,2026-03-17 10:11:49,2026-03-17 10:12:37,48.0,2026-03-17,simulated
Escola Estadual Criança Esperança,Geografia,Professor_Diego,a281db1412a68e509731fb8e1e72fe47c8ea3e7c367d7d10cbb968feff7ac523,Paula Kamily,Dormindo,2026-03-17 10:12:45,2026-03-17 10:14:44,119.0,2026-03-17,simulated
Escola Estadual Criança Esperança,Geografia,Professor_Diego,a281db1412a68e509731fb8e1e72fe47c8ea3e7c367d7d10cbb968feff7ac523,Paula Kamily,Distraido,2026-03-17 10:14:45,2026-03-17 10:17:07,142.0,2026-03-17,simulated
Escola Estadual Criança Esperança,Geografia,Professor_Diego,a281db1412a68e509731fb8e1e72fe47c8ea3e7c367d7d10cbb968feff7ac523,Paula Kamily,Atento,2026-03-17 10:17:15,2026-03-17 10:28:23,668.0,2026-03-17,simulated
Escola Estadual Criança Esperança,Geografia,Professor_Diego,a281db1412a68e509731fb8e1e72fe47c8ea3e7c367d7d10cbb968feff7ac523,Paula Kamily,Distraido,2026-03-17 10:28:27,2026-03-17 10:29:27,60.0,2026-03-17,simulated
Escola Estadual Criança Esperança,Geografia,Professor_Diego,a281db1412a68e509731fb8e1e72fe47c8ea3e7c367d7d10cbb968feff7ac523,Paula Kamily,Agitado,2026-03-17 10:29:32,2026-03-17 10:30:45,73.0,2026-03-17,simulated
Escola Estadual Criança Esperança,Geografia,Professor_Diego,a281db1412a68e509731fb8e1e72fe47c8ea3e7c367d7d10cbb968feff7ac523,Paula Kamily,Perguntando,2026-03-17 10:30:52,2026-03-17 10:31:28,36.0,2026-03-17,simulated
Escola Estadual Criança Esperança,Geografia,Professor_Diego,a281db1412a68e509731fb8e1e72fe47c8ea3e7c367d7d10cbb968feff7ac523,Paula Kamily,Atento,2026-03-17 10:31:33,2026-03-17 10:41:44,611.0,2026-03-17,simulated
Escola Estadual Criança Esperança,Geografia,Professor_Diego,a281db1412a68e509731fb8e1e72fe47c8ea3e7c367d7d10cbb968feff7ac523,Paula Kamily,Agitado,2026-03-17 10:41:52,2026-03-17 10:42:33,41.0,2026-03-17,simulated
Escola Estadual Criança Esperança,Geografia,Professor_Diego,a281db1412a68e509731fb8e1e72fe47c8ea3e7c367d7d10cbb968feff7ac523,Paula Kamily,Distraido,2026-03-17 10:42:33,2026-03-17 10:45:27,174.0,2026-03-17,simulated
Escola Estadual Criança Esperança,Geografia,Professor_Diego,a281db1412a68e509731fb8e1e72fe47c8ea3e7c367d7d10cbb968feff7ac523,Paula Kamily,Atento,2026-03-17 10:45:33,2026-03-17 10:51:53,380.0,2026-03-17,simulated
Escola Estadual Criança Esperança,Geografia,Professor_Diego,a281db1412a68e509731fb8e1e72fe47c8ea3e7c367d7d10cbb968feff7ac523,Paula Kamily,Distraido,2026-03-17 10:51:56,2026-03-17 10:54:24,148.0,2026-03-17,simulated
Escola Estadual Criança Esperança,Geografia,Professor_Diego,a281db1412a68e509731fb8e1e72fe47c8ea3e7c367d7d10cbb968feff7ac523,Paula Kamily,Atento,2026-03-17 10:54:32,2026-03-17 11:06:06,694.0,2026-03-17,simulated
Escola Estadual Criança Esperança,Geografia,Professor_Diego,a281db1412a68e509731fb8e1e72fe47c8ea3e7c367d7d10cbb968feff7ac523,Paula Kamily,Distraido,2026-03-17 11:06:09,2026-03-17 11:07:26,77.0,2026-03-17,simulated
Escola Estadual Criança Esperança,Geografia,Professor_Diego,a281db1412a68e509731fb8e1e72fe47c8ea3e7c367d7d10cbb968feff7ac523,Paula Kamily,Atento,2026-03-17 11:07:32,2026-03-17 11:18:48,676.0,2026-03-17,simulated
Escola Estadual Criança Esperança,Geografia,Professor_Diego,a281db1412a68e509731fb8e1e72fe47c8ea3e7c367d7d10cbb968feff7ac523,Paula Kamily,Dormindo,2026-03-17 11:18:53,2026-03-17 11:20:58,125.0,2026-03-17,simulated
Escola Estadual Criança Esperança,Geografia,Professor_Diego,a281db1412a68e509731fb8e1e72fe47c8ea3e7c367d7d10cbb968feff7ac523,Paula Kamily,Agitado,2026-03-17 11:21:05,2026-03-17 11:22:17,72.0,2026-03-17,simulated
Escola Estadual Criança Esperança,Geografia,Professor_Diego,a281db1412a68e509731fb8e1e72fe47c8ea3e7c367d7d10cbb968feff7ac523,Paula Kamily,Distraido,2026-03-17 11:22:24,2026-03-17 11:23:32,68.0,2026-03-17,simulated
Escola Estadual Criança Esperança,Geografia,Professor_Diego,a281db1412a68e509731fb8e1e72fe47c8ea3e7c367d7d10cbb968feff7ac523,Paula Kamily,Atento,2026-03-17 11:23:32,2026-03-17 11:28:42,310.0,2026-03-17,simulated
Escola Estadual Criança Esperança,Geografia,Professor_Diego,a281db1412a68e509731fb8e1e72fe47c8ea3e7c367d7d10cbb968feff7ac523,Paula Kamily,Distraido,2026-03-17 11:28:43,2026-03-17 11:29:57,74.0,2026-03-17,simulated
Escola Estadual Criança Esperança,Geografia,Professor_Diego,a281db1412a68e509731fb8e1e72fe47c8ea3e7c367d7d10cbb968feff7ac523,Paula Kamily,Atento,2026-03-17 11:29:58,2026-03-17 11:39:18,560.0,2026-03-17,simulated
Escola Estadual Criança Esperança,Geografia,Professor_Diego,a281db1412a68e509731fb8e1e72fe47c8ea3e7c367d7d10cbb968feff7ac523,Paula Kamily,Distraido,2026-03-17 11:39:19,2026-03-17 11:41:42,143.0,2026-03-17,simulated
Escola Estadual Criança Esperança,Geografia,Professor_Diego,a281db1412a68e509731fb8e1e72fe47c8ea3e7c367d7d10cbb968feff7ac523,Paula Kamily,Atento,2026-03-17 11:41:42,2026-03-17 11:51:29,587.0,2026-03-17,simulated
Escola Estadual Criança Esperança,Geografia,Professor_Diego,a281db1412a68e509731fb8e1e72fe47c8ea3e7c367d7d10cbb968feff7ac523,Paula Kamily,Dormindo,2026-03-17 11:51:29,2026-03-17 11:52:00,31.0,2026-03-17,simulated
Escola Estadual Criança Esperança,Geografia,Professor_Diego,536dcd4eafc272cd6777ad15a7b067f4240b6b682361c6460b64398069ec87ac,Maria Eduarda,Dormindo,2026-03-17 08:14:00,2026-03-17 08:17:15,195.0,2026-03-17,simulated
Escola Estadual Criança Esperança,Geografia,Professor_Diego,536dcd4eafc272cd6777ad15a7b067f4240b6b682361c6460b64398069ec87ac,Maria Eduarda,Agitado,2026-03-17 08:17:23,2026-03-17 08:17:48,25.0,2026-03-17,simulated
Escola Estadual Criança Esperança,Geografia,Professor_Diego,536dcd4eafc272cd6777ad15a7b067f4240b6b682361c6460b64398069ec87ac,Maria Eduarda,Dormindo,2026-03-17 08:17:51,2026-03-17 08:20:40,169.0,2026-03-17,simulated
Escola Estadual Criança Esperança,Geografia,Professor_Diego,536dcd4eafc272cd6777ad15a7b067f4240b6b682361c6460b64398069ec87ac,Maria Eduarda,Distraido,2026-03-17 08:20:44,2026-03-17 08:23:29,165.0,2026-03-17,simulated
Escola Estadual Criança Esperança,Geografia,Professor_Diego,536dcd4eafc272cd6777ad15a7b067f4240b6b682361c6460b64398069ec87ac,Maria Eduarda,Dormindo,2026-03-17 08:23:32,2026-03-17 08:26:50,198.0,2026-03-17,simulated
Escola Estadual Criança Esperança,Geografia,Professor_Diego,536dcd4eafc272cd6777ad15a7b067f4240b6b682361c6460b64398069ec87ac,Maria Eduarda,Distraido,2026-03-17 08:26:52,2026-03-17 08:28:15,83.0,2026-03-17,simulated
Escola Estadual Criança Esperança,Geografia,Professor_Diego,536dcd4eafc272cd6777ad15a7b067f4240b6b682361c6460b64398069ec87ac,Maria Eduarda,Dormindo,2026-03-17 08:28:22,2026-03-17 08:30:25,123.0,2026-03-17,simulated
Escola Estadual Criança Esperança,Geografia,Professor_Diego,536dcd4eafc272cd6777ad15a7b067f4240b6b682361c6460b64398069ec87ac,Maria Eduarda,Distraido,2026-03-17 08:30:33,2026-03-17 08:32:17,104.0,2026-03-17,simulated
Escola Estadual Criança Esperança,Geografia,Professor_Diego,536dcd4eafc272cd6777ad15a7b067f4240b6b682361c6460b64398069ec87ac,Maria Eduarda,Atento,2026-03-17 08:32:17,2026-03-17 08:37:20,303.0,2026-03-17,simulated
Escola Estadual Criança Esperança,Geografia,Professor_Diego,536dcd4eafc272cd6777ad15a7b067f4240b6b682361c6460b64398069ec87ac,Maria Eduarda,Dormindo,2026-03-17 08:37:24,2026-03-17 08:41:26,242.0,2026-03-17,simulated
Escola Estadual Criança Esperança,Geografia,Professor_Diego,536dcd4eafc272cd6777ad15a7b067f4240b6b682361c6460b64398069ec87ac,Maria Eduarda,Atento,2026-03-17 08:41:29,2026-03-17 08:51:40,611.0,2026-03-17,simulated
Escola Estadual Criança Esperança,Geografia,Professor_Diego,536dcd4eafc272cd6777ad15a7b067f4240b6b682361c6460b64398069ec87ac,Maria Eduarda,Perguntando,2026-03-17 08:51:42,2026-03-17 08:52:18,36.0,2026-03-17,simulated
Escola Estadual Criança Esperança,Geografia,Professor_Diego,536dcd4eafc272cd6777ad15a7b067f4240b6b682361c6460b64398069ec87ac,Maria Eduarda,Distraido,2026-03-17 08:52:19,2026-03-17 08:53:36,77.0,2026-03-17,simulated
Escola Estadual Criança Esperança,Geografia,Professor_Diego,536dcd4eafc272cd6777ad15a7b067f4240b6b682361c6460b64398069ec87ac,Maria Eduarda,Dormindo,2026-03-17 08:53:38,2026-03-17 08:56:08,150.0,2026-03-17,simulated
Escola Estadual Criança Esperança,Geografia,Professor_Diego,536dcd4eafc272cd6777ad15a7b067f4240b6b682361c6460b64398069ec87ac,Maria Eduarda,Atento,2026-03-17 08:56:16,2026-03-17 09:05:46,570.0,2026-03-17,simulated
Escola Estadual Criança Esperança,Geografia,Professor_Diego,536dcd4eafc272cd6777ad15a7b067f4240b6b682361c6460b64398069ec87ac,Maria Eduarda,Dormindo,2026-03-17 09:05:52,2026-03-17 09:07:22,90.0,2026-03-17,simulated
Escola Estadual Criança Esperança,Geografia,Professor_Diego,536dcd4eafc272cd6777ad15a7b067f4240b6b682361c6460b64398069ec87ac,Maria Eduarda,Distraido,2026-03-17 09:07:28,2026-03-17 09:10:18,170.0,2026-03-17,simulated
Escola Estadual Criança Esperança,Geografia,Professor_Diego,536dcd4eafc272cd6777ad15a7b067f4240b6b682361c6460b64398069ec87ac,Maria Eduarda,Agitado,2026-03-17 09:10:19,2026-03-17 09:11:20,61.0,2026-03-17,simulated
Escola Estadual Criança Esperança,Geografia,Professor_Diego,536dcd4eafc272cd6777ad15a7b067f4240b6b682361c6460b64398069ec87ac,Maria Eduarda,Dormindo,2026-03-17 09:11:28,2026-03-17 09:15:43,255.0,2026-03-17,simulated
Escola Estadual Criança Esperança,Geografia,Professor_Diego,536dcd4eafc272cd6777ad15a7b067f4240b6b682361c6460b64398069ec87ac,Maria Eduarda,Agitado,2026-03-17 09:15:51,2026-03-17 09:17:02,71.0,2026-03-17,simulated
Escola Estadual Criança Esperança,Geografia,Professor_Diego,536dcd4eafc272cd6777ad15a7b067f4240b6b682361c6460b64398069ec87ac,Maria Eduarda,Dormindo,2026-03-17 09:17:10,2026-03-17 09:20:06,176.0,2026-03-17,simulated
Escola Estadual Criança Esperança,Geografia,Professor_Diego,536dcd4eafc272cd6777ad15a7b067f4240b6b682361c6460b64398069ec87ac,Maria Eduarda,Atento,2026-03-17 09:20:14,2026-03-17 09:26:12,358.0,2026-03-17,simulated
Escola Estadual Criança Esperança,Geografia,Professor_Diego,536dcd4eafc272cd6777ad15a7b067f4240b6b682361c6460b64398069ec87ac,Maria Eduarda,Dormindo,2026-03-17 09:26:16,2026-03-17 09:30:03,227.0,2026-03-17,simulated
Escola Estadual Criança Esperança,Geografia,Professor_Diego,536dcd4eafc272cd6777ad15a7b067f4240b6b682361c6460b64398069ec87ac,Maria Eduarda,Perguntando,2026-03-17 09:30:07,2026-03-17 09:30:36,29.0,2026-03-17,simulated
Escola Estadual Criança Esperança,Geografia,Professor_Diego,536dcd4eafc272cd6777ad15a7b067f4240b6b682361c6460b64398069ec87ac,Maria Eduarda,Dormindo,2026-03-17 09:30:41,2026-03-17 09:35:15,274.0,2026-03-17,simulated
Escola Estadual Criança Esperança,Geografia,Professor_Diego,536dcd4eafc272cd6777ad15a7b067f4240b6b682361c6460b64398069ec87ac,Maria Eduarda,Distraido,2026-03-17 09:35:18,2026-03-17 09:38:14,176.0,2026-03-17,simulated
Escola Estadual Criança Esperança,Geografia,Professor_Diego,536dcd4eafc272cd6777ad15a7b067f4240b6b682361c6460b64398069ec87ac,Maria Eduarda,Dormindo,2026-03-17 09:38:21,2026-03-17 09:41:42,201.0,2026-03-17,simulated
Escola Estadual Criança Esperança,Geografia,Professor_Diego,536dcd4eafc272cd6777ad15a7b067f4240b6b682361c6460b64398069ec87ac,Maria Eduarda,Atento,2026-03-17 09:41:50,2026-03-17 09:47:07,317.0,2026-03-17,simulated
Escola Estadual Criança Esperança,Geografia,Professor_Diego,536dcd4eafc272cd6777ad15a7b067f4240b6b682361c6460b64398069ec87ac,Maria Eduarda,Dormindo,2026-03-17 09:47:15,2026-03-17 09:49:37,142.0,2026-03-17,simulated
Escola Estadual Criança Esperança,Geografia,Professor_Diego,536dcd4eafc272cd6777ad15a7b067f4240b6b682361c6460b64398069ec87ac,Maria Eduarda,Atento,2026-03-17 09:49:45,2026-03-17 10:01:07,682.0,2026-03-17,simulated
Escola Estadual Criança Esperança,Geografia,Professor_Diego,536dcd4eafc272cd6777ad15a7b067f4240b6b682361c6460b64398069ec87ac,Maria Eduarda,Perguntando,2026-03-17 10:01:09,2026-03-17 10:01:21,12.0,2026-03-17,simulated
Escola Estadual Criança Esperança,Geografia,Professor_Diego,536dcd4eafc272cd6777ad15a7b067f4240b6b682361c6460b64398069ec87ac,Maria Eduarda,Dormindo,2026-03-17 10:01:21,2026-03-17 10:05:17,236.0,2026-03-17,simulated
Escola Estadual Criança Esperança,Geografia,Professor_Diego,536dcd4eafc272cd6777ad15a7b067f4240b6b682361c6460b64398069ec87ac,Maria Eduarda,Agitado,2026-03-17 10:05:25,2026-03-17 10:05:56,31.0,2026-03-17,simulated
Escola Estadual Criança Esperança,Geografia,Professor_Diego,536dcd4eafc272cd6777ad15a7b067f4240b6b682361c6460b64398069ec87ac,Maria Eduarda,Dormindo,2026-03-17 10:06:03,2026-03-17 10:07:23,80.0,2026-03-17,simulated
Escola Estadual Criança Esperança,Geografia,Professor_Diego,536dcd4eafc272cd6777ad15a7b067f4240b6b682361c6460b64398069ec87ac,Maria Eduarda,Perguntando,2026-03-17 10:07:23,2026-03-17 10:07:36,13.0,2026-03-17,simulated
Escola Estadual Criança Esperança,Geografia,Professor_Diego,536dcd4eafc272cd6777ad15a7b067f4240b6b682361c6460b64398069ec87ac,Maria Eduarda,Distraido,2026-03-17 10:07:36,2026-03-17 10:08:40,64.0,2026-03-17,simulated
Escola Estadual Criança Esperança,Geografia,Professor_Diego,536dcd4eafc272cd6777ad15a7b067f4240b6b682361c6460b64398069ec87ac,Maria Eduarda,Dormindo,2026-03-17 10:08:45,2026-03-17 10:11:01,136.0,2026-03-17,simulated
Escola Estadual Criança Esperança,Geografia,Professor_Diego,536dcd4eafc272cd6777ad15a7b067f4240b6b682361c6460b64398069ec87ac,Maria Eduarda,Distraido,2026-03-17 10:11:05,2026-03-17 10:12:14,69.0,2026-03-17,simulated
Escola Estadual Criança Esperança,Geografia,Professor_Diego,536dcd4eafc272cd6777ad15a7b067f4240b6b682361c6460b64398069ec87ac,Maria Eduarda,Atento,2026-03-17 10:12:15,2026-03-17 10:22:58,643.0,2026-03-17,simulated
Escola Estadual Criança Esperança,Geografia,Professor_Diego,536dcd4eafc272cd6777ad15a7b067f4240b6b682361c6460b64398069ec87ac,Maria Eduarda,Distraido,2026-03-17 10:23:00,2026-03-17 10:25:49,169.0,2026-03-17,simulated
Escola Estadual Criança Esperança,Geografia,Professor_Diego,536dcd4eafc272cd6777ad15a7b067f4240b6b682361c6460b64398069ec87ac,Maria Eduarda,Dormindo,2026-03-17 10:25:51,2026-03-17 10:28:03,132.0,2026-03-17,simulated
Escola Estadual Criança Esperança,Geografia,Professor_Diego,536dcd4eafc272cd6777ad15a7b067f4240b6b682361c6460b64398069ec87ac,Maria Eduarda,Perguntando,2026-03-17 10:28:03,2026-03-17 10:28:19,16.0,2026-03-17,simulated
Escola Estadual Criança Esperança,Geografia,Professor_Diego,536dcd4eafc272cd6777ad15a7b067f4240b6b682361c6460b64398069ec87ac,Maria Eduarda,Dormindo,2026-03-17 10:28:25,2026-03-17 10:29:42,77.0,2026-03-17,simulated
Escola Estadual Criança Esperança,Geografia,Professor_Diego,536dcd4eafc272cd6777ad15a7b067f4240b6b682361c6460b64398069ec87ac,Maria Eduarda,Perguntando,2026-03-17 10:29:48,2026-03-17 10:30:15,27.0,2026-03-17,simulated
Escola Estadual Criança Esperança,Geografia,Professor_Diego,536dcd4eafc272cd6777ad15a7b067f4240b6b682361c6460b64398069ec87ac,Maria Eduarda,Atento,2026-03-17 10:30:15,2026-03-17 10:41:35,680.0,2026-03-17,simulated
Escola Estadual Criança Esperança,Geografia,Professor_Diego,536dcd4eafc272cd6777ad15a7b067f4240b6b682361c6460b64398069ec87ac,Maria Eduarda,Dormindo,2026-03-17 10:41:40,2026-03-17 10:43:20,100.0,2026-03-17,simulated
Escola Estadual Criança Esperança,Geografia,Professor_Diego,536dcd4eafc272cd6777ad15a7b067f4240b6b682361c6460b64398069ec87ac,Maria Eduarda,Atento,2026-03-17 10:43:21,2026-03-17 10:51:41,500.0,2026-03-17,simulated
Escola Estadual Criança Esperança,Geografia,Professor_Diego,536dcd4eafc272cd6777ad15a7b067f4240b6b682361c6460b64398069ec87ac,Maria Eduarda,Dormindo,2026-03-17 10:51:49,2026-03-17 10:55:51,242.0,2026-03-17,simulated
Escola Estadual Criança Esperança,Geografia,Professor_Diego,536dcd4eafc272cd6777ad15a7b067f4240b6b682361c6460b64398069ec87ac,Maria Eduarda,Distraido,2026-03-17 10:55:52,2026-03-17 10:56:37,45.0,2026-03-17,simulated
Escola Estadual Criança Esperança,Geografia,Professor_Diego,536dcd4eafc272cd6777ad15a7b067f4240b6b682361c6460b64398069ec87ac,Maria Eduarda,Dormindo,2026-03-17 10:56:41,2026-03-17 10:58:23,102.0,2026-03-17,simulated
Escola Estadual Criança Esperança,Geografia,Professor_Diego,536dcd4eafc272cd6777ad15a7b067f4240b6b682361c6460b64398069ec87ac,Maria Eduarda,Atento,2026-03-17 10:58:31,2026-03-17 11:09:10,639.0,2026-03-17,simulated
Escola Estadual Criança Esperança,Geografia,Professor_Diego,536dcd4eafc272cd6777ad15a7b067f4240b6b682361c6460b64398069ec87ac,Maria Eduarda,Dormindo,2026-03-17 11:09:18,2026-03-17 11:13:36,258.0,2026-03-17,simulated
Escola Estadual Criança Esperança,Geografia,Professor_Diego,536dcd4eafc272cd6777ad15a7b067f4240b6b682361c6460b64398069ec87ac,Maria Eduarda,Perguntando,2026-03-17 11:13:36,2026-03-17 11:14:12,36.0,2026-03-17,simulated
Escola Estadual Criança Esperança,Geografia,Professor_Diego,536dcd4eafc272cd6777ad15a7b067f4240b6b682361c6460b64398069ec87ac,Maria Eduarda,Atento,2026-03-17 11:14:15,2026-03-17 11:22:29,494.0,2026-03-17,simulated
Escola Estadual Criança Esperança,Geografia,Professor_Diego,536dcd4eafc272cd6777ad15a7b067f4240b6b682361c6460b64398069ec87ac,Maria Eduarda,Distraido,2026-03-17 11:22:32,2026-03-17 11:23:29,57.0,2026-03-17,simulated
Escola Estadual Criança Esperança,Geografia,Professor_Diego,536dcd4eafc272cd6777ad15a7b067f4240b6b682361c6460b64398069ec87ac,Maria Eduarda,Atento,2026-03-17 11:23:30,2026-03-17 11:31:20,470.0,2026-03-17,simulated
Escola Estadual Criança Esperança,Geografia,Professor_Diego,536dcd4eafc272cd6777ad15a7b067f4240b6b682361c6460b64398069ec87ac,Maria Eduarda,Perguntando,2026-03-17 11:31:25,2026-03-17 11:31:53,28.0,2026-03-17,simulated
Escola Estadual Criança Esperança,Geografia,Professor_Diego,536dcd4eafc272cd6777ad15a7b067f4240b6b682361c6460b64398069ec87ac,Maria Eduarda,Dormindo,2026-03-17 11:31:55,2026-03-17 11:33:38,103.0,2026-03-17,simulated
Escola Estadual Criança Esperança,Geografia,Professor_Diego,536dcd4eafc272cd6777ad15a7b067f4240b6b682361c6460b64398069ec87ac,Maria Eduarda,Agitado,2026-03-17 11:33:42,2026-03-17 11:34:37,55.0,2026-03-17,simulated
Escola Estadual Criança Esperança,Geografia,Professor_Diego,536dcd4eafc272cd6777ad15a7b067f4240b6b682361c6460b64398069ec87ac,Maria Eduarda,Distraido,2026-03-17 11:34:44,2026-03-17 11:35:32,48.0,2026-03-17,simulated
Escola Estadual Criança Esperança,Geografia,Professor_Diego,536dcd4eafc272cd6777ad15a7b067f4240b6b682361c6460b64398069ec87ac,Maria Eduarda,Atento,2026-03-17 11:35:36,2026-03-17 11:47:36,720.0,2026-03-17,simulated
Escola Estadual Criança Esperança,Geografia,Professor_Diego,536dcd4eafc272cd6777ad15a7b067f4240b6b682361c6460b64398069ec87ac,Maria Eduarda,Dormindo,2026-03-17 11:47:40,2026-03-17 11:50:19,159.0,2026-03-17,simulated
Escola Estadual Criança Esperança,Geografia,Professor_Diego,536dcd4eafc272cd6777ad15a7b067f4240b6b682361c6460b64398069ec87ac,Maria Eduarda,Atento,2026-03-17 11:50:21,2026-03-17 11:54:00,219.0,2026-03-17,simulated
Escola Estadual Criança Esperança,Geografia,Professor_Diego,f1c5e8faebc9ab791d2c562bfd9fda99c4bc10d22e6beff1b40abc554f2000ac,Alice Nascimento Silva Lobo,Perguntando,2026-03-17 08:16:00,2026-03-17 08:16:15,15.0,2026-03-17,simulated
Escola Estadual Criança Esperança,Geografia,Professor_Diego,f1c5e8faebc9ab791d2c562bfd9fda99c4bc10d22e6beff1b40abc554f2000ac,Alice Nascimento Silva Lobo,Atento,2026-03-17 08:16:21,2026-03-17 08:25:42,561.0,2026-03-17,simulated
Escola Estadual Criança Esperança,Geografia,Professor_Diego,f1c5e8faebc9ab791d2c562bfd9fda99c4bc10d22e6beff1b40abc554f2000ac,Alice Nascimento Silva Lobo,Perguntando,2026-03-17 08:25:45,2026-03-17 08:26:07,22.0,2026-03-17,simulated
Escola Estadual Criança Esperança,Geografia,Professor_Diego,f1c5e8faebc9ab791d2c562bfd9fda99c4bc10d22e6beff1b40abc554f2000ac,Alice Nascimento Silva Lobo,Atento,2026-03-17 08:26:15,2026-03-17 08:36:10,595.0,2026-03-17,simulated
Escola Estadual Criança Esperança,Geografia,Professor_Diego,f1c5e8faebc9ab791d2c562bfd9fda99c4bc10d22e6beff1b40abc554f2000ac,Alice Nascimento Silva Lobo,Dormindo,2026-03-17 08:36:17,2026-03-17 08:41:03,286.0,2026-03-17,simulated
Escola Estadual Criança Esperança,Geografia,Professor_Diego,f1c5e8faebc9ab791d2c562bfd9fda99c4bc10d22e6beff1b40abc554f2000ac,Alice Nascimento Silva Lobo,Atento,2026-03-17 08:41:03,2026-03-17 08:48:44,461.0,2026-03-17,simulated
Escola Estadual Criança Esperança,Geografia,Professor_Diego,f1c5e8faebc9ab791d2c562bfd9fda99c4bc10d22e6beff1b40abc554f2000ac,Alice Nascimento Silva Lobo,Distraido,2026-03-17 08:48:45,2026-03-17 08:51:40,175.0,2026-03-17,simulated
Escola Estadual Criança Esperança,Geografia,Professor_Diego,f1c5e8faebc9ab791d2c562bfd9fda99c4bc10d22e6beff1b40abc554f2000ac,Alice Nascimento Silva Lobo,Atento,2026-03-17 08:51:45,2026-03-17 09:01:23,578.0,2026-03-17,simulated
Escola Estadual Criança Esperança,Geografia,Professor_Diego,f1c5e8faebc9ab791d2c562bfd9fda99c4bc10d22e6beff1b40abc554f2000ac,Alice Nascimento Silva Lobo,Atento,2026-03-17 09:01:23,2026-03-17 09:10:01,518.0,2026-03-17,simulated
Escola Estadual Criança Esperança,Geografia,Professor_Diego,f1c5e8faebc9ab791d2c562bfd9fda99c4bc10d22e6beff1b40abc554f2000ac,Alice Nascimento Silva Lobo,Agitado,2026-03-17 09:10:04,2026-03-17 09:11:26,82.0,2026-03-17,simulated
Escola Estadual Criança Esperança,Geografia,Professor_Diego,f1c5e8faebc9ab791d2c562bfd9fda99c4bc10d22e6beff1b40abc554f2000ac,Alice Nascimento Silva Lobo,Atento,2026-03-17 09:11:28,2026-03-17 09:20:11,523.0,2026-03-17,simulated
Escola Estadual Criança Esperança,Geografia,Professor_Diego,f1c5e8faebc9ab791d2c562bfd9fda99c4bc10d22e6beff1b40abc554f2000ac,Alice Nascimento Silva Lobo,Agitado,2026-03-17 09:20:13,2026-03-17 09:21:12,59.0,2026-03-17,simulated
Escola Estadual Criança Esperança,Geografia,Professor_Diego,f1c5e8faebc9ab791d2c562bfd9fda99c4bc10d22e6beff1b40abc554f2000ac,Alice Nascimento Silva Lobo,Perguntando,2026-03-17 09:21:15,2026-03-17 09:21:44,29.0,2026-03-17,simulated
Escola Estadual Criança Esperança,Geografia,Professor_Diego,f1c5e8faebc9ab791d2c562bfd9fda99c4bc10d22e6beff1b40abc554f2000ac,Alice Nascimento Silva Lobo,Atento,2026-03-17 09:21:48,2026-03-17 09:33:07,679.0,2026-03-17,simulated
Escola Estadual Criança Esperança,Geografia,Professor_Diego,f1c5e8faebc9ab791d2c562bfd9fda99c4bc10d22e6beff1b40abc554f2000ac,Alice Nascimento Silva Lobo,Perguntando,2026-03-17 09:33:13,2026-03-17 09:33:30,17.0,2026-03-17,simulated
Escola Estadual Criança Esperança,Geografia,Professor_Diego,f1c5e8faebc9ab791d2c562bfd9fda99c4bc10d22e6beff1b40abc554f2000ac,Alice Nascimento Silva Lobo,Atento,2026-03-17 09:33:35,2026-03-17 09:42:25,530.0,2026-03-17,simulated
Escola Estadual Criança Esperança,Geografia,Professor_Diego,f1c5e8faebc9ab791d2c562bfd9fda99c4bc10d22e6beff1b40abc554f2000ac,Alice Nascimento Silva Lobo,Atento,2026-03-17 09:42:25,2026-03-17 09:49:31,426.0,2026-03-17,simulated
Escola Estadual Criança Esperança,Geografia,Professor_Diego,f1c5e8faebc9ab791d2c562bfd9fda99c4bc10d22e6beff1b40abc554f2000ac,Alice Nascimento Silva Lobo,Agitado,2026-03-17 09:49:39,2026-03-17 09:50:52,73.0,2026-03-17,simulated
Escola Estadual Criança Esperança,Geografia,Professor_Diego,f1c5e8faebc9ab791d2c562bfd9fda99c4bc10d22e6beff1b40abc554f2000ac,Alice Nascimento Silva Lobo,Atento,2026-03-17 09:51:00,2026-03-17 10:00:33,573.0,2026-03-17,simulated
Escola Estadual Criança Esperança,Geografia,Professor_Diego,f1c5e8faebc9ab791d2c562bfd9fda99c4bc10d22e6beff1b40abc554f2000ac,Alice Nascimento Silva Lobo,Perguntando,2026-03-17 10:00:36,2026-03-17 10:00:46,10.0,2026-03-17,simulated
Escola Estadual Criança Esperança,Geografia,Professor_Diego,f1c5e8faebc9ab791d2c562bfd9fda99c4bc10d22e6beff1b40abc554f2000ac,Alice Nascimento Silva Lobo,Atento,2026-03-17 10:00:54,2026-03-17 10:08:02,428.0,2026-03-17,simulated
Escola Estadual Criança Esperança,Geografia,Professor_Diego,f1c5e8faebc9ab791d2c562bfd9fda99c4bc10d22e6beff1b40abc554f2000ac,Alice Nascimento Silva Lobo,Perguntando,2026-03-17 10:08:09,2026-03-17 10:08:26,17.0,2026-03-17,simulated
Escola Estadual Criança Esperança,Geografia,Professor_Diego,f1c5e8faebc9ab791d2c562bfd9fda99c4bc10d22e6beff1b40abc554f2000ac,Alice Nascimento Silva Lobo,Atento,2026-03-17 10:08:31,2026-03-17 10:13:31,300.0,2026-03-17,simulated
Escola Estadual Criança Esperança,Geografia,Professor_Diego,f1c5e8faebc9ab791d2c562bfd9fda99c4bc10d22e6beff1b40abc554f2000ac,Alice Nascimento Silva Lobo,Distraido,2026-03-17 10:13:32,2026-03-17 10:15:44,132.0,2026-03-17,simulated
Escola Estadual Criança Esperança,Geografia,Professor_Diego,f1c5e8faebc9ab791d2c562bfd9fda99c4bc10d22e6beff1b40abc554f2000ac,Alice Nascimento Silva Lobo,Atento,2026-03-17 10:15:52,2026-03-17 10:27:47,715.0,2026-03-17,simulated
Escola Estadual Criança Esperança,Geografia,Professor_Diego,f1c5e8faebc9ab791d2c562bfd9fda99c4bc10d22e6beff1b40abc554f2000ac,Alice Nascimento Silva Lobo,Perguntando,2026-03-17 10:27:48,2026-03-17 10:27:58,10.0,2026-03-17,simulated
Escola Estadual Criança Esperança,Geografia,Professor_Diego,f1c5e8faebc9ab791d2c562bfd9fda99c4bc10d22e6beff1b40abc554f2000ac,Alice Nascimento Silva Lobo,Atento,2026-03-17 10:28:05,2026-03-17 10:40:05,720.0,2026-03-17,simulated
Escola Estadual Criança Esperança,Geografia,Professor_Diego,f1c5e8faebc9ab791d2c562bfd9fda99c4bc10d22e6beff1b40abc554f2000ac,Alice Nascimento Silva Lobo,Perguntando,2026-03-17 10:40:11,2026-03-17 10:40:32,21.0,2026-03-17,simulated
Escola Estadual Criança Esperança,Geografia,Professor_Diego,f1c5e8faebc9ab791d2c562bfd9fda99c4bc10d22e6beff1b40abc554f2000ac,Alice Nascimento Silva Lobo,Distraido,2026-03-17 10:40:32,2026-03-17 10:41:50,78.0,2026-03-17,simulated
Escola Estadual Criança Esperança,Geografia,Professor_Diego,f1c5e8faebc9ab791d2c562bfd9fda99c4bc10d22e6beff1b40abc554f2000ac,Alice Nascimento Silva Lobo,Perguntando,2026-03-17 10:41:58,2026-03-17 10:42:18,20.0,2026-03-17,simulated
Escola Estadual Criança Esperança,Geografia,Professor_Diego,f1c5e8faebc9ab791d2c562bfd9fda99c4bc10d22e6beff1b40abc554f2000ac,Alice Nascimento Silva Lobo,Distraido,2026-03-17 10:42:19,2026-03-17 10:43:15,56.0,2026-03-17,simulated
Escola Estadual Criança Esperança,Geografia,Professor_Diego,f1c5e8faebc9ab791d2c562bfd9fda99c4bc10d22e6beff1b40abc554f2000ac,Alice Nascimento Silva Lobo,Atento,2026-03-17 10:43:19,2026-03-17 10:53:16,597.0,2026-03-17,simulated
Escola Estadual Criança Esperança,Geografia,Professor_Diego,f1c5e8faebc9ab791d2c562bfd9fda99c4bc10d22e6beff1b40abc554f2000ac,Alice Nascimento Silva Lobo,Perguntando,2026-03-17 10:53:17,2026-03-17 10:53:51,34.0,2026-03-17,simulated
Escola Estadual Criança Esperança,Geografia,Professor_Diego,f1c5e8faebc9ab791d2c562bfd9fda99c4bc10d22e6beff1b40abc554f2000ac,Alice Nascimento Silva Lobo,Atento,2026-03-17 10:53:53,2026-03-17 10:59:09,316.0,2026-03-17,simulated
Escola Estadual Criança Esperança,Geografia,Professor_Diego,f1c5e8faebc9ab791d2c562bfd9fda99c4bc10d22e6beff1b40abc554f2000ac,Alice Nascimento Silva Lobo,Perguntando,2026-03-17 10:59:15,2026-03-17 10:59:46,31.0,2026-03-17,simulated
Escola Estadual Criança Esperança,Geografia,Professor_Diego,f1c5e8faebc9ab791d2c562bfd9fda99c4bc10d22e6beff1b40abc554f2000ac,Alice Nascimento Silva Lobo,Atento,2026-03-17 10:59:52,2026-03-17 11:09:06,554.0,2026-03-17,simulated
Escola Estadual Criança Esperança,Geografia,Professor_Diego,f1c5e8faebc9ab791d2c562bfd9fda99c4bc10d22e6beff1b40abc554f2000ac,Alice Nascimento Silva Lobo,Perguntando,2026-03-17 11:09:06,2026-03-17 11:09:24,18.0,2026-03-17,simulated
Escola Estadual Criança Esperança,Geografia,Professor_Diego,f1c5e8faebc9ab791d2c562bfd9fda99c4bc10d22e6beff1b40abc554f2000ac,Alice Nascimento Silva Lobo,Atento,2026-03-17 11:09:25,2026-03-17 11:18:32,547.0,2026-03-17,simulated
Escola Estadual Criança Esperança,Geografia,Professor_Diego,f1c5e8faebc9ab791d2c562bfd9fda99c4bc10d22e6beff1b40abc554f2000ac,Alice Nascimento Silva Lobo,Perguntando,2026-03-17 11:18:34,2026-03-17 11:19:04,30.0,2026-03-17,simulated
Escola Estadual Criança Esperança,Geografia,Professor_Diego,f1c5e8faebc9ab791d2c562bfd9fda99c4bc10d22e6beff1b40abc554f2000ac,Alice Nascimento Silva Lobo,Dormindo,2026-03-17 11:19:04,2026-03-17 11:20:57,113.0,2026-03-17,simulated
Escola Estadual Criança Esperança,Geografia,Professor_Diego,f1c5e8faebc9ab791d2c562bfd9fda99c4bc10d22e6beff1b40abc554f2000ac,Alice Nascimento Silva Lobo,Atento,2026-03-17 11:20:59,2026-03-17 11:26:53,354.0,2026-03-17,simulated
Escola Estadual Criança Esperança,Geografia,Professor_Diego,f1c5e8faebc9ab791d2c562bfd9fda99c4bc10d22e6beff1b40abc554f2000ac,Alice Nascimento Silva Lobo,Perguntando,2026-03-17 11:27:01,2026-03-17 11:27:40,39.0,2026-03-17,simulated
Escola Estadual Criança Esperança,Geografia,Professor_Diego,f1c5e8faebc9ab791d2c562bfd9fda99c4bc10d22e6beff1b40abc554f2000ac,Alice Nascimento Silva Lobo,Atento,2026-03-17 11:27:46,2026-03-17 11:34:12,386.0,2026-03-17,simulated
Escola Estadual Criança Esperança,Geografia,Professor_Diego,f1c5e8faebc9ab791d2c562bfd9fda99c4bc10d22e6beff1b40abc554f2000ac,Alice Nascimento Silva Lobo,Agitado,2026-03-17 11:34:13,2026-03-17 11:34:43,30.0,2026-03-17,simulated
Escola Estadual Criança Esperança,Geografia,Professor_Diego,f1c5e8faebc9ab791d2c562bfd9fda99c4bc10d22e6beff1b40abc554f2000ac,Alice Nascimento Silva Lobo,Atento,2026-03-17 11:34:46,2026-03-17 11:46:43,717.0,2026-03-17,simulated
Escola Estadual Criança Esperança,Geografia,Professor_Diego,f1c5e8faebc9ab791d2c562bfd9fda99c4bc10d22e6beff1b40abc554f2000ac,Alice Nascimento Silva Lobo,Dormindo,2026-03-17 11:46:49,2026-03-17 11:50:14,205.0,2026-03-17,simulated
Escola Estadual Criança Esperança,Geografia,Professor_Diego,f1c5e8faebc9ab791d2c562bfd9fda99c4bc10d22e6beff1b40abc554f2000ac,Alice Nascimento Silva Lobo,Distraido,2026-03-17 11:50:14,2026-03-17 11:52:30,136.0,2026-03-17,simulated
Escola Estadual Criança Esperança,Geografia,Professor_Diego,f1c5e8faebc9ab791d2c562bfd9fda99c4bc10d22e6beff1b40abc554f2000ac,Alice Nascimento Silva Lobo,Atento,2026-03-17 11:52:38,2026-03-17 11:56:00,202.0,2026-03-17,simulated
