school,discipline,teacher,id_student,student,behavior,start_time,end_time,duration_seconds,date,source
Escola Estadual Criança Esperança,Ciências,Professora_Elisa,103cd95d53cd1719703a66a87bad8e14da505b034d046656390724a3abc9cf06,Starley,Distraido,2026-03-25 08:00:00,2026-03-25 08:02:24,144.0,2026-03-25,simulated
Escola Estadual Criança Esperança,Ciências,Professora_Elisa,103cd95d53cd1719703a66a87bad8e14da505b034d046656390724a3abc9cf06,Starley,Atento,2026-03-25 08:02:27,2026-03-25 08:13:32,665.0,2026-03-25,simulated
Escola Estadual Criança Esperança,Ciências,Professora_Elisa,103cd95d53cd1719703a66a87bad8e14da505b034d046656390724a3abc9cf06,Starley,Perguntando,2026-03-25 08:13:36,2026-03-25 08:14:03,27.0,2026-03-25,simulated
Escola Estadual Criança Esperança,Ciências,Professora_Elisa,103cd95d53cd1719703a66a87bad8e14da505b034d046656390724a3abc9cf06,Starley,Atento,2026-03-25 08:14:09,2026-03-25 08:25:30,681.0,2026-03-25,simulated
Escola Estadual Criança Esperança,Ciências,Professora_Elisa,103cd95d53cd1719703a66a87bad8e14da505b034d046656390724a3abc9cf06,Starley,Distraido,2026-03-25 08:25:30,2026-03-25 08:27:14,104.0,2026-03-25,simulated
Escola Estadual Criança Esperança,Ciências,Professora_Elisa,103cd95d53cd1719703a66a87bad8e14da505b034d046656390724a3abc9cf06,Starley,Atento,2026-03-25 08:27:18,2026-03-25 08:35:24,486.0,2026-03-25,simulated
Escola Estadual Criança Esperança,Ciências,Professora_Elisa,103cd95d53cd1719703a66a87bad8e14da505b034d046656390724a3abc9cf06,Starley,Distraido,2026-03-25 08:35:32,2026-03-25 08:37:27,115.0,2026-03-25,simulated
Escola Estadual Criança Esperança,Ciências,Professora_Elisa,103cd95d53cd1719703a66a87bad8e14da505b034d046656390724a3abc9cf06,Starley,Atento,2026-03-25 08:37:29,2026-03-25 08:45:59,510.0,2026-03-25,simulated
Escola Estadual Criança Esperança,Ciências,Professora_Elisa,103cd95d53cd1719703a66a87bad8e14da505b034d046656390724a3abc9cf06,Starley,Perguntando,2026-03-25 08:46:06,2026-03-25 08:46:31,25.0,2026-03-25,simulated
Escola Estadual Criança Esperança,Ciências,Professora_Elisa,103cd95d53cd1719703a66a87bad8e14da505b034d046656390724a3abc9cf06,Starley,Atento,2026-03-25 08:46:36,2026-03-25 08:53:00,384.0,2026-03-25,simulated
Escola Estadual Criança Esperança,Ciências,Professora_Elisa,103cd95d53cd1719703a66a87bad8e14da505b034d046656390724a3abc9cf06,Starley,Perguntando,2026-03-25 08:53:04,2026-03-25 08:53:44,40.0,2026-03-25,simulated
Escola Estadual Criança Esperança,Ciências,Professora_Elisa,103cd95d53cd1719703a66a87bad8e14da505b034d046656390724a3abc9cf06,Starley,Distraido,2026-03-25 08:53:48,2026-03-25 08:54:33,45.0,2026-03-25,simulated
Escola Estadual Criança Esperança,Ciências,Professora_Elisa,103cd95d53cd1719703a66a87bad8e14da505b034d046656390724a3abc9cf06,Starley,Perguntando,2026-03-25 08:54:37,2026-03-25 08:54:47,10.0,2026-03-25,simulated
Escola Estadual Criança Esperança,Ciências,Professora_Elisa,103cd95d53cd1719703a66a87bad8e14da505b034d046656390724a3abc9cf06,Starley,Atento,2026-03-25 08:54:54,2026-03-25 09:01:42,408.0,2026-03-25,simulated
Escola Estadual Criança Esperança,Ciências,Professora_Elisa,103cd95d53cd1719703a66a87bad8e14da505b034d046656390724a3abc9cf06,Starley,Perguntando,2026-03-25 09:01:49,2026-03-25 09:02:29,40.0,2026-03-25,simulated
Escola Estadual Criança Esperança,Ciências,Professora_Elisa,103cd95d53cd1719703a66a87bad8e14da505b034d046656390724a3abc9cf06,Starley,Atento,2026-03-25 09:02:37,2026-03-25 09:10:16,459.0,2026-03-25,simulated
Escola Estadual Criança Esperança,Ciências,Professora_Elisa,103cd95d53cd1719703a66a87bad8e14da505b034d046656390724a3abc9cf06,Starley,Distraido,2026-03-25 09:10:22,2026-03-25 09:12:29,127.0,2026-03-25,simulated
Escola Estadual Criança Esperança,Ciências,Professora_Elisa,103cd95d53cd1719703a66a87bad8e14da505b034d046656390724a3abc9cf06,Starley,Atento,2026-03-25 09:12:35,2026-03-25 09:18:19,344.0,2026-03-25,simulated
Escola Estadual Criança Esperança,Ciências,Professora_Elisa,103cd95d53cd1719703a66a87bad8e14da505b034d046656390724a3abc9cf06,Starley,Dormindo,2026-03-25 09:18:26,2026-03-25 09:20:12,106.0,2026-03-25,simulated
Escola Estadual Criança Esperança,Ciências,Professora_Elisa,103cd95d53cd1719703a66a87bad8e14da505b034d046656390724a3abc9cf06,Starley,Atento,2026-03-25 09:20:20,2026-03-25 09:25:29,309.0,2026-03-25,simulated
Escola Estadual Criança Esperança,Ciências,Professora_Elisa,103cd95d53cd1719703a66a87bad8e14da505b034d046656390724a3abc9cf06,Starley,Perguntando,2026-03-25 09:25:31,2026-03-25 09:26:03,32.0,2026-03-25,simulated
Escola Estadual Criança Esperança,Ciências,Professora_Elisa,103cd95d53cd1719703a66a87bad8e14da505b034d046656390724a3abc9cf06,Starley,Atento,2026-03-25 09:26:05,2026-03-25 09:32:04,359.0,2026-03-25,simulated
Escola Estadual Criança Esperança,Ciências,Professora_Elisa,103cd95d53cd1719703a66a87bad8e14da505b034d046656390724a3abc9cf06,Starley,Agitado,2026-03-25 09:32:12,2026-03-25 09:33:09,57.0,2026-03-25,simulated
Escola Estadual Criança Esperança,Ciências,Professora_Elisa,103cd95d53cd1719703a66a87bad8e14da505b034d046656390724a3abc9cf06,Starley,Atento,2026-03-25 09:33:09,2026-03-25 09:40:10,421.0,2026-03-25,simulated
Escola Estadual Criança Esperança,Ciências,Professora_Elisa,103cd95d53cd1719703a66a87bad8e14da505b034d046656390724a3abc9cf06,Starley,Atento,2026-03-25 09:40:18,2026-03-25 09:46:27,369.0,2026-03-25,simulated
Escola Estadual Criança Esperança,Ciências,Professora_Elisa,103cd95d53cd1719703a66a87bad8e14da505b034d046656390724a3abc9cf06,Starley,Perguntando,2026-03-25 09:46:35,2026-03-25 09:47:06,31.0,2026-03-25,simulated
Escola Estadual Criança Esperança,Ciências,Professora_Elisa,103cd95d53cd1719703a66a87bad8e14da505b034d046656390724a3abc9cf06,Starley,Atento,2026-03-25 09:47:07,2026-03-25 09:52:43,336.0,2026-03-25,simulated
Escola Estadual Criança Esperança,Ciências,Professora_Elisa,103cd95d53cd1719703a66a87bad8e14da505b034d046656390724a3abc9cf06,Starley,Agitado,2026-03-25 09:52:48,2026-03-25 09:53:58,70.0,2026-03-25,simulated
Escola Estadual Criança Esperança,Ciências,Professora_Elisa,103cd95d53cd1719703a66a87bad8e14da505b034d046656390724a3abc9cf06,Starley,Perguntando,2026-03-25 09:54:06,2026-03-25 09:54:24,18.0,2026-03-25,simulated
Escola Estadual Criança Esperança,Ciências,Professora_Elisa,103cd95d53cd1719703a66a87bad8e14da505b034d046656390724a3abc9cf06,Starley,Atento,2026-03-25 09:54:31,2026-03-25 10:01:50,439.0,2026-03-25,simulated
Escola Estadual Criança Esperança,Ciências,Professora_Elisa,103cd95d53cd1719703a66a87bad8e14da505b034d046656390724a3abc9cf06,Starley,Distraido,2026-03-25 10:01:52,2026-03-25 10:04:41,169.0,2026-03-25,simulated
Escola Estadual Criança Esperança,Ciências,Professora_Elisa,103cd95d53cd1719703a66a87bad8e14da505b034d046656390724a3abc9cf06,Starley,Perguntando,2026-03-25 10:04:49,2026-03-25 10:05:08,19.0,2026-03-25,simulated
Escola Estadual Criança Esperança,Ciências,Professora_Elisa,103cd95d53cd1719703a66a87bad8e14da505b034d046656390724a3abc9cf06,Starley,Atento,2026-03-25 10:05:11,2026-03-25 10:14:35,564.0,2026-03-25,simulated
Escola Estadual Criança Esperança,Ciências,Professora_Elisa,103cd95d53cd1719703a66a87bad8e14da505b034d046656390724a3abc9cf06,Starley,Perguntando,2026-03-25 10:14:38,2026-03-25 10:14:49,11.0,2026-03-25,simulated
Escola Estadual Criança Esperança,Ciências,Professora_Elisa,103cd95d53cd1719703a66a87bad8e14da505b034d046656390724a3abc9cf06,Starley,Atento,2026-03-25 10:14:51,2026-03-25 10:23:18,507.0,2026-03-25,simulated
Escola Estadual Criança Esperança,Ciências,Professora_Elisa,103cd95d53cd1719703a66a87bad8e14da505b034d046656390724a3abc9cf06,Starley,Atento,2026-03-25 10:23:20,2026-03-25 10:29:59,399.0,2026-03-25,simulated
Escola Estadual Criança Esperança,Ciências,Professora_Elisa,103cd95d53cd1719703a66a87bad8e14da505b034d046656390724a3abc9cf06,Starley,Perguntando,2026-03-25 10:30:02,2026-03-25 10:30:39,37.0,2026-03-25,simulated
Escola Estadual Criança Esperança,Ciências,Professora_Elisa,103cd95d53cd1719703a66a87bad8e14da505b034d046656390724a3abc9cf06,Starley,Atento,2026-03-25 10:30:40,2026-03-25 10:42:15,695.0,2026-03-25,simulated
Escola Estadual Criança Esperança,Ciências,Professora_Elisa,103cd95d53cd1719703a66a87bad8e14da505b034d046656390724a3abc9cf06,Starley,Distraido,2026-03-25 10:42:20,2026-03-25 10:44:01,101.0,2026-03-25,simulated
Escola Estadual Criança Esperança,Ciências,Professora_Elisa,103cd95d53cd1719703a66a87bad8e14da505b034d046656390724a3abc9cf06,Starley,Atento,2026-03-25 10:44:07,2026-03-25 10:51:06,419.0,2026-03-25,simulated
Escola Estadual Criança Esperança,Ciências,Professora_Elisa,103cd95d53cd1719703a66a87bad8e14da505b034d046656390724a3abc9cf06,Starley,Perguntando,2026-03-25 10:51:09,2026-03-25 10:51:25,16.0,2026-03-25,simulated
Escola Estadual Criança Esperança,Ciências,Professora_Elisa,103cd95d53cd1719703a66a87bad8e14da505b034d046656390724a3abc9cf06,Starley,Atento,2026-03-25 10:51:33,2026-03-25 11:03:08,695.0,2026-03-25,simulated
Escola Estadual Criança Esperança,Ciências,Professora_Elisa,103cd95d53cd1719703a66a87bad8e14da505b034d046656390724a3abc9cf06,Starley,Distraido,2026-03-25 11:03:16,2026-03-25 11:05:43,147.0,2026-03-25,simulated
Escola Estadual Criança Esperança,Ciências,Professora_Elisa,103cd95d53cd1719703a66a87bad8e14da505b034d046656390724a3abc9cf06,Starley,Agitado,2026-03-25 11:05:48,2026-03-25 11:07:01,73.0,2026-03-25,simulated
Escola Estadual Criança Esperança,Ciências,Professora_Elisa,103cd95d53cd1719703a66a87bad8e14da505b034d046656390724a3abc9cf06,Starley,Atento,2026-03-25 11:07:03,2026-03-25 11:13:10,367.0,2026-03-25,simulated
Escola Estadual Criança Esperança,Ciências,Professora_Elisa,103cd95d53cd1719703a66a87bad8e14da505b034d046656390724a3abc9cf06,Starley,Perguntando,2026-03-25 11:13:15,2026-03-25 11:13:33,18.0,2026-03-25,simulated
Escola Estadual Criança Esperança,Ciências,Professora_Elisa,103cd95d53cd1719703a66a87bad8e14da505b034d046656390724a3abc9cf06,Starley,Atento,2026-03-25 11:13:36,2026-03-25 11:23:51,615.0,2026-03-25,simulated
Escola Estadual Criança Esperança,Ciências,Professora_Elisa,103cd95d53cd1719703a66a87bad8e14da505b034d046656390724a3abc9cf06,Starley,Perguntando,2026-03-25 11:23:55,2026-03-25 11:24:27,32.0,2026-03-25,simulated
Escola Estadual Criança Esperança,Ciências,Professora_Elisa,103cd95d53cd1719703a66a87bad8e14da505b034d046656390724a3abc9cf06,Starley,Atento,2026-03-25 11:24:35,2026-03-25 11:33:30,535.0,2026-03-25,simulated
Escola Estadual Criança Esperança,Ciências,Professora_Elisa,103cd95d53cd1719703a66a87bad8e14da505b034d046656390724a3abc9cf06,Starley,Perguntando,2026-03-25 11:33:35,2026-03-25 11:33:53,18.0,2026-03-25,simulated
Escola Estadual Criança Esperança,Ciências,Professora_Elisa,103cd95d53cd1719703a66a87bad8e14da505b034d046656390724a3abc9cf06,Starley,Atento,2026-03-25 11:33:57,2026-03-25 11:39:25,328.0,2026-03-25,simulated
Escola Estadual Criança Esperança,Ciências,Professora_Elisa,103cd95d53cd1719703a66a87bad8e14da505b034d046656390724a3abc9cf06,Starley,Agitado,2026-03-25 11:39:32,2026-03-25 11:40:00,28.0,2026-03-25,simulated
Escola Estadual Criança Esperança,Ciências,Professora_Elisa,51e028c29914c6103719ccf21258789707dbb3234a716394f10de9ae5349d033,Pedro Vitor Sousa Santos,Perguntando,2026-03-25 08:02:00,2026-03-25 08:02:37,37.0,2026-03-25,simulated
Escola Estadual Criança Esperança,Ciências,Professora_Elisa,51e028c29914c6103719ccf21258789707dbb3234a716394f10de9ae5349d033,Pedro Vitor Sousa Santos,Distraido,2026-03-25 08:02:43,2026-03-25 08:04:34,111.0,2026-03-25,simulated
Escola Estadual Criança Esperança,Ciências,Professora_Elisa,51e028c29914c6103719ccf21258789707dbb3234a716394f10de9ae5349d033,Pedro Vitor Sousa Santos,Perguntando,2026-03-25 08:04:41,2026-03-25 08:05:03,22.0,2026-03-25,simulated
Escola Estadual Criança Esperança,Ciências,Professora_Elisa,51e028c29914c6103719ccf21258789707dbb3234a716394f10de9ae5349d033,Pedro Vitor Sousa Santos,Atento,2026-03-25 08:05:03,2026-03-25 08:13:15,492.0,2026-03-25,simulated
Escola Estadual Criança Esperança,Ciências,Professora_Elisa,51e028c29914c6103719ccf21258789707dbb3234a716394f10de9ae5349d033,Pedro Vitor Sousa Santos,Perguntando,2026-03-25 08:13:17,2026-03-25 08:13:48,31.0,2026-03-25,simulated
Escola Estadual Criança Esperança,Ciências,Professora_Elisa,51e028c29914c6103719ccf21258789707dbb3234a716394f10de9ae5349d033,Pedro Vitor Sousa Santos,Agitado,2026-03-25 08:13:48,2026-03-25 08:14:28,40.0,2026-03-25,simulated
Escola Estadual Criança Esperança,Ciências,Professora_Elisa,51e028c29914c6103719ccf21258789707dbb3234a716394f10de9ae5349d033,Pedro Vitor Sousa Santos,Atento,2026-03-25 08:14:34,2026-03-25 08:21:23,409.0,2026-03-25,simulated
Escola Estadual Criança Esperança,Ciências,Professora_Elisa,51e028c29914c6103719ccf21258789707dbb3234a716394f10de9ae5349d033,Pedro Vitor Sousa Santos,Perguntando,2026-03-25 08:21:24,2026-03-25 08:21:55,31.0,2026-03-25,simulated
Escola Estadual Criança Esperança,Ciências,Professora_Elisa,51e028c29914c6103719ccf21258789707dbb3234a716394f10de9ae5349d033,Pedro Vitor Sousa Santos,Distraido,2026-03-25 08:21:58,2026-03-25 08:23:07,69.0,2026-03-25,simulated
Escola Estadual Criança Esperança,Ciências,Professora_Elisa,51e028c29914c6103719ccf21258789707dbb3234a716394f10de9ae5349d033,Pedro Vitor Sousa Santos,Atento,2026-03-25 08:23:09,2026-03-25 08:31:04,475.0,2026-03-25,simulated
Escola Estadual Criança Esperança,Ciências,Professora_Elisa,51e028c29914c6103719ccf21258789707dbb3234a716394f10de9ae5349d033,Pedro Vitor Sousa Santos,Perguntando,2026-03-25 08:31:11,2026-03-25 08:31:31,20.0,2026-03-25,simulated
Escola Estadual Criança Esperança,Ciências,Professora_Elisa,51e028c29914c6103719ccf21258789707dbb3234a716394f10de9ae5349d033,Pedro Vitor Sousa Santos,Atento,2026-03-25 08:31:32,2026-03-25 08:40:33,541.0,2026-03-25,simulated
Escola Estadual Criança Esperança,Ciências,Professora_Elisa,51e028c29914c6103719ccf21258789707dbb3234a716394f10de9ae5349d033,Pedro Vitor Sousa Santos,Distraido,2026-03-25 08:40:40,2026-03-25 08:41:43,63.0,2026-03-25,simulated
Escola Estadual Criança Esperança,Ciências,Professora_Elisa,51e028c29914c6103719ccf21258789707dbb3234a716394f10de9ae5349d033,Pedro Vitor Sousa Santos,Atento,2026-03-25 08:41:51,2026-03-25 08:47:08,317.0,2026-03-25,simulated
Escola Estadual Criança Esperança,Ciências,Professora_Elisa,51e028c29914c6103719ccf21258789707dbb3234a716394f10de9ae5349d033,Pedro Vitor Sousa Santos,Perguntando,2026-03-25 08:47:13,2026-03-25 08:47:39,26.0,2026-03-25,simulated
Escola Estadual Criança Esperança,Ciências,Professora_Elisa,51e028c29914c6103719ccf21258789707dbb3234a716394f10de9ae5349d033,Pedro Vitor Sousa Santos,Atento,2026-03-25 08:47:39,2026-03-25 08:52:52,313.0,2026-03-25,simulated
Escola Estadual Criança Esperança,Ciências,Professora_Elisa,51e028c29914c6103719ccf21258789707dbb3234a716394f10de9ae5349d033,Pedro Vitor Sousa Santos,Perguntando,2026-03-25 08:52:52,2026-03-25 08:53:30,38.0,2026-03-25,simulated
Escola Estadual Criança Esperança,Ciências,Professora_Elisa,51e028c29914c6103719ccf21258789707dbb3234a716394f10de9ae5349d033,Pedro Vitor Sousa Santos,Distraido,2026-03-25 08:53:31,2026-03-25 08:55:56,145.0,2026-03-25,simulated
Escola Estadual Criança Esperança,Ciências,Professora_Elisa,51e028c29914c6103719ccf21258789707dbb3234a716394f10de9ae5349d033,Pedro Vitor Sousa Santos,Atento,2026-03-25 08:55:59,2026-03-25 09:03:19,440.0,2026-03-25,simulated
Escola Estadual Criança Esperança,Ciências,Professora_Elisa,51e028c29914c6103719ccf21258789707dbb3234a716394f10de9ae5349d033,Pedro Vitor Sousa Santos,Perguntando,2026-03-25 09:03:24,2026-03-25 09:03:50,26.0,2026-03-25,simulated
Escola Estadual Criança Esperança,Ciências,Professora_Elisa,51e028c29914c6103719ccf21258789707dbb3234a716394f10de9ae5349d033,Pedro Vitor Sousa Santos,Distraido,2026-03-25 09:03:57,2026-03-25 09:06:22,145.0,2026-03-25,simulated
Escola Estadual Criança Esperança,Ciências,Professora_Elisa,51e028c29914c6103719ccf21258789707dbb3234a716394f10de9ae5349d033,Pedro Vitor Sousa Santos,Atento,2026-03-25 09:06:27,2026-03-25 09:15:50,563.0,2026-03-25,simulated
Escola Estadual Criança Esperança,Ciências,Professora_Elisa,51e028c29914c6103719ccf21258789707dbb3234a716394f10de9ae5349d033,Pedro Vitor Sousa Santos,Perguntando,2026-03-25 09:15:51,2026-03-25 09:16:24,33.0,2026-03-25,simulated
Escola Estadual Criança Esperança,Ciências,Professora_Elisa,51e028c29914c6103719ccf21258789707dbb3234a716394f10de9ae5349d033,Pedro Vitor Sousa Santos,Atento,2026-03-25 09:16:27,2026-03-25 09:27:29,662.0,2026-03-25,simulated
Escola Estadual Criança Esperança,Ciências,Professora_Elisa,51e028c29914c6103719ccf21258789707dbb3234a716394f10de9ae5349d033,Pedro Vitor Sousa Santos,Perguntando,2026-03-25 09:27:29,2026-03-25 09:27:43,14.0,2026-03-25,simulated
Escola Estadual Criança Esperança,Ciências,Professora_Elisa,51e028c29914c6103719ccf21258789707dbb3234a716394f10de9ae5349d033,Pedro Vitor Sousa Santos,Atento,2026-03-25 09:27:49,2026-03-25 09:36:03,494.0,2026-03-25,simulated
Escola Estadual Criança Esperança,Ciências,Professora_Elisa,51e028c29914c6103719ccf21258789707dbb3234a716394f10de9ae5349d033,Pedro Vitor Sousa Santos,Perguntando,2026-03-25 09:36:03,2026-03-25 09:36:33,30.0,2026-03-25,simulated
Escola Estadual Criança Esperança,Ciências,Professora_Elisa,51e028c29914c6103719ccf21258789707dbb3234a716394f10de9ae5349d033,Pedro Vitor Sousa Santos,Atento,2026-03-25 09:36:35,2026-03-25 09:46:35,600.0,2026-03-25,simulated
Escola Estadual Criança Esperança,Ciências,Professora_Elisa,51e028c29914c6103719ccf21258789707dbb3234a716394f10de9ae5349d033,Pedro Vitor Sousa Santos,Dormindo,2026-03-25 09:46:37,2026-03-25 09:50:27,230.0,2026-03-25,simulated
Escola Estadual Criança Esperança,Ciências,Professora_Elisa,51e028c29914c6103719ccf21258789707dbb3234a716394f10de9ae5349d033,Pedro Vitor Sousa Santos,Distraido,2026-03-25 09:50:34,2026-03-25 09:52:38,124.0,2026-03-25,simulated
Escola Estadual Criança Esperança,Ciências,Professora_Elisa,51e028c29914c6103719ccf21258789707dbb3234a716394f10de9ae5349d033,Pedro Vitor Sousa Santos,Agitado,2026-03-25 09:52:38,2026-03-25 09:53:06,28.0,2026-03-25,simulated
Escola Estadual Criança Esperança,Ciências,Professora_Elisa,51e028c29914c6103719ccf21258789707dbb3234a716394f10de9ae5349d033,Pedro Vitor Sousa Santos,Perguntando,2026-03-25 09:53:07,2026-03-25 09:53:31,24.0,2026-03-25,simulated
Escola Estadual Criança Esperança,Ciências,Professora_Elisa,51e028c29914c6103719ccf21258789707dbb3234a716394f10de9ae5349d033,Pedro Vitor Sousa Santos,Atento,2026-03-25 09:53:31,2026-03-25 10:00:05,394.0,2026-03-25,simulated
Escola Estadual Criança Esperança,Ciências,Professora_Elisa,51e028c29914c6103719ccf21258789707dbb3234a716394f10de9ae5349d033,Pedro Vitor Sousa Santos,Agitado,2026-03-25 10:00:05,2026-03-25 10:01:24,79.0,2026-03-25,simulated
Escola Estadual Criança Esperança,Ciências,Professora_Elisa,51e028c29914c6103719ccf21258789707dbb3234a716394f10de9ae5349d033,Pedro Vitor Sousa Santos,Atento,2026-03-25 10:01:26,2026-03-25 10:07:09,343.0,2026-03-25,simulated
Escola Estadual Criança Esperança,Ciências,Professora_Elisa,51e028c29914c6103719ccf21258789707dbb3234a716394f10de9ae5349d033,Pedro Vitor Sousa Santos,Perguntando,2026-03-25 10:07:12,2026-03-25 10:07:52,40.0,2026-03-25,simulated
Escola Estadual Criança Esperança,Ciências,Professora_Elisa,51e028c29914c6103719ccf21258789707dbb3234a716394f10de9ae5349d033,Pedro Vitor Sousa Santos,Agitado,2026-03-25 10:07:52,2026-03-25 10:08:14,22.0,2026-03-25,simulated
Escola Estadual Criança Esperança,Ciências,Professora_Elisa,51e028c29914c6103719ccf21258789707dbb3234a716394f10de9ae5349d033,Pedro Vitor Sousa Santos,Perguntando,2026-03-25 10:08:21,2026-03-25 10:08:48,27.0,2026-03-25,simulated
Escola Estadual Criança Esperança,Ciências,Professora_Elisa,51e028c29914c6103719ccf21258789707dbb3234a716394f10de9ae5349d033,Pedro Vitor Sousa Santos,Agitado,2026-03-25 10:08:54,2026-03-25 10:09:56,62.0,2026-03-25,simulated
Escola Estadual Criança Esperança,Ciências,Professora_Elisa,51e028c29914c6103719ccf21258789707dbb3234a716394f10de9ae5349d033,Pedro Vitor Sousa Santos,Perguntando,2026-03-25 10:09:58,2026-03-25 10:10:37,39.0,2026-03-25,simulated
Escola Estadual Criança Esperança,Ciências,Professora_Elisa,51e028c29914c6103719ccf21258789707dbb3234a716394f10de9ae5349d033,Pedro Vitor Sousa Santos,Agitado,2026-03-25 10:10:45,2026-03-25 10:11:28,43.0,2026-03-25,simulated
Escola Estadual Criança Esperança,Ciências,Professora_Elisa,51e028c29914c6103719ccf21258789707dbb3234a716394f10de9ae5349d033,Pedro Vitor Sousa Santos,Atento,2026-03-25 10:11:29,2026-03-25 10:17:14,345.0,2026-03-25,simulated
Escola Estadual Criança Esperança,Ciências,Professora_Elisa,51e028c29914c6103719ccf21258789707dbb3234a716394f10de9ae5349d033,Pedro Vitor Sousa Santos,Distraido,2026-03-25 10:17:14,2026-03-25 10:19:44,150.0,2026-03-25,simulated
Escola Estadual Criança Esperança,Ciências,Professora_Elisa,51e028c29914c6103719ccf21258789707dbb3234a716394f10de9ae5349d033,Pedro Vitor Sousa Santos,Atento,2026-03-25 10:19:47,2026-03-25 10:25:26,339.0,2026-03-25,simulated
Escola Estadual Criança Esperança,Ciências,Professora_Elisa,51e028c29914c6103719ccf21258789707dbb3234a716394f10de9ae5349d033,Pedro Vitor Sousa Santos,Perguntando,2026-03-25 10:25:27,2026-03-25 10:25:52,25.0,2026-03-25,simulated
Escola Estadual Criança Esperança,Ciências,Professora_Elisa,51e028c29914c6103719ccf21258789707dbb3234a716394f10de9ae5349d033,Pedro Vitor Sousa Santos,Distraido,2026-03-25 10:25:54,2026-03-25 10:27:16,82.0,2026-03-25,simulated
Escola Estadual Criança Esperança,Ciências,Professora_Elisa,51e028c29914c6103719ccf21258789707dbb3234a716394f10de9ae5349d033,Pedro Vitor Sousa Santos,Atento,2026-03-25 10:27:22,2026-03-25 10:37:12,590.0,2026-03-25,simulated
Escola Estadual Criança Esperança,Ciências,Professora_Elisa,51e028c29914c6103719ccf21258789707dbb3234a716394f10de9ae5349d033,Pedro Vitor Sousa Santos,Distraido,2026-03-25 10:37:14,2026-03-25 10:39:35,141.0,2026-03-25,simulated
Escola Estadual Criança Esperança,Ciências,Professora_Elisa,51e028c29914c6103719ccf21258789707dbb3234a716394f10de9ae5349d033,Pedro Vitor Sousa Santos,Agitado,2026-03-25 10:39:38,2026-03-25 10:40:19,41.0,2026-03-25,simulated
Escola Estadual Criança Esperança,Ciências,Professora_Elisa,51e028c29914c6103719ccf21258789707dbb3234a716394f10de9ae5349d033,Pedro Vitor Sousa Santos,Dormindo,2026-03-25 10:40:21,2026-03-25 10:43:08,167.0,2026-03-25,simulated
Escola Estadual Criança Esperança,Ciências,Professora_Elisa,51e028c29914c6103719ccf21258789707dbb3234a716394f10de9ae5349d033,Pedro Vitor Sousa Santos,Atento,2026-03-25 10:43:14,2026-03-25 10:48:58,344.0,2026-03-25,simulated
Escola Estadual Criança Esperança,Ciências,Professora_Elisa,51e028c29914c6103719ccf21258789707dbb3234a716394f10de9ae5349d033,Pedro Vitor Sousa Santos,Perguntando,2026-03-25 10:48:59,2026-03-25 10:49:12,13.0,2026-03-25,simulated
Escola Estadual Criança Esperança,Ciências,Professora_Elisa,51e028c29914c6103719ccf21258789707dbb3234a716394f10de9ae5349d033,Pedro Vitor Sousa Santos,Agitado,2026-03-25 10:49:16,2026-03-25 10:49:48,32.0,2026-03-25,simulated
Escola Estadual Criança Esperança,Ciências,Professora_Elisa,51e028c29914c6103719ccf21258789707dbb3234a716394f10de9ae5349d033,Pedro Vitor Sousa Santos,Atento,2026-03-25 10:49:52,2026-03-25 11:00:05,613.0,2026-03-25,simulated
Escola Estadual Criança Esperança,Ciências,Professora_Elisa,51e028c29914c6103719ccf21258789707dbb3234a716394f10de9ae5349d033,Pedro Vitor Sousa Santos,Agitado,2026-03-25 11:00:12,2026-03-25 11:00:47,35.0,2026-03-25,simulated
Escola Estadual Criança Esperança,Ciências,Professora_Elisa,51e028c29914c6103719ccf21258789707dbb3234a716394f10de9ae5349d033,Pedro Vitor Sousa Santos,Atento,2026-03-25 11:00:50,2026-03-25 11:11:23,633.0,2026-03-25,simulated
Escola Estadual Criança Esperança,Ciências,Professora_Elisa,51e028c29914c6103719ccf21258789707dbb3234a716394f10de9ae5349d033,Pedro Vitor Sousa Santos,Agitado,2026-03-25 11:11:23,2026-03-25 11:11:57,34.0,2026-03-25,simulated
Escola Estadual Criança Esperança,Ciências,Professora_Elisa,51e028c29914c6103719ccf21258789707dbb3234a716394f10de9ae5349d033,Pedro Vitor Sousa Santos,Atento,2026-03-25 11:12:04,2026-03-25 11:20:57,533.0,2026-03-25,simulated
Escola Estadual Criança Esperança,Ciências,Professora_Elisa,51e028c29914c6103719ccf21258789707dbb3234a716394f10de9ae5349d033,Pedro Vitor Sousa Santos,Agitado,2026-03-25 11:21:04,2026-03-25 11:22:25,81.0,2026-03-25,simulated
Escola Estadual Criança Esperança,Ciências,Professora_Elisa,51e028c29914c6103719ccf21258789707dbb3234a716394f10de9ae5349d033,Pedro Vitor Sousa Santos,Atento,2026-03-25 11:22:28,2026-03-25 11:31:47,559.0,2026-03-25,simulated
Escola Estadual Criança Esperança,Ciências,Professora_Elisa,51e028c29914c6103719ccf21258789707dbb3234a716394f10de9ae5349d033,Pedro Vitor Sousa Santos,Agitado,2026-03-25 11:31:48,2026-03-25 11:33:05,77.0,2026-03-25,simulated
Escola Estadual Criança Esperança,Ciências,Professora_Elisa,51e028c29914c6103719ccf21258789707dbb3234a716394f10de9ae5349d033,Pedro Vitor Sousa Santos,Perguntando,2026-03-25 11:33:13,2026-03-25 11:33:27,14.0,2026-03-25,simulated
Escola Estadual Criança Esperança,Ciências,Professora_Elisa,51e028c29914c6103719ccf21258789707dbb3234a716394f10de9ae5349d033,Pedro Vitor Sousa Santos,Atento,2026-03-25 11:33:31,2026-03-25 11:42:00,509.0,2026-03-25,simulated
Escola Estadual Criança Esperança,Ciências,Professora_Elisa,eb3c72a0bb37fffc786f4ab3c5d9dcfeff614019a87ad1548133b55826c3b9fa,Bruno Dias,Distraido,2026-03-25 08:04:00,2026-03-25 08:04:58,58.0,2026-03-25,simulated
Escola Estadual Criança Esperança,Ciências,Professora_Elisa,eb3c72a0bb37fffc786f4ab3c5d9dcfeff614019a87ad1548133b55826c3b9fa,Bruno Dias,Dormindo,2026-03-25 08:05:01,2026-03-25 08:08:05,184.0,2026-03-25,simulated
Escola Estadual Criança Esperança,Ciências,Professora_Elisa,eb3c72a0bb37fffc786f4ab3c5d9dcfeff614019a87ad1548133b55826c3b9fa,Bruno Dias,Distraido,2026-03-25 08:08:13,2026-03-25 08:10:43,150.0,2026-03-25,simulated
Escola Estadual Criança Esperança,Ciências,Professora_Elisa,eb3c72a0bb37fffc786f4ab3c5d9dcfeff614019a87ad1548133b55826c3b9fa,Bruno Dias,Atento,2026-03-25 08:10:46,2026-03-25 08:16:24,338.0,2026-03-25,simulated
Escola Estadual Criança Esperança,Ciências,Professora_Elisa,eb3c72a0bb37fffc786f4ab3c5d9dcfeff614019a87ad1548133b55826c3b9fa,Bruno Dias,Perguntando,2026-03-25 08:16:24,2026-03-25 08:16:59,35.0,2026-03-25,simulated
Escola Estadual Criança Esperança,Ciências,Professora_Elisa,eb3c72a0bb37fffc786f4ab3c5d9dcfeff614019a87ad1548133b55826c3b9fa,Bruno Dias,Atento,2026-03-25 08:17:05,2026-03-25 08:24:33,448.0,2026-03-25,simulated
Escola Estadual Criança Esperança,Ciências,Professora_Elisa,eb3c72a0bb37fffc786f4ab3c5d9dcfeff614019a87ad1548133b55826c3b9fa,Bruno Dias,Distraido,2026-03-25 08:24:36,2026-03-25 08:26:18,102.0,2026-03-25,simulated
Escola Estadual Criança Esperança,Ciências,Professora_Elisa,eb3c72a0bb37fffc786f4ab3c5d9dcfeff614019a87ad1548133b55826c3b9fa,Bruno Dias,Perguntando,2026-03-25 08:26:26,2026-03-25 08:26:57,31.0,2026-03-25,simulated
Escola Estadual Criança Esperança,Ciências,Professora_Elisa,eb3c72a0bb37fffc786f4ab3c5d9dcfeff614019a87ad1548133b55826c3b9fa,Bruno Dias,Agitado,2026-03-25 08:27:01,2026-03-25 08:27:31,30.0,2026-03-25,simulated
Escola Estadual Criança Esperança,Ciências,Professora_Elisa,eb3c72a0bb37fffc786f4ab3c5d9dcfeff614019a87ad1548133b55826c3b9fa,Bruno Dias,Distraido,2026-03-25 08:27:39,2026-03-25 08:30:10,151.0,2026-03-25,simulated
Escola Estadual Criança Esperança,Ciências,Professora_Elisa,eb3c72a0bb37fffc786f4ab3c5d9dcfeff614019a87ad1548133b55826c3b9fa,Bruno Dias,Atento,2026-03-25 08:30:16,2026-03-25 08:37:51,455.0,2026-03-25,simulated
Escola Estadual Criança Esperança,Ciências,Professora_Elisa,eb3c72a0bb37fffc786f4ab3c5d9dcfeff614019a87ad1548133b55826c3b9fa,Bruno Dias,Perguntando,2026-03-25 08:37:51,2026-03-25 08:38:04,13.0,2026-03-25,simulated
Escola Estadual Criança Esperança,Ciências,Professora_Elisa,eb3c72a0bb37fffc786f4ab3c5d9dcfeff614019a87ad1548133b55826c3b9fa,Bruno Dias,Atento,2026-03-25 08:38:12,2026-03-25 08:50:05,713.0,2026-03-25,simulated
Escola Estadual Criança Esperança,Ciências,Professora_Elisa,eb3c72a0bb37fffc786f4ab3c5d9dcfeff614019a87ad1548133b55826c3b9fa,Bruno Dias,Distraido,2026-03-25 08:50:09,2026-03-25 08:52:16,127.0,2026-03-25,simulated
Escola Estadual Criança Esperança,Ciências,Professora_Elisa,eb3c72a0bb37fffc786f4ab3c5d9dcfeff614019a87ad1548133b55826c3b9fa,Bruno Dias,Dormindo,2026-03-25 08:52:24,2026-03-25 08:55:50,206.0,2026-03-25,simulated
Escola Estadual Criança Esperança,Ciências,Professora_Elisa,eb3c72a0bb37fffc786f4ab3c5d9dcfeff614019a87ad1548133b55826c3b9fa,Bruno Dias,Agitado,2026-03-25 08:55:58,2026-03-25 08:57:23,85.0,2026-03-25,simulated
Escola Estadual Criança Esperança,Ciências,Professora_Elisa,eb3c72a0bb37fffc786f4ab3c5d9dcfeff614019a87ad1548133b55826c3b9fa,Bruno Dias,Distraido,2026-03-25 08:57:24,2026-03-25 08:59:51,147.0,2026-03-25,simulated
Escola Estadual Criança Esperança,Ciências,Professora_Elisa,eb3c72a0bb37fffc786f4ab3c5d9dcfeff614019a87ad1548133b55826c3b9fa,Bruno Dias,Agitado,2026-03-25 08:59:54,2026-03-25 09:00:25,31.0,2026-03-25,simulated
Escola Estadual Criança Esperança,Ciências,Professora_Elisa,eb3c72a0bb37fffc786f4ab3c5d9dcfeff614019a87ad1548133b55826c3b9fa,Bruno Dias,Dormindo,2026-03-25 09:00:33,2026-03-25 09:04:06,213.0,2026-03-25,simulated
Escola Estadual Criança Esperança,Ciências,Professora_Elisa,eb3c72a0bb37fffc786f4ab3c5d9dcfeff614019a87ad1548133b55826c3b9fa,Bruno Dias,Distraido,2026-03-25 09:04:13,2026-03-25 09:06:04,111.0,2026-03-25,simulated
Escola Estadual Criança Esperança,Ciências,Professora_Elisa,eb3c72a0bb37fffc786f4ab3c5d9dcfeff614019a87ad1548133b55826c3b9fa,Bruno Dias,Agitado,2026-03-25 09:06:06,2026-03-25 09:07:26,80.0,2026-03-25,simulated
Escola Estadual Criança Esperança,Ciências,Professora_Elisa,eb3c72a0bb37fffc786f4ab3c5d9dcfeff614019a87ad1548133b55826c3b9fa,Bruno Dias,Atento,2026-03-25 09:07:33,2026-03-25 09:13:18,345.0,2026-03-25,simulated
Escola Estadual Criança Esperança,Ciências,Professora_Elisa,eb3c72a0bb37fffc786f4ab3c5d9dcfeff614019a87ad1548133b55826c3b9fa,Bruno Dias,Distraido,2026-03-25 09:13:19,2026-03-25 09:15:54,155.0,2026-03-25,simulated
Escola Estadual Criança Esperança,Ciências,Professora_Elisa,eb3c72a0bb37fffc786f4ab3c5d9dcfeff614019a87ad1548133b55826c3b9fa,Bruno Dias,Atento,2026-03-25 09:15:55,2026-03-25 09:22:13,378.0,2026-03-25,simulated
Escola Estadual Criança Esperança,Ciências,Professora_Elisa,eb3c72a0bb37fffc786f4ab3c5d9dcfeff614019a87ad1548133b55826c3b9fa,Bruno Dias,Agitado,2026-03-25 09:22:20,2026-03-25 09:23:05,45.0,2026-03-25,simulated
Escola Estadual Criança Esperança,Ciências,Professora_Elisa,eb3c72a0bb37fffc786f4ab3c5d9dcfeff614019a87ad1548133b55826c3b9fa,Bruno Dias,Distraido,2026-03-25 09:23:08,2026-03-25 09:24:48,100.0,2026-03-25,simulated
Escola Estadual Criança Esperança,Ciências,Professora_Elisa,eb3c72a0bb37fffc786f4ab3c5d9dcfeff614019a87ad1548133b55826c3b9fa,Bruno Dias,Agitado,2026-03-25 09:24:50,2026-03-25 09:25:48,58.0,2026-03-25,simulated
Escola Estadual Criança Esperança,Ciências,Professora_Elisa,eb3c72a0bb37fffc786f4ab3c5d9dcfeff614019a87ad1548133b55826c3b9fa,Bruno Dias,Distraido,2026-03-25 09:25:55,2026-03-25 09:27:19,84.0,2026-03-25,simulated
Escola Estadual Criança Esperança,Ciências,Professora_Elisa,eb3c72a0bb37fffc786f4ab3c5d9dcfeff614019a87ad1548133b55826c3b9fa,Bruno Dias,Agitado,2026-03-25 09:27:19,2026-03-25 09:28:43,84.0,2026-03-25,simulated
Escola Estadual Criança Esperança,Ciências,Professora_Elisa,eb3c72a0bb37fffc786f4ab3c5d9dcfeff614019a87ad1548133b55826c3b9fa,Bruno Dias,Dormindo,2026-03-25 09:28:45,2026-03-25 09:30:46,121.0,2026-03-25,simulated
Escola Estadual Criança Esperança,Ciências,Professora_Elisa,eb3c72a0bb37fffc786f4ab3c5d9dcfeff614019a87ad1548133b55826c3b9fa,Bruno Dias,Perguntando,2026-03-25 09:30:52,2026-03-25 09:31:12,20.0,2026-03-25,simulated
Escola Estadual Criança Esperança,Ciências,Professora_Elisa,eb3c72a0bb37fffc786f4ab3c5d9dcfeff614019a87ad1548133b55826c3b9fa,Bruno Dias,Agitado,2026-03-25 09:31:19,2026-03-25 09:32:33,74.0,2026-03-25,simulated
Escola Estadual Criança Esperança,Ciências,Professora_Elisa,eb3c72a0bb37fffc786f4ab3c5d9dcfeff614019a87ad1548133b55826c3b9fa,Bruno Dias,Atento,2026-03-25 09:32:39,2026-03-25 09:39:57,438.0,2026-03-25,simulated
Escola Estadual Criança Esperança,Ciências,Professora_Elisa,eb3c72a0bb37fffc786f4ab3c5d9dcfeff614019a87ad1548133b55826c3b9fa,Bruno Dias,Distraido,2026-03-25 09:39:58,2026-03-25 09:41:02,64.0,2026-03-25,simulated
Escola Estadual Criança Esperança,Ciências,Professora_Elisa,eb3c72a0bb37fffc786f4ab3c5d9dcfeff614019a87ad1548133b55826c3b9fa,Bruno Dias,Atento,2026-03-25 09:41:03,2026-03-25 09:48:39,456.0,2026-03-25,simulated
Escola Estadual Criança Esperança,Ciências,Professora_Elisa,eb3c72a0bb37fffc786f4ab3c5d9dcfeff614019a87ad1548133b55826c3b9fa,Bruno Dias,Perguntando,2026-03-25 09:48:47,2026-03-25 09:49:17,30.0,2026-03-25,simulated
Escola Estadual Criança Esperança,Ciências,Professora_Elisa,eb3c72a0bb37fffc786f4ab3c5d9dcfeff614019a87ad1548133b55826c3b9fa,Bruno Dias,Atento,2026-03-25 09:49:25,2026-03-25 09:55:31,366.0,2026-03-25,simulated
Escola Estadual Criança Esperança,Ciências,Professora_Elisa,eb3c72a0bb37fffc786f4ab3c5d9dcfeff614019a87ad1548133b55826c3b9fa,Bruno Dias,Distraido,2026-03-25 09:55:34,2026-03-25 09:56:34,60.0,2026-03-25,simulated
Escola Estadual Criança Esperança,Ciências,Professora_Elisa,eb3c72a0bb37fffc786f4ab3c5d9dcfeff614019a87ad1548133b55826c3b9fa,Bruno Dias,Agitado,2026-03-25 09:56:35,2026-03-25 09:57:17,42.0,2026-03-25,simulated
Escola Estadual Criança Esperança,Ciências,Professora_Elisa,eb3c72a0bb37fffc786f4ab3c5d9dcfeff614019a87ad1548133b55826c3b9fa,Bruno Dias,Distraido,2026-03-25 09:57:24,2026-03-25 09:59:10,106.0,2026-03-25,simulated
Escola Estadual Criança Esperança,Ciências,Professora_Elisa,eb3c72a0bb37fffc786f4ab3c5d9dcfeff614019a87ad1548133b55826c3b9fa,Bruno Dias,Dormindo,2026-03-25 09:59:15,2026-03-25 10:01:54,159.0,2026-03-25,simulated
Escola Estadual Criança Esperança,Ciências,Professora_Elisa,eb3c72a0bb37fffc786f4ab3c5d9dcfeff614019a87ad1548133b55826c3b9fa,Bruno Dias,Atento,2026-03-25 10:01:56,2026-03-25 10:10:28,512.0,2026-03-25,simulated
Escola Estadual Criança Esperança,Ciências,Professora_Elisa,eb3c72a0bb37fffc786f4ab3c5d9dcfeff614019a87ad1548133b55826c3b9fa,Bruno Dias,Dormindo,2026-03-25 10:10:35,2026-03-25 10:11:50,75.0,2026-03-25,simulated
Escola Estadual Criança Esperança,Ciências,Professora_Elisa,eb3c72a0bb37fffc786f4ab3c5d9dcfeff614019a87ad1548133b55826c3b9fa,Bruno Dias,Atento,2026-03-25 10:11:55,2026-03-25 10:17:19,324.0,2026-03-25,simulated
Escola Estadual Criança Esperança,Ciências,Professora_Elisa,eb3c72a0bb37fffc786f4ab3c5d9dcfeff614019a87ad1548133b55826c3b9fa,Bruno Dias,Distraido,2026-03-25 10:17:21,2026-03-25 10:19:37,136.0,2026-03-25,simulated
Escola Estadual Criança Esperança,Ciências,Professora_Elisa,eb3c72a0bb37fffc786f4ab3c5d9dcfeff614019a87ad1548133b55826c3b9fa,Bruno Dias,Atento,2026-03-25 10:19:43,2026-03-25 10:24:44,301.0,2026-03-25,simulated
Escola Estadual Criança Esperança,Ciências,Professora_Elisa,eb3c72a0bb37fffc786f4ab3c5d9dcfeff614019a87ad1548133b55826c3b9fa,Bruno Dias,Dormindo,2026-03-25 10:24:52,2026-03-25 10:29:37,285.0,2026-03-25,simulated
Escola Estadual Criança Esperança,Ciências,Professora_Elisa,eb3c72a0bb37fffc786f4ab3c5d9dcfeff614019a87ad1548133b55826c3b9fa,Bruno Dias,Agitado,2026-03-25 10:29:41,2026-03-25 10:30:02,21.0,2026-03-25,simulated
Escola Estadual Criança Esperança,Ciências,Professora_Elisa,eb3c72a0bb37fffc786f4ab3c5d9dcfeff614019a87ad1548133b55826c3b9fa,Bruno Dias,Perguntando,2026-03-25 10:30:05,2026-03-25 10:30:42,37.0,2026-03-25,simulated
Escola Estadual Criança Esperança,Ciências,Professora_Elisa,eb3c72a0bb37fffc786f4ab3c5d9dcfeff614019a87ad1548133b55826c3b9fa,Bruno Dias,Atento,2026-03-25 10:30:49,2026-03-25 10:36:17,328.0,2026-03-25,simulated
Escola Estadual Criança Esperança,Ciências,Professora_Elisa,eb3c72a0bb37fffc786f4ab3c5d9dcfeff614019a87ad1548133b55826c3b9fa,Bruno Dias,Agitado,2026-03-25 10:36:17,2026-03-25 10:37:44,87.0,2026-03-25,simulated
Escola Estadual Criança Esperança,Ciências,Professora_Elisa,eb3c72a0bb37fffc786f4ab3c5d9dcfeff614019a87ad1548133b55826c3b9fa,Bruno Dias,Atento,2026-03-25 10:37:47,2026-03-25 10:46:26,519.0,2026-03-25,simulated
Escola Estadual Criança Esperança,Ciências,Professora_Elisa,eb3c72a0bb37fffc786f4ab3c5d9dcfeff614019a87ad1548133b55826c3b9fa,Bruno Dias,Distraido,2026-03-25 10:46:33,2026-03-25 10:47:35,62.0,2026-03-25,simulated
Escola Estadual Criança Esperança,Ciências,Professora_Elisa,eb3c72a0bb37fffc786f4ab3c5d9dcfeff614019a87ad1548133b55826c3b9fa,Bruno Dias,Dormindo,2026-03-25 10:47:38,2026-03-25 10:50:00,142.0,2026-03-25,simulated
Escola Estadual Criança Esperança,Ciências,Professora_Elisa,eb3c72a0bb37fffc786f4ab3c5d9dcfeff614019a87ad1548133b55826c3b9fa,Bruno Dias,Atento,2026-03-25 10:50:02,2026-03-25 10:55:44,342.0,2026-03-25,simulated
Escola Estadual Criança Esperança,Ciências,Professora_Elisa,eb3c72a0bb37fffc786f4ab3c5d9dcfeff614019a87ad1548133b55826c3b9fa,Bruno Dias,Dormindo,2026-03-25 10:55:51,2026-03-25 10:59:58,247.0,2026-03-25,simulated
Escola Estadual Criança Esperança,Ciências,Professora_Elisa,eb3c72a0bb37fffc786f4ab3c5d9dcfeff614019a87ad1548133b55826c3b9fa,Bruno Dias,Agitado,2026-03-25 11:00:04,2026-03-25 11:01:34,90.0,2026-03-25,simulated
Escola Estadual Criança Esperança,Ciências,Professora_Elisa,eb3c72a0bb37fffc786f4ab3c5d9dcfeff614019a87ad1548133b55826c3b9fa,Bruno Dias,Distraido,2026-03-25 11:01:34,2026-03-25 11:04:13,159.0,2026-03-25,simulated
Escola Estadual Criança Esperança,Ciências,Professora_Elisa,eb3c72a0bb37fffc786f4ab3c5d9dcfeff614019a87ad1548133b55826c3b9fa,Bruno Dias,Agitado,2026-03-25 11:04:15,2026-03-25 11:05:38,83.0,2026-03-25,simulated
Escola Estadual Criança Esperança,Ciências,Professora_Elisa,eb3c72a0bb37fffc786f4ab3c5d9dcfeff614019a87ad1548133b55826c3b9fa,Bruno Dias,Distraido,2026-03-25 11:05:41,2026-03-25 11:06:48,67.0,2026-03-25,simulated
Escola Estadual Criança Esperança,Ciências,Professora_Elisa,eb3c72a0bb37fffc786f4ab3c5d9dcfeff614019a87ad1548133b55826c3b9fa,Bruno Dias,Atento,2026-03-25 11:06:52,2026-03-25 11:13:47,415.0,2026-03-25,simulated
Escola Estadual Criança Esperança,Ciências,Professora_Elisa,eb3c72a0bb37fffc786f4ab3c5d9dcfeff614019a87ad1548133b55826c3b9fa,Bruno Dias,Distraido,2026-03-25 11:13:54,2026-03-25 11:16:14,140.0,2026-03-25,simulated
Escola Estadual Criança Esperança,Ciências,Professora_Elisa,eb3c72a0bb37fffc786f4ab3c5d9dcfeff614019a87ad1548133b55826c3b9fa,Bruno Dias,Atento,2026-03-25 11:16:21,2026-03-25 11:27:32,671.0,2026-03-25,simulated
Escola Estadual Criança Esperança,Ciências,Professora_Elisa,eb3c72a0bb37fffc786f4ab3c5d9dcfeff614019a87ad1548133b55826c3b9fa,Bruno Dias,Perguntando,2026-03-25 11:27:33,2026-03-25 11:27:51,18.0,2026-03-25,simulated
Escola Estadual Criança Esperança,Ciências,Professora_Elisa,eb3c72a0bb37fffc786f4ab3c5d9dcfeff614019a87ad1548133b55826c3b9fa,Bruno Dias,Agitado,2026-03-25 11:27:51,2026-03-25 11:28:24,33.0,2026-03-25,simulated
Escola Estadual Criança Esperança,Ciências,Professora_Elisa,eb3c72a0bb37fffc786f4ab3c5d9dcfeff614019a87ad1548133b55826c3b9fa,Bruno Dias,Distraido,2026-03-25 11:28:27,2026-03-25 11:29:26,59.0,2026-03-25,simulated
Escola Estadual Criança Esperança,Ciências,Professora_Elisa,eb3c72a0bb37fffc786f4ab3c5d9dcfeff614019a87ad1548133b55826c3b9fa,Bruno Dias,Dormindo,2026-03-25 11:29:32,2026-03-25 11:33:39,247.0,2026-03-25,simulated
Escola Estadual Criança Esperança,Ciências,Professora_Elisa,eb3c72a0bb37fffc786f4ab3c5d9dcfeff614019a87ad1548133b55826c3b9fa,Bruno Dias,Distraido,2026-03-25 11:33:42,2026-03-25 11:36:09,147.0,2026-03-25,simulated
Escola Estadual Criança Esperança,Ciências,Professora_Elisa,eb3c72a0bb37fffc786f4ab3c5d9dcfeff614019a87ad1548133b55826c3b9fa,Bruno Dias,Atento,2026-03-25 11:36:16,2026-03-25 11:44:00,464.0,2026-03-25,simulated
Escola Estadual Criança Esperança,Ciências,Professora_Elisa,dc9a95b5ba8bb57ac1e73ab7f8c125406ac4da1026d061aaf30426faf91b662f,Ruti da Costa Lima,Distraido,2026-03-25 08:06:00,2026-03-25 08:07:30,90.0,2026-03-25,simulated
Escola Estadual Criança Esperança,Ciências,Professora_Elisa,dc9a95b5ba8bb57ac1e73ab7f8c125406ac4da1026d061aaf30426faf91b662f,Ruti da Costa Lima,Dormindo,2026-03-25 08:07:34,2026-03-25 08:09:30,116.0,2026-03-25,simulated
Escola Estadual Criança Esperança,Ciências,Professora_Elisa,dc9a95b5ba8bb57ac1e73ab7f8c125406ac4da1026d061aaf30426faf91b662f,Ruti da Costa Lima,Atento,2026-03-25 08:09:30,2026-03-25 08:18:56,566.0,2026-03-25,simulated
Escola Estadual Criança Esperança,Ciências,Professora_Elisa,dc9a95b5ba8bb57ac1e73ab7f8c125406ac4da1026d061aaf30426faf91b662f,Ruti da Costa Lima,Distraido,2026-03-25 08:19:01,2026-03-25 08:20:59,118.0,2026-03-25,simulated
Escola Estadual Criança Esperança,Ciências,Professora_Elisa,dc9a95b5ba8bb57ac1e73ab7f8c125406ac4da1026d061aaf30426faf91b662f,Ruti da Costa Lima,Dormindo,2026-03-25 08:21:07,2026-03-25 08:24:38,211.0,2026-03-25,simulated
Escola Estadual Criança Esperança,Ciências,Professora_Elisa,dc9a95b5ba8bb57ac1e73ab7f8c125406ac4da1026d061aaf30426faf91b662f,Ruti da Costa Lima,Distraido,2026-03-25 08:24:43,2026-03-25 08:27:03,140.0,2026-03-25,simulated
Escola Estadual Criança Esperança,Ciências,Professora_Elisa,dc9a95b5ba8bb57ac1e73ab7f8c125406ac4da1026d061aaf30426faf91b662f,Ruti da Costa Lima,Atento,2026-03-25 08:27:06,2026-03-25 08:36:52,586.0,2026-03-25,simulated
Escola Estadual Criança Esperança,Ciências,Professora_Elisa,dc9a95b5ba8bb57ac1e73ab7f8c125406ac4da1026d061aaf30426faf91b662f,Ruti da Costa Lima,Distraido,2026-03-25 08:36:55,2026-03-25 08:39:31,156.0,2026-03-25,simulated
Escola Estadual Criança Esperança,Ciências,Professora_Elisa,dc9a95b5ba8bb57ac1e73ab7f8c125406ac4da1026d061aaf30426faf91b662f,Ruti da Costa Lima,Atento,2026-03-25 08:39:35,2026-03-25 08:45:36,361.0,2026-03-25,simulated
Escola Estadual Criança Esperança,Ciências,Professora_Elisa,dc9a95b5ba8bb57ac1e73ab7f8c125406ac4da1026d061aaf30426faf91b662f,Ruti da Costa Lima,Agitado,2026-03-25 08:45:43,2026-03-25 08:46:47,64.0,2026-03-25,simulated
Escola Estadual Criança Esperança,Ciências,Professora_Elisa,dc9a95b5ba8bb57ac1e73ab7f8c125406ac4da1026d061aaf30426faf91b662f,Ruti da Costa Lima,Atento,2026-03-25 08:46:53,2026-03-25 08:56:37,584.0,2026-03-25,simulated
Escola Estadual Criança Esperança,Ciências,Professora_Elisa,dc9a95b5ba8bb57ac1e73ab7f8c125406ac4da1026d061aaf30426faf91b662f,Ruti da Costa Lima,Dormindo,2026-03-25 08:56:41,2026-03-25 08:58:10,89.0,2026-03-25,simulated
Escola Estadual Criança Esperança,Ciências,Professora_Elisa,dc9a95b5ba8bb57ac1e73ab7f8c125406ac4da1026d061aaf30426faf91b662f,Ruti da Costa Lima,Perguntando,2026-03-25 08:58:13,2026-03-25 08:58:27,14.0,2026-03-25,simulated
Escola Estadual Criança Esperança,Ciências,Professora_Elisa,dc9a95b5ba8bb57ac1e73ab7f8c125406ac4da1026d061aaf30426faf91b662f,Ruti da Costa Lima,Dormindo,2026-03-25 08:58:30,2026-03-25 09:02:23,233.0,2026-03-25,simulated
Escola Estadual Criança Esperança,Ciências,Professora_Elisa,dc9a95b5ba8bb57ac1e73ab7f8c125406ac4da1026d061aaf30426faf91b662f,Ruti da Costa Lima,Distraido,2026-03-25 09:02:29,2026-03-25 09:05:14,165.0,2026-03-25,simulated
Escola Estadual Criança Esperança,Ciências,Professora_Elisa,dc9a95b5ba8bb57ac1e73ab7f8c125406ac4da1026d061aaf30426faf91b662f,Ruti da Costa Lima,Dormindo,2026-03-25 09:05:14,2026-03-25 09:10:08,294.0,2026-03-25,simulated
Escola Estadual Criança Esperança,Ciências,Professora_Elisa,dc9a95b5ba8bb57ac1e73ab7f8c125406ac4da1026d061aaf30426faf91b662f,Ruti da Costa Lima,Distraido,2026-03-25 09:10:15,2026-03-25 09:12:57,162.0,2026-03-25,simulated
Escola Estadual Criança Esperança,Ciências,Professora_Elisa,dc9a95b5ba8bb57ac1e73ab7f8c125406ac4da1026d061aaf30426faf91b662f,Ruti da Costa Lima,Atento,2026-03-25 09:12:57,2026-03-25 09:19:48,411.0,2026-03-25,simulated
Escola Estadual Criança Esperança,Ciências,Professora_Elisa,dc9a95b5ba8bb57ac1e73ab7f8c125406ac4da1026d061aaf30426faf91b662f,Ruti da Costa Lima,Distraido,2026-03-25 09:19:55,2026-03-25 09:22:06,131.0,2026-03-25,simulated
Escola Estadual Criança Esperança,Ciências,Professora_Elisa,dc9a95b5ba8bb57ac1e73ab7f8c125406ac4da1026d061aaf30426faf91b662f,Ruti da Costa Lima,Dormindo,2026-03-25 09:22:07,2026-03-25 09:25:39,212.0,2026-03-25,simulated
Escola Estadual Criança Esperança,Ciências,Professora_Elisa,dc9a95b5ba8bb57ac1e73ab7f8c125406ac4da1026d061aaf30426faf91b662f,Ruti da Costa Lima,Perguntando,2026-03-25 09:25:47,2026-03-25 09:26:14,27.0,2026-03-25,simulated
Escola Estadual Criança Esperança,Ciências,Professora_Elisa,dc9a95b5ba8bb57ac1e73ab7f8c125406ac4da1026d061aaf30426faf91b662f,Ruti da Costa Lima,Dormindo,2026-03-25 09:26:21,2026-03-25 09:30:03,222.0,2026-03-25,simulated
Escola Estadual Criança Esperança,Ciências,Professora_Elisa,dc9a95b5ba8bb57ac1e73ab7f8c125406ac4da1026d061aaf30426faf91b662f,Ruti da Costa Lima,Atento,2026-03-25 09:30:10,2026-03-25 09:36:14,364.0,2026-03-25,simulated
Escola Estadual Criança Esperança,Ciências,Professora_Elisa,dc9a95b5ba8bb57ac1e73ab7f8c125406ac4da1026d061aaf30426faf91b662f,Ruti da Costa Lima,Agitado,2026-03-25 09:36:15,2026-03-25 09:37:38,83.0,2026-03-25,simulated
Escola Estadual Criança Esperança,Ciências,Professora_Elisa,dc9a95b5ba8bb57ac1e73ab7f8c125406ac4da1026d061aaf30426faf91b662f,Ruti da Costa Lima,Perguntando,2026-03-25 09:37:45,2026-03-25 09:38:16,31.0,2026-03-25,simulated
Escola Estadual Criança Esperança,Ciências,Professora_Elisa,dc9a95b5ba8bb57ac1e73ab7f8c125406ac4da1026d061aaf30426faf91b662f,Ruti da Costa Lima,Atento,2026-03-25 09:38:20,2026-03-25 09:46:33,493.0,2026-03-25,simulated
Escola Estadual Criança Esperança,Ciências,Professora_Elisa,dc9a95b5ba8bb57ac1e73ab7f8c125406ac4da1026d061aaf30426faf91b662f,Ruti da Costa Lima,Agitado,2026-03-25 09:46:40,2026-03-25 09:47:21,41.0,2026-03-25,simulated
Escola Estadual Criança Esperança,Ciências,Professora_Elisa,dc9a95b5ba8bb57ac1e73ab7f8c125406ac4da1026d061aaf30426faf91b662f,Ruti da Costa Lima,Atento,2026-03-25 09:47:22,2026-03-25 09:55:40,498.0,2026-03-25,simulated
Escola Estadual Criança Esperança,Ciências,Professora_Elisa,dc9a95b5ba8bb57ac1e73ab7f8c125406ac4da1026d061aaf30426faf91b662f,Ruti da Costa Lima,Distraido,2026-03-25 09:55:47,2026-03-25 09:58:38,171.0,2026-03-25,simulated
Escola Estadual Criança Esperança,Ciências,Professora_Elisa,dc9a95b5ba8bb57ac1e73ab7f8c125406ac4da1026d061aaf30426faf91b662f,Ruti da Costa Lima,Dormindo,2026-03-25 09:58:46,2026-03-25 10:01:09,143.0,2026-03-25,simulated
Escola Estadual Criança Esperança,Ciências,Professora_Elisa,dc9a95b5ba8bb57ac1e73ab7f8c125406ac4da1026d061aaf30426faf91b662f,Ruti da Costa Lima,Atento,2026-03-25 10:01:12,2026-03-25 10:08:09,417.0,2026-03-25,simulated
Escola Estadual Criança Esperança,Ciências,Professora_Elisa,dc9a95b5ba8bb57ac1e73ab7f8c125406ac4da1026d061aaf30426faf91b662f,Ruti da Costa Lima,Distraido,2026-03-25 10:08:15,2026-03-25 10:11:02,167.0,2026-03-25,simulated
Escola Estadual Criança Esperança,Ciências,Professora_Elisa,dc9a95b5ba8bb57ac1e73ab7f8c125406ac4da1026d061aaf30426faf91b662f,Ruti da Costa Lima,Dormindo,2026-03-25 10:11:05,2026-03-25 10:13:27,142.0,2026-03-25,simulated
Escola Estadual Criança Esperança,Ciências,Professora_Elisa,dc9a95b5ba8bb57ac1e73ab7f8c125406ac4da1026d061aaf30426faf91b662f,Ruti da Costa Lima,Distraido,2026-03-25 10:13:33,2026-03-25 10:16:14,161.0,2026-03-25,simulated
Escola Estadual Criança Esperança,Ciências,Professora_Elisa,dc9a95b5ba8bb57ac1e73ab7f8c125406ac4da1026d061aaf30426faf91b662f,Ruti da Costa Lima,Dormindo,2026-03-25 10:16:20,2026-03-25 10:20:15,235.0,2026-03-25,simulated
Escola Estadual Criança Esperança,Ciências,Professora_Elisa,dc9a95b5ba8bb57ac1e73ab7f8c125406ac4da1026d061aaf30426faf91b662f,Ruti da Costa Lima,Atento,2026-03-25 10:20:20,2026-03-25 10:25:35,315.0,2026-03-25,simulated
Escola Estadual Criança Esperança,Ciências,Professora_Elisa,dc9a95b5ba8bb57ac1e73ab7f8c125406ac4da1026d061aaf30426faf91b662f,Ruti da Costa Lima,Dormindo,2026-03-25 10:25:42,2026-03-25 10:30:40,298.0,2026-03-25,simulated
Escola Estadual Criança Esperança,Ciências,Professora_Elisa,dc9a95b5ba8bb57ac1e73ab7f8c125406ac4da1026d061aaf30426faf91b662f,Ruti da Costa Lima,Atento,2026-03-25 10:30:47,2026-03-25 10:40:25,578.0,2026-03-25,simulated
Escola Estadual Criança Esperança,Ciências,Professora_Elisa,dc9a95b5ba8bb57ac1e73ab7f8c125406ac4da1026d061aaf30426faf91b662f,Ruti da Costa Lima,Dormindo,2026-03-25 10:40:27,2026-03-25 10:42:16,109.0,2026-03-25,simulated
Escola Estadual Criança Esperança,Ciências,Professora_Elisa,dc9a95b5ba8bb57ac1e73ab7f8c125406ac4da1026d061aaf30426faf91b662f,Ruti da Costa Lima,Distraido,2026-03-25 10:42:24,2026-03-25 10:44:56,152.0,2026-03-25,simulated
Escola Estadual Criança Esperança,Ciências,Professora_Elisa,dc9a95b5ba8bb57ac1e73ab7f8c125406ac4da1026d061aaf30426faf91b662f,Ruti da Costa Lima,Atento,2026-03-25 10:45:02,2026-03-25 10:51:25,383.0,2026-03-25,simulated
Escola Estadual Criança Esperança,Ciências,Professora_Elisa,dc9a95b5ba8bb57ac1e73ab7f8c125406ac4da1026d061aaf30426faf91b662f,Ruti da Costa Lima,Dormindo,2026-03-25 10:51:33,2026-03-25 10:55:09,216.0,2026-03-25,simulated
Escola Estadual Criança Esperança,Ciências,Professora_Elisa,dc9a95b5ba8bb57ac1e73ab7f8c125406ac4da1026d061aaf30426faf91b662f,Ruti da Costa Lima,Perguntando,2026-03-25 10:55:10,2026-03-25 10:55:41,31.0,2026-03-25,simulated
Escola Estadual Criança Esperança,Ciências,Professora_Elisa,dc9a95b5ba8bb57ac1e73ab7f8c125406ac4da1026d061aaf30426faf91b662f,Ruti da Costa Lima,Distraido,2026-03-25 10:55:47,2026-03-25 10:58:13,146.0,2026-03-25,simulated
Escola Estadual Criança Esperança,Ciências,Professora_Elisa,dc9a95b5ba8bb57ac1e73ab7f8c125406ac4da1026d061aaf30426faf91b662f,Ruti da Costa Lima,Dormindo,2026-03-25 10:58:17,2026-03-25 10:59:20,63.0,2026-03-25,simulated
Escola Estadual Criança Esperança,Ciências,Professora_Elisa,dc9a95b5ba8bb57ac1e73ab7f8c125406ac4da1026d061aaf30426faf91b662f,Ruti da Costa Lima,Distraido,2026-03-25 10:59:20,2026-03-25 11:00:31,71.0,2026-03-25,simulated
Escola Estadual Criança Esperança,Ciências,Professora_Elisa,dc9a95b5ba8bb57ac1e73ab7f8c125406ac4da1026d061aaf30426faf91b662f,Ruti da Costa Lima,Dormindo,2026-03-25 11:00:31,2026-03-25 11:03:03,152.0,2026-03-25,simulated
Escola Estadual Criança Esperança,Ciências,Professora_Elisa,dc9a95b5ba8bb57ac1e73ab7f8c125406ac4da1026d061aaf30426faf91b662f,Ruti da Costa Lima,Perguntando,2026-03-25 11:03:11,2026-03-25 11:03:23,12.0,2026-03-25,simulated
Escola Estadual Criança Esperança,Ciências,Professora_Elisa,dc9a95b5ba8bb57ac1e73ab7f8c125406ac4da1026d061aaf30426faf91b662f,Ruti da Costa Lima,Dormindo,2026-03-25 11:03:29,2026-03-25 11:06:37,188.0,2026-03-25,simulated
Escola Estadual Criança Esperança,Ciências,Professora_Elisa,dc9a95b5ba8bb57ac1e73ab7f8c125406ac4da1026d061aaf30426faf91b662f,Ruti da Costa Lima,Atento,2026-03-25 11:06:41,2026-03-25 11:12:14,333.0,2026-03-25,simulated
Escola Estadual Criança Esperança,Ciências,Professora_Elisa,dc9a95b5ba8bb57ac1e73ab7f8c125406ac4da1026d061aaf30426faf91b662f,Ruti da Costa Lima,Perguntando,2026-03-25 11:12:22,2026-03-25 11:12:39,17.0,2026-03-25,simulated
Escola Estadual Criança Esperança,Ciências,Professora_Elisa,dc9a95b5ba8bb57ac1e73ab7f8c125406ac4da1026d061aaf30426faf91b662f,Ruti da Costa Lima,Dormindo,2026-03-25 11:12:44,2026-03-25 11:15:41,177.0,2026-03-25,simulated
Escola Estadual Criança Esperança,Ciências,Professora_Elisa,dc9a95b5ba8bb57ac1e73ab7f8c125406ac4da1026d061aaf30426faf91b662f,Ruti da Costa Lima,Distraido,2026-03-25 11:15:45,2026-03-25 11:16:57,72.0,2026-03-25,simulated
Escola Estadual Criança Esperança,Ciências,Professora_Elisa,dc9a95b5ba8bb57ac1e73ab7f8c125406ac4da1026d061aaf30426faf91b662f,Ruti da Costa Lima,Dormindo,2026-03-25 11:17:04,2026-03-25 11:19:14,130.0,2026-03-25,simulated
Escola Estadual Criança Esperança,Ciências,Professora_Elisa,dc9a95b5ba8bb57ac1e73ab7f8c125406ac4da1026d061aaf30426faf91b662f,Ruti da Costa Lima,Atento,2026-03-25 11:19:15,2026-03-25 11:26:19,424.0,2026-03-25,simulated
Escola Estadual Criança Esperança,Ciências,Professora_Elisa,dc9a95b5ba8bb57ac1e73ab7f8c125406ac4da1026d061aaf30426faf91b662f,Ruti da Costa Lima,Dormindo,2026-03-25 11:26:21,2026-03-25 11:29:13,172.0,2026-03-25,simulated
Escola Estadual Criança Esperança,Ciências,Professora_Elisa,dc9a95b5ba8bb57ac1e73ab7f8c125406ac4da1026d061aaf30426faf91b662f,Ruti da Costa Lima,Agitado,2026-03-25 11:29:19,2026-03-25 11:30:45,86.0,2026-03-25,simulated
Escola Estadual Criança Esperança,Ciências,Professora_Elisa,dc9a95b5ba8bb57ac1e73ab7f8c125406ac4da1026d061aaf30426faf91b662f,Ruti da Costa Lima,Dormindo,2026-03-25 11:30:46,2026-03-25 11:31:48,62.0,2026-03-25,simulated
Escola Estadual Criança Esperança,Ciências,Professora_Elisa,dc9a95b5ba8bb57ac1e73ab7f8c125406ac4da1026d061aaf30426faf91b662f,Ruti da Costa Lima,Atento,2026-03-25 11:31:54,2026-03-25 11:43:14,680.0,2026-03-25,simulated
Escola Estadual Criança Esperança,Ciências,Professora_Elisa,dc9a95b5ba8bb57ac1e73ab7f8c125406ac4da1026d061aaf30426faf91b662f,Ruti da Costa Lima,Distraido,2026-03-25 11:43:20,2026-03-25 11:45:04,104.0,2026-03-25,simulated
Escola Estadual Criança Esperança,Ciências,Professora_Elisa,dc9a95b5ba8bb57ac1e73ab7f8c125406ac4da1026d061aaf30426faf91b662f,Ruti da Costa Lima,Atento,2026-03-25 11:45:09,2026-03-25 11:46:00,51.0,2026-03-25,simulated
Escola Estadual Criança Esperança,Ciências,Professora_Elisa,1f5624d608f5310226c28aebea723be5755bef49bd56f7361fb66357f10133e5,Paullo Geovanne,Atento,2026-03-25 08:08:00,2026-03-25 08:13:29,329.0,2026-03-25,simulated
Escola Estadual Criança Esperança,Ciências,Professora_Elisa,1f5624d608f5310226c28aebea723be5755bef49bd56f7361fb66357f10133e5,Paullo Geovanne,Perguntando,2026-03-25 08:13:32,2026-03-25 08:13:59,27.0,2026-03-25,simulated
Escola Estadual Criança Esperança,Ciências,Professora_Elisa,1f5624d608f5310226c28aebea723be5755bef49bd56f7361fb66357f10133e5,Paullo Geovanne,Atento,2026-03-25 08:14:00,2026-03-25 08:25:45,705.0,2026-03-25,simulated
Escola Estadual Criança Esperança,Ciências,Professora_Elisa,1f5624d608f5310226c28aebea723be5755bef49bd56f7361fb66357f10133e5,Paullo Geovanne,Perguntando,2026-03-25 08:25:49,2026-03-25 08:26:18,29.0,2026-03-25,simulated
Escola Estadual Criança Esperança,Ciências,Professora_Elisa,1f5624d608f5310226c28aebea723be5755bef49bd56f7361fb66357f10133e5,Paullo Geovanne,Distraido,2026-03-25 08:26:22,2026-03-25 08:29:12,170.0,2026-03-25,simulated
Escola Estadual Criança Esperança,Ciências,Professora_Elisa,1f5624d608f5310226c28aebea723be5755bef49bd56f7361fb66357f10133e5,Paullo Geovanne,Perguntando,2026-03-25 08:29:16,2026-03-25 08:29:51,35.0,2026-03-25,simulated
Escola Estadual Criança Esperança,Ciências,Professora_Elisa,1f5624d608f5310226c28aebea723be5755bef49bd56f7361fb66357f10133e5,Paullo Geovanne,Atento,2026-03-25 08:29:57,2026-03-25 08:40:56,659.0,2026-03-25,simulated
Escola Estadual Criança Esperança,Ciências,Professora_Elisa,1f5624d608f5310226c28aebea723be5755bef49bd56f7361fb66357f10133e5,Paullo Geovanne,Perguntando,2026-03-25 08:41:04,2026-03-25 08:41:40,36.0,2026-03-25,simulated
Escola Estadual Criança Esperança,Ciências,Professora_Elisa,1f5624d608f5310226c28aebea723be5755bef49bd56f7361fb66357f10133e5,Paullo Geovanne,Atento,2026-03-25 08:41:48,2026-03-25 08:48:52,424.0,2026-03-25,simulated
Escola Estadual Criança Esperança,Ciências,Professora_Elisa,1f5624d608f5310226c28aebea723be5755bef49bd56f7361fb66357f10133e5,Paullo Geovanne,Perguntando,2026-03-25 08:48:57,2026-03-25 08:49:26,29.0,2026-03-25,simulated
Escola Estadual Criança Esperança,Ciências,Professora_Elisa,1f5624d608f5310226c28aebea723be5755bef49bd56f7361fb66357f10133e5,Paullo Geovanne,Atento,2026-03-25 08:49:34,2026-03-25 08:57:32,478.0,2026-03-25,simulated
Escola Estadual Criança Esperança,Ciências,Professora_Elisa,1f5624d608f5310226c28aebea723be5755bef49bd56f7361fb66357f10133e5,Paullo Geovanne,Perguntando,2026-03-25 08:57:34,2026-03-25 08:58:06,32.0,2026-03-25,simulated
Escola Estadual Criança Esperança,Ciências,Professora_Elisa,1f5624d608f5310226c28aebea723be5755bef49bd56f7361fb66357f10133e5,Paullo Geovanne,Atento,2026-03-25 08:58:10,2026-03-25 09:07:34,564.0,2026-03-25,simulated
Escola Estadual Criança Esperança,Ciências,Professora_Elisa,1f5624d608f5310226c28aebea723be5755bef49bd56f7361fb66357f10133e5,Paullo Geovanne,Perguntando,2026-03-25 09:07:35,2026-03-25 09:07:51,16.0,2026-03-25,simulated
Escola Estadual Criança Esperança,Ciências,Professora_Elisa,1f5624d608f5310226c28aebea723be5755bef49bd56f7361fb66357f10133e5,Paullo Geovanne,Atento,2026-03-25 09:07:59,2026-03-25 09:15:48,469.0,2026-03-25,simulated
Escola Estadual Criança Esperança,Ciências,Professora_Elisa,1f5624d608f5310226c28aebea723be5755bef49bd56f7361fb66357f10133e5,Paullo Geovanne,Perguntando,2026-03-25 09:15:54,2026-03-25 09:16:13,19.0,2026-03-25,simulated
Escola Estadual Criança Esperança,Ciências,Professora_Elisa,1f5624d608f5310226c28aebea723be5755bef49bd56f7361fb66357f10133e5,Paullo Geovanne,Atento,2026-03-25 09:16:21,2026-03-25 09:23:07,406.0,2026-03-25,simulated
Escola Estadual Criança Esperança,Ciências,Professora_Elisa,1f5624d608f5310226c28aebea723be5755bef49bd56f7361fb66357f10133e5,Paullo Geovanne,Perguntando,2026-03-25 09:23:11,2026-03-25 09:23:32,21.0,2026-03-25,simulated
Escola Estadual Criança Esperança,Ciências,Professora_Elisa,1f5624d608f5310226c28aebea723be5755bef49bd56f7361fb66357f10133e5,Paullo Geovanne,Atento,2026-03-25 09:23:32,2026-03-25 09:30:39,427.0,2026-03-25,simulated
Escola Estadual Criança Esperança,Ciências,Professora_Elisa,1f5624d608f5310226c28aebea723be5755bef49bd56f7361fb66357f10133e5,Paullo Geovanne,Perguntando,2026-03-25 09:30:47,2026-03-25 09:31:02,15.0,2026-03-25,simulated
Escola Estadual Criança Esperança,Ciências,Professora_Elisa,1f5624d608f5310226c28aebea723be5755bef49bd56f7361fb66357f10133e5,Paullo Geovanne,Atento,2026-03-25 09:31:04,2026-03-25 09:41:23,619.0,2026-03-25,simulated
Escola Estadual Criança Esperança,Ciências,Professora_Elisa,1f5624d608f5310226c28aebea723be5755bef49bd56f7361fb66357f10133e5,Paullo Geovanne,Perguntando,2026-03-25 09:41:30,2026-03-25 09:42:02,32.0,2026-03-25,simulated
Escola Estadual Criança Esperança,Ciências,Professora_Elisa,1f5624d608f5310226c28aebea723be5755bef49bd56f7361fb66357f10133e5,Paullo Geovanne,Atento,2026-03-25 09:42:10,2026-03-25 09:48:10,360.0,2026-03-25,simulated
Escola Estadual Criança Esperança,Ciências,Professora_Elisa,1f5624d608f5310226c28aebea723be5755bef49bd56f7361fb66357f10133e5,Paullo Geovanne,Distraido,2026-03-25 09:48:10,2026-03-25 09:49:53,103.0,2026-03-25,simulated
Escola Estadual Criança Esperança,Ciências,Professora_Elisa,1f5624d608f5310226c28aebea723be5755bef49bd56f7361fb66357f10133e5,Paullo Geovanne,Atento,2026-03-25 09:49:55,2026-03-25 09:55:36,341.0,2026-03-25,simulated
Escola Estadual Criança Esperança,Ciências,Professora_Elisa,1f5624d608f5310226c28aebea723be5755bef49bd56f7361fb66357f10133e5,Paullo Geovanne,Perguntando,2026-03-25 09:55:41,2026-03-25 09:56:02,21.0,2026-03-25,simulated
Escola Estadual Criança Esperança,Ciências,Professora_Elisa,1f5624d608f5310226c28aebea723be5755bef49bd56f7361fb66357f10133e5,Paullo Geovanne,Atento,2026-03-25 09:56:08,2026-03-25 10:07:24,676.0,2026-03-25,simulated
Escola Estadual Criança Esperança,Ciências,Professora_Elisa,1f5624d608f5310226c28aebea723be5755bef49bd56f7361fb66357f10133e5,Paullo Geovanne,Distraido,2026-03-25 10:07:26,2026-03-25 10:09:13,107.0,2026-03-25,simulated
Escola Estadual Criança Esperança,Ciências,Professora_Elisa,1f5624d608f5310226c28aebea723be5755bef49bd56f7361fb66357f10133e5,Paullo Geovanne,Atento,2026-03-25 10:09:21,2026-03-25 10:20:58,697.0,2026-03-25,simulated
Escola Estadual Criança Esperança,Ciências,Professora_Elisa,1f5624d608f5310226c28aebea723be5755bef49bd56f7361fb66357f10133e5,Paullo Geovanne,Perguntando,2026-03-25 10:21:01,2026-03-25 10:21:23,22.0,2026-03-25,simulated
Escola Estadual Criança Esperança,Ciências,Professora_Elisa,1f5624d608f5310226c28aebea723be5755bef49bd56f7361fb66357f10133e5,Paullo Geovanne,Atento,2026-03-25 10:21:29,2026-03-25 10:29:34,485.0,2026-03-25,simulated
Escola Estadual Criança Esperança,Ciências,Professora_Elisa,1f5624d608f5310226c28aebea723be5755bef49bd56f7361fb66357f10133e5,Paullo Geovanne,Perguntando,2026-03-25 10:29:39,2026-03-25 10:30:11,32.0,2026-03-25,simulated
Escola Estadual Criança Esperança,Ciências,Professora_Elisa,1f5624d608f5310226c28aebea723be5755bef49bd56f7361fb66357f10133e5,Paullo Geovanne,Atento,2026-03-25 10:30:15,2026-03-25 10:39:33,558.0,2026-03-25,simulated
Escola Estadual Criança Esperança,Ciências,Professora_Elisa,1f5624d608f5310226c28aebea723be5755bef49bd56f7361fb66357f10133e5,Paullo Geovanne,Perguntando,2026-03-25 10:39:39,2026-03-25 10:40:11,32.0,2026-03-25,simulated
Escola Estadual Criança Esperança,Ciências,Professora_Elisa,1f5624d608f5310226c28aebea723be5755bef49bd56f7361fb66357f10133e5,Paullo Geovanne,Atento,2026-03-25 10:40:11,2026-03-25 10:52:01,710.0,2026-03-25,simulated
Escola Estadual Criança Esperança,Ciências,Professora_Elisa,1f5624d608f5310226c28aebea723be5755bef49bd56f7361fb66357f10133e5,Paullo Geovanne,Perguntando,2026-03-25 10:52:04,2026-03-25 10:52:33,29.0,2026-03-25,simulated
Escola Estadual Criança Esperança,Ciências,Professora_Elisa,1f5624d608f5310226c28aebea723be5755bef49bd56f7361fb66357f10133e5,Paullo Geovanne,Atento,2026-03-25 10:52:39,2026-03-25 11:02:25,586.0,2026-03-25,simulated
Escola Estadual Criança Esperança,Ciências,Professora_Elisa,1f5624d608f5310226c28aebea723be5755bef49bd56f7361fb66357f10133e5,Paullo Geovanne,Perguntando,2026-03-25 11:02:25,2026-03-25 11:03:03,38.0,2026-03-25,simulated
Escola Estadual Criança Esperança,Ciências,Professora_Elisa,1f5624d608f5310226c28aebea723be5755bef49bd56f7361fb66357f10133e5,Paullo Geovanne,Distraido,2026-03-25 11:03:04,2026-03-25 11:05:56,172.0,2026-03-25,simulated
Escola Estadual Criança Esperança,Ciências,Professora_Elisa,1f5624d608f5310226c28aebea723be5755bef49bd56f7361fb66357f10133e5,Paullo Geovanne,Dormindo,2026-03-25 11:06:00,2026-03-25 11:08:44,164.0,2026-03-25,simulated
Escola Estadual Criança Esperança,Ciências,Professora_Elisa,1f5624d608f5310226c28aebea723be5755bef49bd56f7361fb66357f10133e5,Paullo Geovanne,Perguntando,2026-03-25 11:08:47,2026-03-25 11:09:19,32.0,2026-03-25,simulated
Escola Estadual Criança Esperança,Ciências,Professora_Elisa,1f5624d608f5310226c28aebea723be5755bef49bd56f7361fb66357f10133e5,Paullo Geovanne,Atento,2026-03-25 11:09:27,2026-03-25 11:20:36,669.0,2026-03-25,simulated
Escola Estadual Criança Esperança,Ciências,Professora_Elisa,1f5624d608f5310226c28aebea723be5755bef49bd56f7361fb66357f10133e5,Paullo Geovanne,Atento,2026-03-25 11:20:43,2026-03-25 11:30:02,559.0,2026-03-25,simulated
Escola Estadual Criança Esperança,Ciências,Professora_Elisa,1f5624d608f5310226c28aebea723be5755bef49bd56f7361fb66357f10133e5,Paullo Geovanne,Atento,2026-03-25 11:30:06,2026-03-25 11:37:45,459.0,2026-03-25,simulated
Escola Estadual Criança Esperança,Ciências,Professora_Elisa,1f5624d608f5310226c28aebea723be5755bef49bd56f7361fb66357f10133e5,Paullo Geovanne,Perguntando,2026-03-25 11:37:53,2026-03-25 11:38:24,31.0,2026-03-25,simulated
Escola Estadual Criança Esperança,Ciências,Professora_Elisa,1f5624d608f5310226c28aebea723be5755bef49bd56f7361fb66357f10133e5,Paullo Geovanne,Dormindo,2026-03-25 11:38:24,2026-03-25 11:39:28,64.0,2026-03-25,simulated
Escola Estadual Criança Esperança,Ciências,Professora_Elisa,1f5624d608f5310226c28aebea723be5755bef49bd56f7361fb66357f10133e5,Paullo Geovanne,Atento,2026-03-25 11:39:32,2026-03-25 11:48:00,508.0,2026-03-25,simulated
Escola Estadual Criança Esperança,Ciências,Professora_Elisa,1dd437c73ff9fac4d9f9c9c4ba29924a8d14d31aa348772e1944c31cacebce98,Thiago Campos,Perguntando,2026-03-25 08:10:00,2026-03-25 08:10:30,30.0,2026-03-25,simulated
Escola Estadual Criança Esperança,Ciências,Professora_Elisa,1dd437c73ff9fac4d9f9c9c4ba29924a8d14d31aa348772e1944c31cacebce98,Thiago Campos,Agitado,2026-03-25 08:10:38,2026-03-25 08:12:06,88.0,2026-03-25,simulated
Escola Estadual Criança Esperança,Ciências,Professora_Elisa,1dd437c73ff9fac4d9f9c9c4ba29924a8d14d31aa348772e1944c31cacebce98,Thiago Campos,Distraido,2026-03-25 08:12:06,2026-03-25 08:14:35,149.0,2026-03-25,simulated
Escola Estadual Criança Esperança,Ciências,Professora_Elisa,1dd437c73ff9fac4d9f9c9c4ba29924a8d14d31aa348772e1944c31cacebce98,Thiago Campos,Atento,2026-03-25 08:14:37,2026-03-25 08:22:33,476.0,2026-03-25,simulated
Escola Estadual Criança Esperança,Ciências,Professora_Elisa,1dd437c73ff9fac4d9f9c9c4ba29924a8d14d31aa348772e1944c31cacebce98,Thiago Campos,Distraido,2026-03-25 08:22:41,2026-03-25 08:24:43,122.0,2026-03-25,simulated
Escola Estadual Criança Esperança,Ciências,Professora_Elisa,1dd437c73ff9fac4d9f9c9c4ba29924a8d14d31aa348772e1944c31cacebce98,Thiago Campos,Perguntando,2026-03-25 08:24:45,2026-03-25 08:25:20,35.0,2026-03-25,simulated
Escola Estadual Criança Esperança,Ciências,Professora_Elisa,1dd437c73ff9fac4d9f9c9c4ba29924a8d14d31aa348772e1944c31cacebce98,Thiago Campos,Distraido,2026-03-25 08:25:24,2026-03-25 08:27:30,126.0,2026-03-25,simulated
Escola Estadual Criança Esperança,Ciências,Professora_Elisa,1dd437c73ff9fac4d9f9c9c4ba29924a8d14d31aa348772e1944c31cacebce98,Thiago Campos,Atento,2026-03-25 08:27:33,2026-03-25 08:33:37,364.0,2026-03-25,simulated
Escola Estadual Criança Esperança,Ciências,Professora_Elisa,1dd437c73ff9fac4d9f9c9c4ba29924a8d14d31aa348772e1944c31cacebce98,Thiago Campos,Perguntando,2026-03-25 08:33:38,2026-03-25 08:34:13,35.0,2026-03-25,simulated
Escola Estadual Criança Esperança,Ciências,Professora_Elisa,1dd437c73ff9fac4d9f9c9c4ba29924a8d14d31aa348772e1944c31cacebce98,Thiago Campos,Distraido,2026-03-25 08:34:21,2026-03-25 08:35:18,57.0,2026-03-25,simulated
Escola Estadual Criança Esperança,Ciências,Professora_Elisa,1dd437c73ff9fac4d9f9c9c4ba29924a8d14d31aa348772e1944c31cacebce98,Thiago Campos,Perguntando,2026-03-25 08:35:22,2026-03-25 08:35:57,35.0,2026-03-25,simulated
Escola Estadual Criança Esperança,Ciências,Professora_Elisa,1dd437c73ff9fac4d9f9c9c4ba29924a8d14d31aa348772e1944c31cacebce98,Thiago Campos,Distraido,2026-03-25 08:36:05,2026-03-25 08:36:53,48.0,2026-03-25,simulated
Escola Estadual Criança Esperança,Ciências,Professora_Elisa,1dd437c73ff9fac4d9f9c9c4ba29924a8d14d31aa348772e1944c31cacebce98,Thiago Campos,Atento,2026-03-25 08:36:57,2026-03-25 08:46:47,590.0,2026-03-25,simulated
Escola Estadual Criança Esperança,Ciências,Professora_Elisa,1dd437c73ff9fac4d9f9c9c4ba29924a8d14d31aa348772e1944c31cacebce98,Thiago Campos,Perguntando,2026-03-25 08:46:52,2026-03-25 08:47:21,29.0,2026-03-25,simulated
Escola Estadual Criança Esperança,Ciências,Professora_Elisa,1dd437c73ff9fac4d9f9c9c4ba29924a8d14d31aa348772e1944c31cacebce98,Thiago Campos,Atento,2026-03-25 08:47:29,2026-03-25 08:54:37,428.0,2026-03-25,simulated
Escola Estadual Criança Esperança,Ciências,Professora_Elisa,1dd437c73ff9fac4d9f9c9c4ba29924a8d14d31aa348772e1944c31cacebce98,Thiago Campos,Distraido,2026-03-25 08:54:37,2026-03-25 08:55:31,54.0,2026-03-25,simulated
Escola Estadual Criança Esperança,Ciências,Professora_Elisa,1dd437c73ff9fac4d9f9c9c4ba29924a8d14d31aa348772e1944c31cacebce98,Thiago Campos,Atento,2026-03-25 08:55:31,2026-03-25 09:03:42,491.0,2026-03-25,simulated
Escola Estadual Criança Esperança,Ciências,Professora_Elisa,1dd437c73ff9fac4d9f9c9c4ba29924a8d14d31aa348772e1944c31cacebce98,Thiago Campos,Perguntando,2026-03-25 09:03:42,2026-03-25 09:04:15,33.0,2026-03-25,simulated
Escola Estadual Criança Esperança,Ciências,Professora_Elisa,1dd437c73ff9fac4d9f9c9c4ba29924a8d14d31aa348772e1944c31cacebce98,Thiago Campos,Agitado,2026-03-25 09:04:15,2026-03-25 09:05:44,89.0,2026-03-25,simulated
Escola Estadual Criança Esperança,Ciências,Professora_Elisa,1dd437c73ff9fac4d9f9c9c4ba29924a8d14d31aa348772e1944c31cacebce98,Thiago Campos,Atento,2026-03-25 09:05:49,2026-03-25 09:15:49,600.0,2026-03-25,simulated
Escola Estadual Criança Esperança,Ciências,Professora_Elisa,1dd437c73ff9fac4d9f9c9c4ba29924a8d14d31aa348772e1944c31cacebce98,Thiago Campos,Distraido,2026-03-25 09:15:51,2026-03-25 09:17:04,73.0,2026-03-25,simulated
Escola Estadual Criança Esperança,Ciências,Professora_Elisa,1dd437c73ff9fac4d9f9c9c4ba29924a8d14d31aa348772e1944c31cacebce98,Thiago Campos,Agitado,2026-03-25 09:17:10,2026-03-25 09:18:32,82.0,2026-03-25,simulated
Escola Estadual Criança Esperança,Ciências,Professora_Elisa,1dd437c73ff9fac4d9f9c9c4ba29924a8d14d31aa348772e1944c31cacebce98,Thiago Campos,Atento,2026-03-25 09:18:32,2026-03-25 09:24:00,328.0,2026-03-25,simulated
Escola Estadual Criança Esperança,Ciências,Professora_Elisa,1dd437c73ff9fac4d9f9c9c4ba29924a8d14d31aa348772e1944c31cacebce98,Thiago Campos,Dormindo,2026-03-25 09:24:07,2026-03-25 09:27:22,195.0,2026-03-25,simulated
Escola Estadual Criança Esperança,Ciências,Professora_Elisa,1dd437c73ff9fac4d9f9c9c4ba29924a8d14d31aa348772e1944c31cacebce98,Thiago Campos,Perguntando,2026-03-25 09:27:28,2026-03-25 09:28:07,39.0,2026-03-25,simulated
Escola Estadual Criança Esperança,Ciências,Professora_Elisa,1dd437c73ff9fac4d9f9c9c4ba29924a8d14d31aa348772e1944c31cacebce98,Thiago Campos,Agitado,2026-03-25 09:28:07,2026-03-25 09:28:57,50.0,2026-03-25,simulated
Escola Estadual Criança Esperança,Ciências,Professora_Elisa,1dd437c73ff9fac4d9f9c9c4ba29924a8d14d31aa348772e1944c31cacebce98,Thiago Campos,Perguntando,2026-03-25 09:29:02,2026-03-25 09:29:15,13.0,2026-03-25,simulated
Escola Estadual Criança Esperança,Ciências,Professora_Elisa,1dd437c73ff9fac4d9f9c9c4ba29924a8d14d31aa348772e1944c31cacebce98,Thiago Campos,Agitado,2026-03-25 09:29:21,2026-03-25 09:30:43,82.0,2026-03-25,simulated
Escola Estadual Criança Esperança,Ciências,Professora_Elisa,1dd437c73ff9fac4d9f9c9c4ba29924a8d14d31aa348772e1944c31cacebce98,Thiago Campos,Perguntando,2026-03-25 09:30:50,2026-03-25 09:31:12,22.0,2026-03-25,simulated
Escola Estadual Criança Esperança,Ciências,Professora_Elisa,1dd437c73ff9fac4d9f9c9c4ba29924a8d14d31aa348772e1944c31cacebce98,Thiago Campos,Agitado,2026-03-25 09:31:14,2026-03-25 09:32:30,76.0,2026-03-25,simulated
Escola Estadual Criança Esperança,Ciências,Professora_Elisa,1dd437c73ff9fac4d9f9c9c4ba29924a8d14d31aa348772e1944c31cacebce98,Thiago Campos,Perguntando,2026-03-25 09:32:34,2026-03-25 09:33:11,37.0,2026-03-25,simulated
Escola Estadual Criança Esperança,Ciências,Professora_Elisa,1dd437c73ff9fac4d9f9c9c4ba29924a8d14d31aa348772e1944c31cacebce98,Thiago Campos,Agitado,2026-03-25 09:33:13,2026-03-25 09:34:01,48.0,2026-03-25,simulated
Escola Estadual Criança Esperança,Ciências,Professora_Elisa,1dd437c73ff9fac4d9f9c9c4ba29924a8d14d31aa348772e1944c31cacebce98,Thiago Campos,Perguntando,2026-03-25 09:34:05,2026-03-25 09:34:26,21.0,2026-03-25,simulated
Escola Estadual Criança Esperança,Ciências,Professora_Elisa,1dd437c73ff9fac4d9f9c9c4ba29924a8d14d31aa348772e1944c31cacebce98,Thiago Campos,Atento,2026-03-25 09:34:34,2026-03-25 09:45:24,650.0,2026-03-25,simulated
Escola Estadual Criança Esperança,Ciências,Professora_Elisa,1dd437c73ff9fac4d9f9c9c4ba29924a8d14d31aa348772e1944c31cacebce98,Thiago Campos,Distraido,2026-03-25 09:45:25,2026-03-25 09:48:09,164.0,2026-03-25,simulated
Escola Estadual Criança Esperança,Ciências,Professora_Elisa,1dd437c73ff9fac4d9f9c9c4ba29924a8d14d31aa348772e1944c31cacebce98,Thiago Campos,Atento,2026-03-25 09:48:11,2026-03-25 09:57:47,576.0,2026-03-25,simulated
Escola Estadual Criança Esperança,Ciências,Professora_Elisa,1dd437c73ff9fac4d9f9c9c4ba29924a8d14d31aa348772e1944c31cacebce98,Thiago Campos,Perguntando,2026-03-25 09:57:47,2026-03-25 09:58:03,16.0,2026-03-25,simulated
Escola Estadual Criança Esperança,Ciências,Professora_Elisa,1dd437c73ff9fac4d9f9c9c4ba29924a8d14d31aa348772e1944c31cacebce98,Thiago Campos,Atento,2026-03-25 09:58:08,2026-03-25 10:05:42,454.0,2026-03-25,simulated
Escola Estadual Criança Esperança,Ciências,Professora_Elisa,1dd437c73ff9fac4d9f9c9c4ba29924a8d14d31aa348772e1944c31cacebce98,Thiago Campos,Distraido,2026-03-25 10:05:50,2026-03-25 10:08:14,144.0,2026-03-25,simulated
Escola Estadual Criança Esperança,Ciências,Professora_Elisa,1dd437c73ff9fac4d9f9c9c4ba29924a8d14d31aa348772e1944c31cacebce98,Thiago Campos,Atento,2026-03-25 10:08:15,2026-03-25 10:16:55,520.0,2026-03-25,simulated
Escola Estadual Criança Esperança,Ciências,Professora_Elisa,1dd437c73ff9fac4d9f9c9c4ba29924a8d14d31aa348772e1944c31cacebce98,Thiago Campos,Dormindo,2026-03-25 10:17:01,2026-03-25 10:20:58,237.0,2026-03-25,simulated
Escola Estadual Criança Esperança,Ciências,Professora_Elisa,1dd437c73ff9fac4d9f9c9c4ba29924a8d14d31aa348772e1944c31cacebce98,Thiago Campos,Perguntando,2026-03-25 10:21:00,2026-03-25 10:21:37,37.0,2026-03-25,simulated
Escola Estadual Criança Esperança,Ciências,Professora_Elisa,1dd437c73ff9fac4d9f9c9c4ba29924a8d14d31aa348772e1944c31cacebce98,Thiago Campos,Atento,2026-03-25 10:21:42,2026-03-25 10:27:53,371.0,2026-03-25,simulated
Escola Estadual Criança Esperança,Ciências,Professora_Elisa,1dd437c73ff9fac4d9f9c9c4ba29924a8d14d31aa348772e1944c31cacebce98,Thiago Campos,Perguntando,2026-03-25 10:27:55,2026-03-25 10:28:16,21.0,2026-03-25,simulated
Escola Estadual Criança Esperança,Ciências,Professora_Elisa,1dd437c73ff9fac4d9f9c9c4ba29924a8d14d31aa348772e1944c31cacebce98,Thiago Campos,Atento,2026-03-25 10:28:22,2026-03-25 10:36:00,458.0,2026-03-25,simulated
Escola Estadual Criança Esperança,Ciências,Professora_Elisa,1dd437c73ff9fac4d9f9c9c4ba29924a8d14d31aa348772e1944c31cacebce98,Thiago Campos,Perguntando,2026-03-25 10:36:08,2026-03-25 10:36:48,40.0,2026-03-25,simulated
Escola Estadual Criança Esperança,Ciências,Professora_Elisa,1dd437c73ff9fac4d9f9c9c4ba29924a8d14d31aa348772e1944c31cacebce98,Thiago Campos,Agitado,2026-03-25 10:36:54,2026-03-25 10:38:10,76.0,2026-03-25,simulated
Escola Estadual Criança Esperança,Ciências,Professora_Elisa,1dd437c73ff9fac4d9f9c9c4ba29924a8d14d31aa348772e1944c31cacebce98,Thiago Campos,Atento,2026-03-25 10:38:10,2026-03-25 10:43:41,331.0,2026-03-25,simulated
Escola Estadual Criança Esperança,Ciências,Professora_Elisa,1dd437c73ff9fac4d9f9c9c4ba29924a8d14d31aa348772e1944c31cacebce98,Thiago Campos,Perguntando,2026-03-25 10:43:41,2026-03-25 10:44:01,20.0,2026-03-25,simulated
Escola Estadual Criança Esperança,Ciências,Professora_Elisa,1dd437c73ff9fac4d9f9c9c4ba29924a8d14d31aa348772e1944c31cacebce98,Thiago Campos,Distraido,2026-03-25 10:44:07,2026-03-25 10:46:06,119.0,2026-03-25,simulated
Escola Estadual Criança Esperança,Ciências,Professora_Elisa,1dd437c73ff9fac4d9f9c9c4ba29924a8d14d31aa348772e1944c31cacebce98,Thiago Campos,Perguntando,2026-03-25 10:46:07,2026-03-25 10:46:37,30.0,2026-03-25,simulated
Escola Estadual Criança Esperança,Ciências,Professora_Elisa,1dd437c73ff9fac4d9f9c9c4ba29924a8d14d31aa348772e1944c31cacebce98,Thiago Campos,Atento,2026-03-25 10:46:37,2026-03-25 10:52:26,349.0,2026-03-25,simulated
Escola Estadual Criança Esperança,Ciências,Professora_Elisa,1dd437c73ff9fac4d9f9c9c4ba29924a8d14d31aa348772e1944c31cacebce98,Thiago Campos,Distraido,2026-03-25 10:52:32,2026-03-25 10:54:05,93.0,2026-03-25,simulated
Escola Estadual Criança Esperança,Ciências,Professora_Elisa,1dd437c73ff9fac4d9f9c9c4ba29924a8d14d31aa348772e1944c31cacebce98,Thiago Campos,Dormindo,2026-03-25 10:54:07,2026-03-25 10:55:35,88.0,2026-03-25,simulated
Escola Estadual Criança Esperança,Ciências,Professora_Elisa,1dd437c73ff9fac4d9f9c9c4ba29924a8d14d31aa348772e1944c31cacebce98,Thiago Campos,Distraido,2026-03-25 10:55:36,2026-03-25 10:56:31,55.0,2026-03-25,simulated
Escola Estadual Criança Esperança,Ciências,Professora_Elisa,1dd437c73ff9fac4d9f9c9c4ba29924a8d14d31aa348772e1944c31cacebce98,Thiago Campos,Atento,2026-03-25 10:56:37,2026-03-25 11:07:13,636.0,2026-03-25,simulated
Escola Estadual Criança Esperança,Ciências,Professora_Elisa,1dd437c73ff9fac4d9f9c9c4ba29924a8d14d31aa348772e1944c31cacebce98,Thiago Campos,Perguntando,2026-03-25 11:07:16,2026-03-25 11:07:30,14.0,2026-03-25,simulated
Escola Estadual Criança Esperança,Ciências,Professora_Elisa,1dd437c73ff9fac4d9f9c9c4ba29924a8d14d31aa348772e1944c31cacebce98,Thiago Campos,Atento,2026-03-25 11:07:37,2026-03-25 11:15:47,490.0,2026-03-25,simulated
Escola Estadual Criança Esperança,Ciências,Professora_Elisa,1dd437c73ff9fac4d9f9c9c4ba29924a8d14d31aa348772e1944c31cacebce98,Thiago Campos,Perguntando,2026-03-25 11:15:55,2026-03-25 11:16:09,14.0,2026-03-25,simulated
Escola Estadual Criança Esperança,Ciências,Professora_Elisa,1dd437c73ff9fac4d9f9c9c4ba29924a8d14d31aa348772e1944c31cacebce98,Thiago Campos,Atento,2026-03-25 11:16:11,2026-03-25 11:27:34,683.0,2026-03-25,simulated
Escola Estadual Criança Esperança,Ciências,Professora_Elisa,1dd437c73ff9fac4d9f9c9c4ba29924a8d14d31aa348772e1944c31cacebce98,Thiago Campos,Perguntando,2026-03-25 11:27:42,2026-03-25 11:28:11,29.0,2026-03-25,simulated
Escola Estadual Criança Esperança,Ciências,Professora_Elisa,1dd437c73ff9fac4d9f9c9c4ba29924a8d14d31aa348772e1944c31cacebce98,Thiago Campos,Agitado,2026-03-25 11:28:18,2026-03-25 11:28:41,23.0,2026-03-25,simulated
Escola Estadual Criança Esperança,Ciências,Professora_Elisa,1dd437c73ff9fac4d9f9c9c4ba29924a8d14d31aa348772e1944c31cacebce98,Thiago Campos,Atento,2026-03-25 11:28:41,2026-03-25 11:34:19,338.0,2026-03-25,simulated
Escola Estadual Criança Esperança,Ciências,Professora_Elisa,1dd437c73ff9fac4d9f9c9c4ba29924a8d14d31aa348772e1944c31cacebce98,Thiago Campos,Perguntando,2026-03-25 11:34:27,2026-03-25 11:34:41,14.0,2026-03-25,simulated
Escola Estadual Criança Esperança,Ciências,Professora_Elisa,1dd437c73ff9fac4d9f9c9c4ba29924a8d14d31aa348772e1944c31cacebce98,Thiago Campos,Distraido,2026-03-25 11:34:42,2026-03-25 11:35:34,52.0,2026-03-25,simulated
Escola Estadual Criança Esperança,Ciências,Professora_Elisa,1dd437c73ff9fac4d9f9c9c4ba29924a8d14d31aa348772e1944c31cacebce98,Thiago Campos,Perguntando,2026-03-25 11:35:42,2026-03-25 11:36:10,28.0,2026-03-25,simulated
Escola Estadual Criança Esperança,Ciências,Professora_Elisa,1dd437c73ff9fac4d9f9c9c4ba29924a8d14d31aa348772e1944c31cacebce98,Thiago Campos,Atento,2026-03-25 11:36:14,2026-03-25 11:41:23,309.0,2026-03-25,simulated
Escola Estadual Criança Esperança,Ciências,Professora_Elisa,1dd437c73ff9fac4d9f9c9c4ba29924a8d14d31aa348772e1944c31cacebce98,Thiago Campos,Perguntando,2026-03-25 11:41:23,2026-03-25 11:41:48,25.0,2026-03-25,simulated
Escola Estadual Criança Esperança,Ciências,Professora_Elisa,1dd437c73ff9fac4d9f9c9c4ba29924a8d14d31aa348772e1944c31cacebce98,Thiago Campos,Atento,2026-03-25 11:41:53,2026-03-25 11:47:07,314.0,2026-03-25,simulated
Escola Estadual Criança Esperança,Ciências,Professora_Elisa,1dd437c73ff9fac4d9f9c9c4ba29924a8d14d31aa348772e1944c31cacebce98,Thiago Campos,Distraido,2026-03-25 11:47:10,2026-03-25 11:49:57,167.0,2026-03-25,simulated
Escola Estadual Criança Esperança,Ciências,Professora_Elisa,1dd437c73ff9fac4d9f9c9c4ba29924a8d14d31aa348772e1944c31cacebce98,Thiago Campos,Atento,2026-03-25 11:49:57,2026-03-25 11:50:00,3.0,2026-03-25,simulated
Escola Estadual Criança Esperança,Ciências,Professora_Elisa,a281db1412a68e509731fb8e1e72fe47c8ea3e7c367d7d10cbb968feff7ac523,Paula Kamily,Atento,2026-03-25 08:12:00,2026-03-25 08:23:46,706.0,2026-03-25,simulated
Escola Estadual Criança Esperança,Ciências,Professora_Elisa,a281db1412a68e509731fb8e1e72fe47c8ea3e7c367d7d10cbb968feff7ac523,Paula Kamily,Distraido,2026-03-25 08:23:54,2026-03-25 08:25:22,88.0,2026-03-25,simulated
Escola Estadual Criança Esperança,Ciências,Professora_Elisa,a281db1412a68e509731fb8e1e72fe47c8ea3e7c367d7d10cbb968feff7ac523,Paula Kamily,Atento,2026-03-25 08:25:26,2026-03-25 08:32:57,451.0,2026-03-25,simulated
Escola Estadual Criança Esperança,Ciências,Professora_Elisa,a281db1412a68e509731fb8e1e72fe47c8ea3e7c367d7d10cbb968feff7ac523,Paula Kamily,Dormindo,2026-03-25 08:32:58,2026-03-25 08:37:36,278.0,2026-03-25,simulated
Escola Estadual Criança Esperança,Ciências,Professora_Elisa,a281db1412a68e509731fb8e1e72fe47c8ea3e7c367d7d10cbb968feff7ac523,Paula Kamily,Perguntando,2026-03-25 08:37:42,2026-03-25 08:38:00,18.0,2026-03-25,simulated
Escola Estadual Criança Esperança,Ciências,Professora_Elisa,a281db1412a68e509731fb8e1e72fe47c8ea3e7c367d7d10cbb968feff7ac523,Paula Kamily,Atento,2026-03-25 08:38:08,2026-03-25 08:47:41,573.0,2026-03-25,simulated
Escola Estadual Criança Esperança,Ciências,Professora_Elisa,a281db1412a68e509731fb8e1e72fe47c8ea3e7c367d7d10cbb968feff7ac523,Paula Kamily,Distraido,2026-03-25 08:47:43,2026-03-25 08:50:20,157.0,2026-03-25,simulated
Escola Estadual Criança Esperança,Ciências,Professora_Elisa,a281db1412a68e509731fb8e1e72fe47c8ea3e7c367d7d10cbb968feff7ac523,Paula Kamily,Atento,2026-03-25 08:50:26,2026-03-25 08:58:54,508.0,2026-03-25,simulated
Escola Estadual Criança Esperança,Ciências,Professora_Elisa,a281db1412a68e509731fb8e1e72fe47c8ea3e7c367d7d10cbb968feff7ac523,Paula Kamily,Distraido,2026-03-25 08:58:54,2026-03-25 09:01:39,165.0,2026-03-25,simulated
Escola Estadual Criança Esperança,Ciências,Professora_Elisa,a281db1412a68e509731fb8e1e72fe47c8ea3e7c367d7d10cbb968feff7ac523,Paula Kamily,Atento,2026-03-25 09:01:44,2026-03-25 09:08:03,379.0,2026-03-25,simulated
Escola Estadual Criança Esperança,Ciências,Professora_Elisa,a281db1412a68e509731fb8e1e72fe47c8ea3e7c367d7d10cbb968feff7ac523,Paula Kamily,Distraido,2026-03-25 09:08:03,2026-03-25 09:10:21,138.0,2026-03-25,simulated
Escola Estadual Criança Esperança,Ciências,Professora_Elisa,a281db1412a68e509731fb8e1e72fe47c8ea3e7c367d7d10cbb968feff7ac523,Paula Kamily,Atento,2026-03-25 09:10:27,2026-03-25 09:17:43,436.0,2026-03-25,simulated
Escola Estadual Criança Esperança,Ciências,Professora_Elisa,a281db1412a68e509731fb8e1e72fe47c8ea3e7c367d7d10cbb968feff7ac523,Paula Kamily,Distraido,2026-03-25 09:17:49,2026-03-25 09:19:34,105.0,2026-03-25,simulated
Escola Estadual Criança Esperança,Ciências,Professora_Elisa,a281db1412a68e509731fb8e1e72fe47c8ea3e7c367d7d10cbb968feff7ac523,Paula Kamily,Atento,2026-03-25 09:19:35,2026-03-25 09:30:09,634.0,2026-03-25,simulated
Escola Estadual Criança Esperança,Ciências,Professora_Elisa,a281db1412a68e509731fb8e1e72fe47c8ea3e7c367d7d10cbb968feff7ac523,Paula Kamily,Dormindo,2026-03-25 09:30:10,2026-03-25 09:34:44,274.0,2026-03-25,simulated
Escola Estadual Criança Esperança,Ciências,Professora_Elisa,a281db1412a68e509731fb8e1e72fe47c8ea3e7c367d7d10cbb968feff7ac523,Paula Kamily,Atento,2026-03-25 09:34:50,2026-03-25 09:43:45,535.0,2026-03-25,simulated
Escola Estadual Criança Esperança,Ciências,Professora_Elisa,a281db1412a68e509731fb8e1e72fe47c8ea3e7c367d7d10cbb968feff7ac523,Paula Kamily,Agitado,2026-03-25 09:43:46,2026-03-25 09:44:31,45.0,2026-03-25,simulated
Escola Estadual Criança Esperança,Ciências,Professora_Elisa,a281db1412a68e509731fb8e1e72fe47c8ea3e7c367d7d10cbb968feff7ac523,Paula Kamily,Atento,2026-03-25 09:44:36,2026-03-25 09:54:10,574.0,2026-03-25,simulated
Escola Estadual Criança Esperança,Ciências,Professora_Elisa,a281db1412a68e509731fb8e1e72fe47c8ea3e7c367d7d10cbb968feff7ac523,Paula Kamily,Distraido,2026-03-25 09:54:10,2026-03-25 09:56:45,155.0,2026-03-25,simulated
Escola Estadual Criança Esperança,Ciências,Professora_Elisa,a281db1412a68e509731fb8e1e72fe47c8ea3e7c367d7d10cbb968feff7ac523,Paula Kamily,Dormindo,2026-03-25 09:56:52,2026-03-25 10:00:20,208.0,2026-03-25,simulated
Escola Estadual Criança Esperança,Ciências,Professora_Elisa,a281db1412a68e509731fb8e1e72fe47c8ea3e7c367d7d10cbb968feff7ac523,Paula Kamily,Atento,2026-03-25 10:00:24,2026-03-25 10:10:23,599.0,2026-03-25,simulated
Escola Estadual Criança Esperança,Ciências,Professora_Elisa,a281db1412a68e509731fb8e1e72fe47c8ea3e7c367d7d10cbb968feff7ac523,Paula Kamily,Perguntando,2026-03-25 10:10:24,2026-03-25 10:11:02,38.0,2026-03-25,simulated
Escola Estadual Criança Esperança,Ciências,Professora_Elisa,a281db1412a68e509731fb8e1e72fe47c8ea3e7c367d7d10cbb968feff7ac523,Paula Kamily,Atento,2026-03-25 10:11:05,2026-03-25 10:17:16,371.0,2026-03-25,simulated
Escola Estadual Criança Esperança,Ciências,Professora_Elisa,a281db1412a68e509731fb8e1e72fe47c8ea3e7c367d7d10cbb968feff7ac523,Paula Kamily,Agitado,2026-03-25 10:17:19,2026-03-25 10:18:35,76.0,2026-03-25,simulated
Escola Estadual Criança Esperança,Ciências,Professora_Elisa,a281db1412a68e509731fb8e1e72fe47c8ea3e7c367d7d10cbb968feff7ac523,Paula Kamily,Atento,2026-03-25 10:18:39,2026-03-25 10:29:52,673.0,2026-03-25,simulated
Escola Estadual Criança Esperança,Ciências,Professora_Elisa,a281db1412a68e509731fb8e1e72fe47c8ea3e7c367d7d10cbb968feff7ac523,Paula Kamily,Agitado,2026-03-25 10:29:55,2026-03-25 10:31:18,83.0,2026-03-25,simulated
Escola Estadual Criança Esperança,Ciências,Professora_Elisa,a281db1412a68e509731fb8e1e72fe47c8ea3e7c367d7d10cbb968feff7ac523,Paula Kamily,Perguntando,2026-03-25 10:31:22,2026-03-25 10:32:00,38.0,2026-03-25,simulated
Escola Estadual Criança Esperança,Ciências,Professora_Elisa,a281db1412a68e509731fb8e1e72fe47c8ea3e7c367d7d10cbb968feff7ac523,Paula Kamily,Agitado,2026-03-25 10:32:01,2026-03-25 10:32:26,25.0,2026-03-25,simulated
Escola Estadual Criança Esperança,Ciências,Professora_Elisa,a281db1412a68e509731fb8e1e72fe47c8ea3e7c367d7d10cbb968feff7ac523,Paula Kamily,Distraido,2026-03-25 10:32:33,2026-03-25 10:35:12,159.0,2026-03-25,simulated
Escola Estadual Criança Esperança,Ciências,Professora_Elisa,a281db1412a68e509731fb8e1e72fe47c8ea3e7c367d7d10cbb968feff7ac523,Paula Kamily,Atento,2026-03-25 10:35:14,2026-03-25 10:45:47,633.0,2026-03-25,simulated
Escola Estadual Criança Esperança,Ciências,Professora_Elisa,a281db1412a68e509731fb8e1e72fe47c8ea3e7c367d7d10cbb968feff7ac523,Paula Kamily,Dormindo,2026-03-25 10:45:53,2026-03-25 10:47:50,117.0,2026-03-25,simulated
Escola Estadual Criança Esperança,Ciências,Professora_Elisa,a281db1412a68e509731fb8e1e72fe47c8ea3e7c367d7d10cbb968feff7ac523,Paula Kamily,Distraido,2026-03-25 10:47:55,2026-03-25 10:49:19,84.0,2026-03-25,simulated
Escola Estadual Criança Esperança,Ciências,Professora_Elisa,a281db1412a68e509731fb8e1e72fe47c8ea3e7c367d7d10cbb968feff7ac523,Paula Kamily,Dormindo,2026-03-25 10:49:24,2026-03-25 10:52:44,200.0,2026-03-25,simulated
Escola Estadual Criança Esperança,Ciências,Professora_Elisa,a281db1412a68e509731fb8e1e72fe47c8ea3e7c367d7d10cbb968feff7ac523,Paula Kamily,Atento,2026-03-25 10:52:48,2026-03-25 10:59:56,428.0,2026-03-25,simulated
Escola Estadual Criança Esperança,Ciências,Professora_Elisa,a281db1412a68e509731fb8e1e72fe47c8ea3e7c367d7d10cbb968feff7ac523,Paula Kamily,Distraido,2026-03-25 10:59:58,2026-03-25 11:01:32,94.0,2026-03-25,simulated
Escola Estadual Criança Esperança,Ciências,Professora_Elisa,a281db1412a68e509731fb8e1e72fe47c8ea3e7c367d7d10cbb968feff7ac523,Paula Kamily,Agitado,2026-03-25 11:01:32,2026-03-25 11:02:12,40.0,2026-03-25,simulated
Escola Estadual Criança Esperança,Ciências,Professora_Elisa,a281db1412a68e509731fb8e1e72fe47c8ea3e7c367d7d10cbb968feff7ac523,Paula Kamily,Distraido,2026-03-25 11:02:13,2026-03-25 11:03:33,80.0,2026-03-25,simulated
Escola Estadual Criança Esperança,Ciências,Professora_Elisa,a281db1412a68e509731fb8e1e72fe47c8ea3e7c367d7d10cbb968feff7ac523,Paula Kamily,Atento,2026-03-25 11:03:41,2026-03-25 11:10:59,438.0,2026-03-25,simulated
Escola Estadual Criança Esperança,Ciências,Professora_Elisa,a281db1412a68e509731fb8e1e72fe47c8ea3e7c367d7d10cbb968feff7ac523,Paula Kamily,Distraido,2026-03-25 11:11:07,2026-03-25 11:13:52,165.0,2026-03-25,simulated
Escola Estadual Criança Esperança,Ciências,Professora_Elisa,a281db1412a68e509731fb8e1e72fe47c8ea3e7c367d7d10cbb968feff7ac523,Paula Kamily,Atento,2026-03-25 11:13:52,2026-03-25 11:18:56,304.0,2026-03-25,simulated
Escola Estadual Criança Esperança,Ciências,Professora_Elisa,a281db1412a68e509731fb8e1e72fe47c8ea3e7c367d7d10cbb968feff7ac523,Paula Kamily,Distraido,2026-03-25 11:18:59,2026-03-25 11:21:59,180.0,2026-03-25,simulated
Escola Estadual Criança Esperança,Ciências,Professora_Elisa,a281db1412a68e509731fb8e1e72fe47c8ea3e7c367d7d10cbb968feff7ac523,Paula Kamily,Atento,2026-03-25 11:22:01,2026-03-25 11:30:02,481.0,2026-03-25,simulated
Escola Estadual Criança Esperança,Ciências,Professora_Elisa,a281db1412a68e509731fb8e1e72fe47c8ea3e7c367d7d10cbb968feff7ac523,Paula Kamily,Distraido,2026-03-25 11:30:06,2026-03-25 11:31:42,96.0,2026-03-25,simulated
Escola Estadual Criança Esperança,Ciências,Professora_Elisa,a281db1412a68e509731fb8e1e72fe47c8ea3e7c367d7d10cbb968feff7ac523,Paula Kamily,Atento,2026-03-25 11:31:46,2026-03-25 11:39:45,479.0,2026-03-25,simulated
Escola Estadual Criança Esperança,Ciências,Professora_Elisa,a281db1412a68e509731fb8e1e72fe47c8ea3e7c367d7d10cbb968feff7ac523,Paula Kamily,Distraido,2026-03-25 11:39:45,2026-03-25 11:41:33,108.0,2026-03-25,simulated
Escola Estadual Criança Esperança,Ciências,Professora_Elisa,a281db1412a68e509731fb8e1e72fe47c8ea3e7c367d7d10cbb968feff7ac523,Paula Kamily,Atento,2026-03-25 11:41:39,2026-03-25 11:51:57,618.0,2026-03-25,simulated
Escola Estadual Criança Esperança,Ciências,Professora_Elisa,a281db1412a68e509731fb8e1e72fe47c8ea3e7c367d7d10cbb968feff7ac523,Paula Kamily,Dormindo,2026-03-25 11:51:59,2026-03-25 11:52:00,1.0,2026-03-25,simulated
Escola Estadual Criança Esperança,Ciências,Professora_Elisa,536dcd4eafc272cd6777ad15a7b067f4240b6b682361c6460b64398069ec87ac,Maria Eduarda,Dormindo,2026-03-25 08:14:00,2026-03-25 08:15:53,113.0,2026-03-25,simulated
Escola Estadual Criança Esperança,Ciências,Professora_Elisa,536dcd4eafc272cd6777ad15a7b067f4240b6b682361c6460b64398069ec87ac,Maria Eduarda,Atento,2026-03-25 08:16:00,2026-03-25 08:22:16,376.0,2026-03-25,simulated
Escola Estadual Criança Esperança,Ciências,Professora_Elisa,536dcd4eafc272cd6777ad15a7b067f4240b6b682361c6460b64398069ec87ac,Maria Eduarda,Perguntando,2026-03-25 08:22:21,2026-03-25 08:22:49,28.0,2026-03-25,simulated
Escola Estadual Criança Esperança,Ciências,Professora_Elisa,536dcd4eafc272cd6777ad15a7b067f4240b6b682361c6460b64398069ec87ac,Maria Eduarda,Atento,2026-03-25 08:22:49,2026-03-25 08:34:38,709.0,2026-03-25,simulated
Escola Estadual Criança Esperança,Ciências,Professora_Elisa,536dcd4eafc272cd6777ad15a7b067f4240b6b682361c6460b64398069ec87ac,Maria Eduarda,Agitado,2026-03-25 08:34:41,2026-03-25 08:35:37,56.0,2026-03-25,simulated
Escola Estadual Criança Esperança,Ciências,Professora_Elisa,536dcd4eafc272cd6777ad15a7b067f4240b6b682361c6460b64398069ec87ac,Maria Eduarda,Dormindo,2026-03-25 08:35:38,2026-03-25 08:38:06,148.0,2026-03-25,simulated
Escola Estadual Criança Esperança,Ciências,Professora_Elisa,536dcd4eafc272cd6777ad15a7b067f4240b6b682361c6460b64398069ec87ac,Maria Eduarda,Distraido,2026-03-25 08:38:06,2026-03-25 08:39:01,55.0,2026-03-25,simulated
Escola Estadual Criança Esperança,Ciências,Professora_Elisa,536dcd4eafc272cd6777ad15a7b067f4240b6b682361c6460b64398069ec87ac,Maria Eduarda,Perguntando,2026-03-25 08:39:02,2026-03-25 08:39:36,34.0,2026-03-25,simulated
Escola Estadual Criança Esperança,Ciências,Professora_Elisa,536dcd4eafc272cd6777ad15a7b067f4240b6b682361c6460b64398069ec87ac,Maria Eduarda,Atento,2026-03-25 08:39:37,2026-03-25 08:48:11,514.0,2026-03-25,simulated
Escola Estadual Criança Esperança,Ciências,Professora_Elisa,536dcd4eafc272cd6777ad15a7b067f4240b6b682361c6460b64398069ec87ac,Maria Eduarda,Dormindo,2026-03-25 08:48:12,2026-03-25 08:53:04,292.0,2026-03-25,simulated
Escola Estadual Criança Esperança,Ciências,Professora_Elisa,536dcd4eafc272cd6777ad15a7b067f4240b6b682361c6460b64398069ec87ac,Maria Eduarda,Atento,2026-03-25 08:53:09,2026-03-25 08:58:42,333.0,2026-03-25,simulated
Escola Estadual Criança Esperança,Ciências,Professora_Elisa,536dcd4eafc272cd6777ad15a7b067f4240b6b682361c6460b64398069ec87ac,Maria Eduarda,Dormindo,2026-03-25 08:58:47,2026-03-25 09:02:21,214.0,2026-03-25,simulated
Escola Estadual Criança Esperança,Ciências,Professora_Elisa,536dcd4eafc272cd6777ad15a7b067f4240b6b682361c6460b64398069ec87ac,Maria Eduarda,Atento,2026-03-25 09:02:26,2026-03-25 09:12:11,585.0,2026-03-25,simulated
Escola Estadual Criança Esperança,Ciências,Professora_Elisa,536dcd4eafc272cd6777ad15a7b067f4240b6b682361c6460b64398069ec87ac,Maria Eduarda,Agitado,2026-03-25 09:12:18,2026-03-25 09:12:59,41.0,2026-03-25,simulated
Escola Estadual Criança Esperança,Ciências,Professora_Elisa,536dcd4eafc272cd6777ad15a7b067f4240b6b682361c6460b64398069ec87ac,Maria Eduarda,Dormindo,2026-03-25 09:13:03,2026-03-25 09:17:21,258.0,2026-03-25,simulated
Escola Estadual Criança Esperança,Ciências,Professora_Elisa,536dcd4eafc272cd6777ad15a7b067f4240b6b682361c6460b64398069ec87ac,Maria Eduarda,Agitado,2026-03-25 09:17:27,2026-03-25 09:18:49,82.0,2026-03-25,simulated
Escola Estadual Criança Esperança,Ciências,Professora_Elisa,536dcd4eafc272cd6777ad15a7b067f4240b6b682361c6460b64398069ec87ac,Maria Eduarda,Perguntando,2026-03-25 09:18:50,2026-03-25 09:19:17,27.0,2026-03-25,simulated
Escola Estadual Criança Esperança,Ciências,Professora_Elisa,536dcd4eafc272cd6777ad15a7b067f4240b6b682361c6460b64398069ec87ac,Maria Eduarda,Dormindo,2026-03-25 09:19:22,2026-03-25 09:22:35,193.0,2026-03-25,simulated
Escola Estadual Criança Esperança,Ciências,Professora_Elisa,536dcd4eafc272cd6777ad15a7b067f4240b6b682361c6460b64398069ec87ac,Maria Eduarda,Distraido,2026-03-25 09:22:37,2026-03-25 09:25:10,153.0,2026-03-25,simulated
Escola Estadual Criança Esperança,Ciências,Professora_Elisa,536dcd4eafc272cd6777ad15a7b067f4240b6b682361c6460b64398069ec87ac,Maria Eduarda,Dormindo,2026-03-25 09:25:10,2026-03-25 09:29:45,275.0,2026-03-25,simulated
Escola Estadual Criança Esperança,Ciências,Professora_Elisa,536dcd4eafc272cd6777ad15a7b067f4240b6b682361c6460b64398069ec87ac,Maria Eduarda,Distraido,2026-03-25 09:29:45,2026-03-25 09:32:36,171.0,2026-03-25,simulated
Escola Estadual Criança Esperança,Ciências,Professora_Elisa,536dcd4eafc272cd6777ad15a7b067f4240b6b682361c6460b64398069ec87ac,Maria Eduarda,Atento,2026-03-25 09:32:41,2026-03-25 09:41:23,522.0,2026-03-25,simulated
Escola Estadual Criança Esperança,Ciências,Professora_Elisa,536dcd4eafc272cd6777ad15a7b067f4240b6b682361c6460b64398069ec87ac,Maria Eduarda,Dormindo,2026-03-25 09:41:23,2026-03-25 09:44:22,179.0,2026-03-25,simulated
Escola Estadual Criança Esperança,Ciências,Professora_Elisa,536dcd4eafc272cd6777ad15a7b067f4240b6b682361c6460b64398069ec87ac,Maria Eduarda,Atento,2026-03-25 09:44:27,2026-03-25 09:51:12,405.0,2026-03-25,simulated
Escola Estadual Criança Esperança,Ciências,Professora_Elisa,536dcd4eafc272cd6777ad15a7b067f4240b6b682361c6460b64398069ec87ac,Maria Eduarda,Agitado,2026-03-25 09:51:16,2026-03-25 09:52:31,75.0,2026-03-25,simulated
Escola Estadual Criança Esperança,Ciências,Professora_Elisa,536dcd4eafc272cd6777ad15a7b067f4240b6b682361c6460b64398069ec87ac,Maria Eduarda,Dormindo,2026-03-25 09:52:37,2026-03-25 09:55:16,159.0,2026-03-25,simulated
Escola Estadual Criança Esperança,Ciências,Professora_Elisa,536dcd4eafc272cd6777ad15a7b067f4240b6b682361c6460b64398069ec87ac,Maria Eduarda,Agitado,2026-03-25 09:55:20,2026-03-25 09:56:21,61.0,2026-03-25,simulated
Escola Estadual Criança Esperança,Ciências,Professora_Elisa,536dcd4eafc272cd6777ad15a7b067f4240b6b682361c6460b64398069ec87ac,Maria Eduarda,Dormindo,2026-03-25 09:56:23,2026-03-25 09:59:40,197.0,2026-03-25,simulated
Escola Estadual Criança Esperança,Ciências,Professora_Elisa,536dcd4eafc272cd6777ad15a7b067f4240b6b682361c6460b64398069ec87ac,Maria Eduarda,Agitado,2026-03-25 09:59:46,2026-03-25 10:00:37,51.0,2026-03-25,simulated
Escola Estadual Criança Esperança,Ciências,Professora_Elisa,536dcd4eafc272cd6777ad15a7b067f4240b6b682361c6460b64398069ec87ac,Maria Eduarda,Dormindo,2026-03-25 10:00:43,2026-03-25 10:02:58,135.0,2026-03-25,simulated
Escola Estadual Criança Esperança,Ciências,Professora_Elisa,536dcd4eafc272cd6777ad15a7b067f4240b6b682361c6460b64398069ec87ac,Maria Eduarda,Agitado,2026-03-25 10:03:04,2026-03-25 10:03:24,20.0,2026-03-25,simulated
Escola Estadual Criança Esperança,Ciências,Professora_Elisa,536dcd4eafc272cd6777ad15a7b067f4240b6b682361c6460b64398069ec87ac,Maria Eduarda,Dormindo,2026-03-25 10:03:29,2026-03-25 10:07:44,255.0,2026-03-25,simulated
Escola Estadual Criança Esperança,Ciências,Professora_Elisa,536dcd4eafc272cd6777ad15a7b067f4240b6b682361c6460b64398069ec87ac,Maria Eduarda,Perguntando,2026-03-25 10:07:44,2026-03-25 10:08:16,32.0,2026-03-25,simulated
Escola Estadual Criança Esperança,Ciências,Professora_Elisa,536dcd4eafc272cd6777ad15a7b067f4240b6b682361c6460b64398069ec87ac,Maria Eduarda,Dormindo,2026-03-25 10:08:23,2026-03-25 10:10:55,152.0,2026-03-25,simulated
Escola Estadual Criança Esperança,Ciências,Professora_Elisa,536dcd4eafc272cd6777ad15a7b067f4240b6b682361c6460b64398069ec87ac,Maria Eduarda,Distraido,2026-03-25 10:11:02,2026-03-25 10:13:49,167.0,2026-03-25,simulated
Escola Estadual Criança Esperança,Ciências,Professora_Elisa,536dcd4eafc272cd6777ad15a7b067f4240b6b682361c6460b64398069ec87ac,Maria Eduarda,Dormindo,2026-03-25 10:13:55,2026-03-25 10:15:51,116.0,2026-03-25,simulated
Escola Estadual Criança Esperança,Ciências,Professora_Elisa,536dcd4eafc272cd6777ad15a7b067f4240b6b682361c6460b64398069ec87ac,Maria Eduarda,Atento,2026-03-25 10:15:56,2026-03-25 10:23:41,465.0,2026-03-25,simulated
Escola Estadual Criança Esperança,Ciências,Professora_Elisa,536dcd4eafc272cd6777ad15a7b067f4240b6b682361c6460b64398069ec87ac,Maria Eduarda,Dormindo,2026-03-25 10:23:42,2026-03-25 10:25:10,88.0,2026-03-25,simulated
Escola Estadual Criança Esperança,Ciências,Professora_Elisa,536dcd4eafc272cd6777ad15a7b067f4240b6b682361c6460b64398069ec87ac,Maria Eduarda,Distraido,2026-03-25 10:25:17,2026-03-25 10:28:09,172.0,2026-03-25,simulated
Escola Estadual Criança Esperança,Ciências,Professora_Elisa,536dcd4eafc272cd6777ad15a7b067f4240b6b682361c6460b64398069ec87ac,Maria Eduarda,Atento,2026-03-25 10:28:13,2026-03-25 10:39:41,688.0,2026-03-25,simulated
Escola Estadual Criança Esperança,Ciências,Professora_Elisa,536dcd4eafc272cd6777ad15a7b067f4240b6b682361c6460b64398069ec87ac,Maria Eduarda,Dormindo,2026-03-25 10:39:48,2026-03-25 10:41:13,85.0,2026-03-25,simulated
Escola Estadual Criança Esperança,Ciências,Professora_Elisa,536dcd4eafc272cd6777ad15a7b067f4240b6b682361c6460b64398069ec87ac,Maria Eduarda,Agitado,2026-03-25 10:41:18,2026-03-25 10:42:04,46.0,2026-03-25,simulated
Escola Estadual Criança Esperança,Ciências,Professora_Elisa,536dcd4eafc272cd6777ad15a7b067f4240b6b682361c6460b64398069ec87ac,Maria Eduarda,Atento,2026-03-25 10:42:04,2026-03-25 10:52:04,600.0,2026-03-25,simulated
Escola Estadual Criança Esperança,Ciências,Professora_Elisa,536dcd4eafc272cd6777ad15a7b067f4240b6b682361c6460b64398069ec87ac,Maria Eduarda,Dormindo,2026-03-25 10:52:06,2026-03-25 10:55:48,222.0,2026-03-25,simulated
Escola Estadual Criança Esperança,Ciências,Professora_Elisa,536dcd4eafc272cd6777ad15a7b067f4240b6b682361c6460b64398069ec87ac,Maria Eduarda,Distraido,2026-03-25 10:55:56,2026-03-25 10:58:52,176.0,2026-03-25,simulated
Escola Estadual Criança Esperança,Ciências,Professora_Elisa,536dcd4eafc272cd6777ad15a7b067f4240b6b682361c6460b64398069ec87ac,Maria Eduarda,Dormindo,2026-03-25 10:58:55,2026-03-25 11:00:12,77.0,2026-03-25,simulated
Escola Estadual Criança Esperança,Ciências,Professora_Elisa,536dcd4eafc272cd6777ad15a7b067f4240b6b682361c6460b64398069ec87ac,Maria Eduarda,Distraido,2026-03-25 11:00:17,2026-03-25 11:01:56,99.0,2026-03-25,simulated
Escola Estadual Criança Esperança,Ciências,Professora_Elisa,536dcd4eafc272cd6777ad15a7b067f4240b6b682361c6460b64398069ec87ac,Maria Eduarda,Perguntando,2026-03-25 11:02:02,2026-03-25 11:02:23,21.0,2026-03-25,simulated
Escola Estadual Criança Esperança,Ciências,Professora_Elisa,536dcd4eafc272cd6777ad15a7b067f4240b6b682361c6460b64398069ec87ac,Maria Eduarda,Dormindo,2026-03-25 11:02:26,2026-03-25 11:06:09,223.0,2026-03-25,simulated
Escola Estadual Criança Esperança,Ciências,Professora_Elisa,536dcd4eafc272cd6777ad15a7b067f4240b6b682361c6460b64398069ec87ac,Maria Eduarda,Atento,2026-03-25 11:06:11,2026-03-25 11:16:30,619.0,2026-03-25,simulated
Escola Estadual Criança Esperança,Ciências,Professora_Elisa,536dcd4eafc272cd6777ad15a7b067f4240b6b682361c6460b64398069ec87ac,Maria Eduarda,Distraido,2026-03-25 11:16:37,2026-03-25 11:17:45,68.0,2026-03-25,simulated
Escola Estadual Criança Esperança,Ciências,Professora_Elisa,536dcd4eafc272cd6777ad15a7b067f4240b6b682361c6460b64398069ec87ac,Maria Eduarda,Perguntando,2026-03-25 11:17:52,2026-03-25 11:18:02,10.0,2026-03-25,simulated
Escola Estadual Criança Esperança,Ciências,Professora_Elisa,536dcd4eafc272cd6777ad15a7b067f4240b6b682361c6460b64398069ec87ac,Maria Eduarda,Distraido,2026-03-25 11:18:05,2026-03-25 11:19:17,72.0,2026-03-25,simulated
Escola Estadual Criança Esperança,Ciências,Professora_Elisa,536dcd4eafc272cd6777ad15a7b067f4240b6b682361c6460b64398069ec87ac,Maria Eduarda,Agitado,2026-03-25 11:19:24,2026-03-25 11:20:43,79.0,2026-03-25,simulated
Escola Estadual Criança Esperança,Ciências,Professora_Elisa,536dcd4eafc272cd6777ad15a7b067f4240b6b682361c6460b64398069ec87ac,Maria Eduarda,Dormindo,2026-03-25 11:20:49,2026-03-25 11:24:45,236.0,2026-03-25,simulated
Escola Estadual Criança Esperança,Ciências,Professora_Elisa,536dcd4eafc272cd6777ad15a7b067f4240b6b682361c6460b64398069ec87ac,Maria Eduarda,Atento,2026-03-25 11:24:45,2026-03-25 11:36:29,704.0,2026-03-25,simulated
Escola Estadual Criança Esperança,Ciências,Professora_Elisa,536dcd4eafc272cd6777ad15a7b067f4240b6b682361c6460b64398069ec87ac,Maria Eduarda,Perguntando,2026-03-25 11:36:32,2026-03-25 11:36:54,22.0,2026-03-25,simulated
Escola Estadual Criança Esperança,Ciências,Professora_Elisa,536dcd4eafc272cd6777ad15a7b067f4240b6b682361c6460b64398069ec87ac,Maria Eduarda,Dormindo,2026-03-25 11:37:01,2026-03-25 11:38:33,92.0,2026-03-25,simulated
Escola Estadual Criança Esperança,Ciências,Professora_Elisa,536dcd4eafc272cd6777ad15a7b067f4240b6b682361c6460b64398069ec87ac,Maria Eduarda,Distraido,2026-03-25 11:38:37,2026-03-25 11:40:19,102.0,2026-03-25,simulated
Escola Estadual Criança Esperança,Ciências,Professora_Elisa,536dcd4eafc272cd6777ad15a7b067f4240b6b682361c6460b64398069ec87ac,Maria Eduarda,Perguntando,2026-03-25 11:40:25,2026-03-25 11:40:49,24.0,2026-03-25,simulated
Escola Estadual Criança Esperança,Ciências,Professora_Elisa,536dcd4eafc272cd6777ad15a7b067f4240b6b682361c6460b64398069ec87ac,Maria Eduarda,Dormindo,2026-03-25 11:40:53,2026-03-25 11:44:20,207.0,2026-03-25,simulated
Escola Estadual Criança Esperança,Ciências,Professora_Elisa,536dcd4eafc272cd6777ad15a7b067f4240b6b682361c6460b64398069ec87ac,Maria Eduarda,Distraido,2026-03-25 11:44:27,2026-03-25 11:46:46,139.0,2026-03-25,simulated
Escola Estadual Criança Esperança,Ciências,Professora_Elisa,536dcd4eafc272cd6777ad15a7b067f4240b6b682361c6460b64398069ec87ac,Maria Eduarda,Atento,2026-03-25 11:46:54,2026-03-25 11:54:00,426.0,2026-03-25,simulated
Escola Estadual Criança Esperança,Ciências,Professora_Elisa,f1c5e8faebc9ab791d2c562bfd9fda99c4bc10d22e6beff1b40abc554f2000ac,Alice Nascimento Silva Lobo,Atento,2026-03-25 08:16:00,2026-03-25 08:22:54,414.0,2026-03-25,simulated
Escola Estadual Criança Esperança,Ciências,Professora_Elisa,f1c5e8faebc9ab791d2c562bfd9fda99c4bc10d22e6beff1b40abc554f2000ac,Alice Nascimento Silva Lobo,Perguntando,2026-03-25 08:22:57,2026-03-25 08:23:31,34.0,2026-03-25,simulated
Escola Estadual Criança Esperança,Ciências,Professora_Elisa,f1c5e8faebc9ab791d2c562bfd9fda99c4bc10d22e6beff1b40abc554f2000ac,Alice Nascimento Silva Lobo,Atento,2026-03-25 08:23:36,2026-03-25 08:29:22,346.0,2026-03-25,simulated
Escola Estadual Criança Esperança,Ciências,Professora_Elisa,f1c5e8faebc9ab791d2c562bfd9fda99c4bc10d22e6beff1b40abc554f2000ac,Alice Nascimento Silva Lobo,Distraido,2026-03-25 08:29:25,2026-03-25 08:32:20,175.0,2026-03-25,simulated
Escola Estadual Criança Esperança,Ciências,Professora_Elisa,f1c5e8faebc9ab791d2c562bfd9fda99c4bc10d22e6beff1b40abc554f2000ac,Alice Nascimento Silva Lobo,Atento,2026-03-25 08:32:28,2026-03-25 08:44:27,719.0,2026-03-25,simulated
Escola Estadual Criança Esperança,Ciências,Professora_Elisa,f1c5e8faebc9ab791d2c562bfd9fda99c4bc10d22e6beff1b40abc554f2000ac,Alice Nascimento Silva Lobo,Perguntando,2026-03-25 08:44:27,2026-03-25 08:44:51,24.0,2026-03-25,simulated
Escola Estadual Criança Esperança,Ciências,Professora_Elisa,f1c5e8faebc9ab791d2c562bfd9fda99c4bc10d22e6beff1b40abc554f2000ac,Alice Nascimento Silva Lobo,Agitado,2026-03-25 08:44:53,2026-03-25 08:45:50,57.0,2026-03-25,simulated
Escola Estadual Criança Esperança,Ciências,Professora_Elisa,f1c5e8faebc9ab791d2c562bfd9fda99c4bc10d22e6beff1b40abc554f2000ac,Alice Nascimento Silva Lobo,Distraido,2026-03-25 08:45:58,2026-03-25 08:47:54,116.0,2026-03-25,simulated
Escola Estadual Criança Esperança,Ciências,Professora_Elisa,f1c5e8faebc9ab791d2c562bfd9fda99c4bc10d22e6beff1b40abc554f2000ac,Alice Nascimento Silva Lobo,Agitado,2026-03-25 08:47:55,2026-03-25 08:48:19,24.0,2026-03-25,simulated
Escola Estadual Criança Esperança,Ciências,Professora_Elisa,f1c5e8faebc9ab791d2c562bfd9fda99c4bc10d22e6beff1b40abc554f2000ac,Alice Nascimento Silva Lobo,Perguntando,2026-03-25 08:48:25,2026-03-25 08:48:42,17.0,2026-03-25,simulated
Escola Estadual Criança Esperança,Ciências,Professora_Elisa,f1c5e8faebc9ab791d2c562bfd9fda99c4bc10d22e6beff1b40abc554f2000ac,Alice Nascimento Silva Lobo,Atento,2026-03-25 08:48:43,2026-03-25 09:00:43,720.0,2026-03-25,simulated
Escola Estadual Criança Esperança,Ciências,Professora_Elisa,f1c5e8faebc9ab791d2c562bfd9fda99c4bc10d22e6beff1b40abc554f2000ac,Alice Nascimento Silva Lobo,Perguntando,2026-03-25 09:00:45,2026-03-25 09:00:57,12.0,2026-03-25,simulated
Escola Estadual Criança Esperança,Ciências,Professora_Elisa,f1c5e8faebc9ab791d2c562bfd9fda99c4bc10d22e6beff1b40abc554f2000ac,Alice Nascimento Silva Lobo,Distraido,2026-03-25 09:01:00,2026-03-25 09:03:38,158.0,2026-03-25,simulated
Escola Estadual Criança Esperança,Ciências,Professora_Elisa,f1c5e8faebc9ab791d2c562bfd9fda99c4bc10d22e6beff1b40abc554f2000ac,Alice Nascimento Silva Lobo,Atento,2026-03-25 09:03:46,2026-03-25 09:10:38,412.0,2026-03-25,simulated
Escola Estadual Criança Esperança,Ciências,Professora_Elisa,f1c5e8faebc9ab791d2c562bfd9fda99c4bc10d22e6beff1b40abc554f2000ac,Alice Nascimento Silva Lobo,Atento,2026-03-25 09:10:44,2026-03-25 09:20:41,597.0,2026-03-25,simulated
Escola Estadual Criança Esperança,Ciências,Professora_Elisa,f1c5e8faebc9ab791d2c562bfd9fda99c4bc10d22e6beff1b40abc554f2000ac,Alice Nascimento Silva Lobo,Agitado,2026-03-25 09:20:44,2026-03-25 09:21:29,45.0,2026-03-25,simulated
Escola Estadual Criança Esperança,Ciências,Professora_Elisa,f1c5e8faebc9ab791d2c562bfd9fda99c4bc10d22e6beff1b40abc554f2000ac,Alice Nascimento Silva Lobo,Atento,2026-03-25 09:21:34,2026-03-25 09:30:19,525.0,2026-03-25,simulated
Escola Estadual Criança Esperança,Ciências,Professora_Elisa,f1c5e8faebc9ab791d2c562bfd9fda99c4bc10d22e6beff1b40abc554f2000ac,Alice Nascimento Silva Lobo,Distraido,2026-03-25 09:30:23,2026-03-25 09:33:20,177.0,2026-03-25,simulated
Escola Estadual Criança Esperança,Ciências,Professora_Elisa,f1c5e8faebc9ab791d2c562bfd9fda99c4bc10d22e6beff1b40abc554f2000ac,Alice Nascimento Silva Lobo,Atento,2026-03-25 09:33:23,2026-03-25 09:38:50,327.0,2026-03-25,simulated
Escola Estadual Criança Esperança,Ciências,Professora_Elisa,f1c5e8faebc9ab791d2c562bfd9fda99c4bc10d22e6beff1b40abc554f2000ac,Alice Nascimento Silva Lobo,Perguntando,2026-03-25 09:38:50,2026-03-25 09:39:16,26.0,2026-03-25,simulated
Escola Estadual Criança Esperança,Ciências,Professora_Elisa,f1c5e8faebc9ab791d2c562bfd9fda99c4bc10d22e6beff1b40abc554f2000ac,Alice Nascimento Silva Lobo,Atento,2026-03-25 09:39:17,2026-03-25 09:46:12,415.0,2026-03-25,simulated
Escola Estadual Criança Esperança,Ciências,Professora_Elisa,f1c5e8faebc9ab791d2c562bfd9fda99c4bc10d22e6beff1b40abc554f2000ac,Alice Nascimento Silva Lobo,Perguntando,2026-03-25 09:46:17,2026-03-25 09:46:37,20.0,2026-03-25,simulated
Escola Estadual Criança Esperança,Ciências,Professora_Elisa,f1c5e8faebc9ab791d2c562bfd9fda99c4bc10d22e6beff1b40abc554f2000ac,Alice Nascimento Silva Lobo,Atento,2026-03-25 09:46:37,2026-03-25 09:52:09,332.0,2026-03-25,simulated
Escola Estadual Criança Esperança,Ciências,Professora_Elisa,f1c5e8faebc9ab791d2c562bfd9fda99c4bc10d22e6beff1b40abc554f2000ac,Alice Nascimento Silva Lobo,Agitado,2026-03-25 09:52:09,2026-03-25 09:53:22,73.0,2026-03-25,simulated
Escola Estadual Criança Esperança,Ciências,Professora_Elisa,f1c5e8faebc9ab791d2c562bfd9fda99c4bc10d22e6beff1b40abc554f2000ac,Alice Nascimento Silva Lobo,Atento,2026-03-25 09:53:26,2026-03-25 10:01:52,506.0,2026-03-25,simulated
Escola Estadual Criança Esperança,Ciências,Professora_Elisa,f1c5e8faebc9ab791d2c562bfd9fda99c4bc10d22e6beff1b40abc554f2000ac,Alice Nascimento Silva Lobo,Perguntando,2026-03-25 10:01:59,2026-03-25 10:02:16,17.0,2026-03-25,simulated
Escola Estadual Criança Esperança,Ciências,Professora_Elisa,f1c5e8faebc9ab791d2c562bfd9fda99c4bc10d22e6beff1b40abc554f2000ac,Alice Nascimento Silva Lobo,Atento,2026-03-25 10:02:17,2026-03-25 10:09:35,438.0,2026-03-25,simulated
Escola Estadual Criança Esperança,Ciências,Professora_Elisa,f1c5e8faebc9ab791d2c562bfd9fda99c4bc10d22e6beff1b40abc554f2000ac,Alice Nascimento Silva Lobo,Perguntando,2026-03-25 10:09:41,2026-03-25 10:10:07,26.0,2026-03-25,simulated
Escola Estadual Criança Esperança,Ciências,Professora_Elisa,f1c5e8faebc9ab791d2c562bfd9fda99c4bc10d22e6beff1b40abc554f2000ac,Alice Nascimento Silva Lobo,Atento,2026-03-25 10:10:11,2026-03-25 10:16:44,393.0,2026-03-25,simulated
Escola Estadual Criança Esperança,Ciências,Professora_Elisa,f1c5e8faebc9ab791d2c562bfd9fda99c4bc10d22e6beff1b40abc554f2000ac,Alice Nascimento Silva Lobo,Perguntando,2026-03-25 10:16:48,2026-03-25 10:17:20,32.0,2026-03-25,simulated
Escola Estadual Criança Esperança,Ciências,Professora_Elisa,f1c5e8faebc9ab791d2c562bfd9fda99c4bc10d22e6beff1b40abc554f2000ac,Alice Nascimento Silva Lobo,Agitado,2026-03-25 10:17:23,2026-03-25 10:18:19,56.0,2026-03-25,simulated
Escola Estadual Criança Esperança,Ciências,Professora_Elisa,f1c5e8faebc9ab791d2c562bfd9fda99c4bc10d22e6beff1b40abc554f2000ac,Alice Nascimento Silva Lobo,Atento,2026-03-25 10:18:24,2026-03-25 10:25:24,420.0,2026-03-25,simulated
Escola Estadual Criança Esperança,Ciências,Professora_Elisa,f1c5e8faebc9ab791d2c562bfd9fda99c4bc10d22e6beff1b40abc554f2000ac,Alice Nascimento Silva Lobo,Perguntando,2026-03-25 10:25:26,2026-03-25 10:25:37,11.0,2026-03-25,simulated
Escola Estadual Criança Esperança,Ciências,Professora_Elisa,f1c5e8faebc9ab791d2c562bfd9fda99c4bc10d22e6beff1b40abc554f2000ac,Alice Nascimento Silva Lobo,Atento,2026-03-25 10:25:39,2026-03-25 10:34:47,548.0,2026-03-25,simulated
Escola Estadual Criança Esperança,Ciências,Professora_Elisa,f1c5e8faebc9ab791d2c562bfd9fda99c4bc10d22e6beff1b40abc554f2000ac,Alice Nascimento Silva Lobo,Agitado,2026-03-25 10:34:55,2026-03-25 10:35:34,39.0,2026-03-25,simulated
Escola Estadual Criança Esperança,Ciências,Professora_Elisa,f1c5e8faebc9ab791d2c562bfd9fda99c4bc10d22e6beff1b40abc554f2000ac,Alice Nascimento Silva Lobo,Atento,2026-03-25 10:35:35,2026-03-25 10:41:45,370.0,2026-03-25,simulated
Escola Estadual Criança Esperança,Ciências,Professora_Elisa,f1c5e8faebc9ab791d2c562bfd9fda99c4bc10d22e6beff1b40abc554f2000ac,Alice Nascimento Silva Lobo,Agitado,2026-03-25 10:41:45,2026-03-25 10:42:48,63.0,2026-03-25,simulated
Escola Estadual Criança Esperança,Ciências,Professora_Elisa,f1c5e8faebc9ab791d2c562bfd9fda99c4bc10d22e6beff1b40abc554f2000ac,Alice Nascimento Silva Lobo,Atento,2026-03-25 10:42:54,2026-03-25 10:49:28,394.0,2026-03-25,simulated
Escola Estadual Criança Esperança,Ciências,Professora_Elisa,f1c5e8faebc9ab791d2c562bfd9fda99c4bc10d22e6beff1b40abc554f2000ac,Alice Nascimento Silva Lobo,Dormindo,2026-03-25 10:49:36,2026-03-25 10:51:04,88.0,2026-03-25,simulated
Escola Estadual Criança Esperança,Ciências,Professora_Elisa,f1c5e8faebc9ab791d2c562bfd9fda99c4bc10d22e6beff1b40abc554f2000ac,Alice Nascimento Silva Lobo,Perguntando,2026-03-25 10:51:05,2026-03-25 10:51:26,21.0,2026-03-25,simulated
Escola Estadual Criança Esperança,Ciências,Professora_Elisa,f1c5e8faebc9ab791d2c562bfd9fda99c4bc10d22e6beff1b40abc554f2000ac,Alice Nascimento Silva Lobo,Atento,2026-03-25 10:51:34,2026-03-25 11:02:45,671.0,2026-03-25,simulated
Escola Estadual Criança Esperança,Ciências,Professora_Elisa,f1c5e8faebc9ab791d2c562bfd9fda99c4bc10d22e6beff1b40abc554f2000ac,Alice Nascimento Silva Lobo,Perguntando,2026-03-25 11:02:46,2026-03-25 11:03:14,28.0,2026-03-25,simulated
Escola Estadual Criança Esperança,Ciências,Professora_Elisa,f1c5e8faebc9ab791d2c562bfd9fda99c4bc10d22e6beff1b40abc554f2000ac,Alice Nascimento Silva Lobo,Atento,2026-03-25 11:03:21,2026-03-25 11:13:31,610.0,2026-03-25,simulated
Escola Estadual Criança Esperança,Ciências,Professora_Elisa,f1c5e8faebc9ab791d2c562bfd9fda99c4bc10d22e6beff1b40abc554f2000ac,Alice Nascimento Silva Lobo,Perguntando,2026-03-25 11:13:38,2026-03-25 11:14:11,33.0,2026-03-25,simulated
Escola Estadual Criança Esperança,Ciências,Professora_Elisa,f1c5e8faebc9ab791d2c562bfd9fda99c4bc10d22e6beff1b40abc554f2000ac,Alice Nascimento Silva Lobo,Distraido,2026-03-25 11:14:18,2026-03-25 11:16:26,128.0,2026-03-25,simulated
Escola Estadual Criança Esperança,Ciências,Professora_Elisa,f1c5e8faebc9ab791d2c562bfd9fda99c4bc10d22e6beff1b40abc554f2000ac,Alice Nascimento Silva Lobo,Perguntando,2026-03-25 11:16:26,2026-03-25 11:16:46,20.0,2026-03-25,simulated
Escola Estadual Criança Esperança,Ciências,Professora_Elisa,f1c5e8faebc9ab791d2c562bfd9fda99c4bc10d22e6beff1b40abc554f2000ac,Alice Nascimento Silva Lobo,Atento,2026-03-25 11:16:48,2026-03-25 11:23:29,401.0,2026-03-25,simulated
Escola Estadual Criança Esperança,Ciências,Professora_Elisa,f1c5e8faebc9ab791d2c562bfd9fda99c4bc10d22e6beff1b40abc554f2000ac,Alice Nascimento Silva Lobo,Distraido,2026-03-25 11:23:30,2026-03-25 11:24:26,56.0,2026-03-25,simulated
Escola Estadual Criança Esperança,Ciências,Professora_Elisa,f1c5e8faebc9ab791d2c562bfd9fda99c4bc10d22e6beff1b40abc554f2000ac,Alice Nascimento Silva Lobo,Atento,2026-03-25 11:24:31,2026-03-25 11:31:55,444.0,2026-03-25,simulated
Escola Estadual Criança Esperança,Ciências,Professora_Elisa,f1c5e8faebc9ab791d2c562bfd9fda99c4bc10d22e6beff1b40abc554f2000ac,Alice Nascimento Silva Lobo,Distraido,2026-03-25 11:31:59,2026-03-25 11:34:55,176.0,2026-03-25,simulated
Escola Estadual Criança Esperança,Ciências,Professora_Elisa,f1c5e8faebc9ab791d2c562bfd9fda99c4bc10d22e6beff1b40abc554f2000ac,Alice Nascimento Silva Lobo,Perguntando,2026-03-25 11:35:00,2026-03-25 11:35:11,11.0,2026-03-25,simulated
Escola Estadual Criança Esperança,Ciências,Professora_Elisa,f1c5e8faebc9ab791d2c562bfd9fda99c4bc10d22e6beff1b40abc554f2000ac,Alice Nascimento Silva Lobo,Atento,2026-03-25 11:35:15,2026-03-25 11:46:26,671.0,2026-03-25,simulated
Escola Estadual Criança Esperança,Ciências,Professora_Elisa,f1c5e8faebc9ab791d2c562bfd9fda99c4bc10d22e6beff1b40abc554f2000ac,Alice Nascimento Silva Lobo,Perguntando,2026-03-25 11:46:26,2026-03-25 11:47:01,35.0,2026-03-25,simulated
Escola Estadual Criança Esperança,Ciências,Professora_Elisa,f1c5e8faebc9ab791d2c562bfd9fda99c4bc10d22e6beff1b40abc554f2000ac,Alice Nascimento Silva Lobo,Atento,2026-03-25 11:47:06,2026-03-25 11:56:00,534.0,2026-03-25,simulated
