school,discipline,teacher,id_student,student,behavior,start_time,end_time,duration_seconds,date,source
Escola Estadual Criança Esperança,Matemática,Professora_Ana,103cd95d53cd1719703a66a87bad8e14da505b034d046656390724a3abc9cf06,Starley,Atento,2026-03-12 08:00:00,2026-03-12 08:06:39,399.0,2026-03-12,simulated
Escola Estadual Criança Esperança,Matemática,Professora_Ana,103cd95d53cd1719703a66a87bad8e14da505b034d046656390724a3abc9cf06,Starley,Distraido,2026-03-12 08:06:47,2026-03-12 08:09:31,164.0,2026-03-12,simulated
Escola Estadual Criança Esperança,Matemática,Professora_Ana,103cd95d53cd1719703a66a87bad8e14da505b034d046656390724a3abc9cf06,Starley,Atento,2026-03-12 08:09:31,2026-03-12 08:16:20,409.0,2026-03-12,simulated
Escola Estadual Criança Esperança,Matemática,Professora_Ana,103cd95d53cd1719703a66a87bad8e14da505b034d046656390724a3abc9cf06,Starley,Distraido,2026-03-12 08:16:23,2026-03-12 08:19:12,169.0,2026-03-12,simulated
Escola Estadual Criança Esperança,Matemática,Professora_Ana,103cd95d53cd1719703a66a87bad8e14da505b034d046656390724a3abc9cf06,Starley,Atento,2026-03-12 08:19:15,2026-03-12 08:27:59,524.0,2026-03-12,simulated
Escola Estadual Criança Esperança,Matemática,Professora_Ana,103cd95d53cd1719703a66a87bad8e14da505b034d046656390724a3abc9cf06,Starley,Perguntando,2026-03-12 08:28:00,2026-03-12 08:28:17,17.0,2026-03-12,simulated
Escola Estadual Criança Esperança,Matemática,Professora_Ana,103cd95d53cd1719703a66a87bad8e14da505b034d046656390724a3abc9cf06,Starley,Atento,2026-03-12 08:28:23,2026-03-12 08:33:55,332.0,2026-03-12,simulated
Escola Estadual Criança Esperança,Matemática,Professora_Ana,103cd95d53cd1719703a66a87bad8e14da505b034d046656390724a3abc9cf06,Starley,Perguntando,2026-03-12 08:34:01,2026-03-12 08:34:19,18.0,2026-03-12,simulated
Escola Estadual Criança Esperança,Matemática,Professora_Ana,103cd95d53cd1719703a66a87bad8e14da505b034d046656390724a3abc9cf06,Starley,Atento,2026-03-12 08:34:25,2026-03-12 08:40:04,339.0,2026-03-12,simulated
Escola Estadual Criança Esperança,Matemática,Professora_Ana,103cd95d53cd1719703a66a87bad8e14da505b034d046656390724a3abc9cf06,Starley,Perguntando,2026-03-12 08:40:10,2026-03-12 08:40:33,23.0,2026-03-12,simulated
Escola Estadual Criança Esperança,Matemática,Professora_Ana,103cd95d53cd1719703a66a87bad8e14da505b034d046656390724a3abc9cf06,Starley,Distraido,2026-03-12 08:40:33,2026-03-12 08:42:13,100.0,2026-03-12,simulated
Escola Estadual Criança Esperança,Matemática,Professora_Ana,103cd95d53cd1719703a66a87bad8e14da505b034d046656390724a3abc9cf06,Starley,Atento,2026-03-12 08:42:21,2026-03-12 08:54:08,707.0,2026-03-12,simulated
Escola Estadual Criança Esperança,Matemática,Professora_Ana,103cd95d53cd1719703a66a87bad8e14da505b034d046656390724a3abc9cf06,Starley,Perguntando,2026-03-12 08:54:08,2026-03-12 08:54:19,11.0,2026-03-12,simulated
Escola Estadual Criança Esperança,Matemática,Professora_Ana,103cd95d53cd1719703a66a87bad8e14da505b034d046656390724a3abc9cf06,Starley,Atento,2026-03-12 08:54:25,2026-03-12 08:59:58,333.0,2026-03-12,simulated
Escola Estadual Criança Esperança,Matemática,Professora_Ana,103cd95d53cd1719703a66a87bad8e14da505b034d046656390724a3abc9cf06,Starley,Agitado,2026-03-12 09:00:00,2026-03-12 09:01:06,66.0,2026-03-12,simulated
Escola Estadual Criança Esperança,Matemática,Professora_Ana,103cd95d53cd1719703a66a87bad8e14da505b034d046656390724a3abc9cf06,Starley,Atento,2026-03-12 09:01:13,2026-03-12 09:10:34,561.0,2026-03-12,simulated
Escola Estadual Criança Esperança,Matemática,Professora_Ana,103cd95d53cd1719703a66a87bad8e14da505b034d046656390724a3abc9cf06,Starley,Distraido,2026-03-12 09:10:38,2026-03-12 09:12:09,91.0,2026-03-12,simulated
Escola Estadual Criança Esperança,Matemática,Professora_Ana,103cd95d53cd1719703a66a87bad8e14da505b034d046656390724a3abc9cf06,Starley,Atento,2026-03-12 09:12:17,2026-03-12 09:17:20,303.0,2026-03-12,simulated
Escola Estadual Criança Esperança,Matemática,Professora_Ana,103cd95d53cd1719703a66a87bad8e14da505b034d046656390724a3abc9cf06,Starley,Perguntando,2026-03-12 09:17:21,2026-03-12 09:17:45,24.0,2026-03-12,simulated
Escola Estadual Criança Esperança,Matemática,Professora_Ana,103cd95d53cd1719703a66a87bad8e14da505b034d046656390724a3abc9cf06,Starley,Atento,2026-03-12 09:17:46,2026-03-12 09:27:58,612.0,2026-03-12,simulated
Escola Estadual Criança Esperança,Matemática,Professora_Ana,103cd95d53cd1719703a66a87bad8e14da505b034d046656390724a3abc9cf06,Starley,Perguntando,2026-03-12 09:28:05,2026-03-12 09:28:19,14.0,2026-03-12,simulated
Escola Estadual Criança Esperança,Matemática,Professora_Ana,103cd95d53cd1719703a66a87bad8e14da505b034d046656390724a3abc9cf06,Starley,Distraido,2026-03-12 09:28:21,2026-03-12 09:29:57,96.0,2026-03-12,simulated
Escola Estadual Criança Esperança,Matemática,Professora_Ana,103cd95d53cd1719703a66a87bad8e14da505b034d046656390724a3abc9cf06,Starley,Atento,2026-03-12 09:30:05,2026-03-12 09:36:16,371.0,2026-03-12,simulated
Escola Estadual Criança Esperança,Matemática,Professora_Ana,103cd95d53cd1719703a66a87bad8e14da505b034d046656390724a3abc9cf06,Starley,Dormindo,2026-03-12 09:36:17,2026-03-12 09:41:03,286.0,2026-03-12,simulated
Escola Estadual Criança Esperança,Matemática,Professora_Ana,103cd95d53cd1719703a66a87bad8e14da505b034d046656390724a3abc9cf06,Starley,Atento,2026-03-12 09:41:07,2026-03-12 09:46:41,334.0,2026-03-12,simulated
Escola Estadual Criança Esperança,Matemática,Professora_Ana,103cd95d53cd1719703a66a87bad8e14da505b034d046656390724a3abc9cf06,Starley,Perguntando,2026-03-12 09:46:41,2026-03-12 09:47:02,21.0,2026-03-12,simulated
Escola Estadual Criança Esperança,Matemática,Professora_Ana,103cd95d53cd1719703a66a87bad8e14da505b034d046656390724a3abc9cf06,Starley,Atento,2026-03-12 09:47:09,2026-03-12 09:54:31,442.0,2026-03-12,simulated
Escola Estadual Criança Esperança,Matemática,Professora_Ana,103cd95d53cd1719703a66a87bad8e14da505b034d046656390724a3abc9cf06,Starley,Distraido,2026-03-12 09:54:36,2026-03-12 09:56:25,109.0,2026-03-12,simulated
Escola Estadual Criança Esperança,Matemática,Professora_Ana,103cd95d53cd1719703a66a87bad8e14da505b034d046656390724a3abc9cf06,Starley,Atento,2026-03-12 09:56:32,2026-03-12 10:02:29,357.0,2026-03-12,simulated
Escola Estadual Criança Esperança,Matemática,Professora_Ana,103cd95d53cd1719703a66a87bad8e14da505b034d046656390724a3abc9cf06,Starley,Agitado,2026-03-12 10:02:37,2026-03-12 10:03:37,60.0,2026-03-12,simulated
Escola Estadual Criança Esperança,Matemática,Professora_Ana,103cd95d53cd1719703a66a87bad8e14da505b034d046656390724a3abc9cf06,Starley,Atento,2026-03-12 10:03:40,2026-03-12 10:14:14,634.0,2026-03-12,simulated
Escola Estadual Criança Esperança,Matemática,Professora_Ana,103cd95d53cd1719703a66a87bad8e14da505b034d046656390724a3abc9cf06,Starley,Perguntando,2026-03-12 10:14:16,2026-03-12 10:14:40,24.0,2026-03-12,simulated
Escola Estadual Criança Esperança,Matemática,Professora_Ana,103cd95d53cd1719703a66a87bad8e14da505b034d046656390724a3abc9cf06,Starley,Atento,2026-03-12 10:14:40,2026-03-12 10:21:59,439.0,2026-03-12,simulated
Escola Estadual Criança Esperança,Matemática,Professora_Ana,103cd95d53cd1719703a66a87bad8e14da505b034d046656390724a3abc9cf06,Starley,Distraido,2026-03-12 10:22:06,2026-03-12 10:24:04,118.0,2026-03-12,simulated
Escola Estadual Criança Esperança,Matemática,Professora_Ana,103cd95d53cd1719703a66a87bad8e14da505b034d046656390724a3abc9cf06,Starley,Atento,2026-03-12 10:24:09,2026-03-12 10:32:35,506.0,2026-03-12,simulated
Escola Estadual Criança Esperança,Matemática,Professora_Ana,103cd95d53cd1719703a66a87bad8e14da505b034d046656390724a3abc9cf06,Starley,Perguntando,2026-03-12 10:32:41,2026-03-12 10:33:07,26.0,2026-03-12,simulated
Escola Estadual Criança Esperança,Matemática,Professora_Ana,103cd95d53cd1719703a66a87bad8e14da505b034d046656390724a3abc9cf06,Starley,Atento,2026-03-12 10:33:08,2026-03-12 10:43:48,640.0,2026-03-12,simulated
Escola Estadual Criança Esperança,Matemática,Professora_Ana,103cd95d53cd1719703a66a87bad8e14da505b034d046656390724a3abc9cf06,Starley,Perguntando,2026-03-12 10:43:49,2026-03-12 10:44:05,16.0,2026-03-12,simulated
Escola Estadual Criança Esperança,Matemática,Professora_Ana,103cd95d53cd1719703a66a87bad8e14da505b034d046656390724a3abc9cf06,Starley,Atento,2026-03-12 10:44:10,2026-03-12 10:54:30,620.0,2026-03-12,simulated
Escola Estadual Criança Esperança,Matemática,Professora_Ana,103cd95d53cd1719703a66a87bad8e14da505b034d046656390724a3abc9cf06,Starley,Atento,2026-03-12 10:54:38,2026-03-12 11:03:20,522.0,2026-03-12,simulated
Escola Estadual Criança Esperança,Matemática,Professora_Ana,103cd95d53cd1719703a66a87bad8e14da505b034d046656390724a3abc9cf06,Starley,Agitado,2026-03-12 11:03:23,2026-03-12 11:04:39,76.0,2026-03-12,simulated
Escola Estadual Criança Esperança,Matemática,Professora_Ana,103cd95d53cd1719703a66a87bad8e14da505b034d046656390724a3abc9cf06,Starley,Atento,2026-03-12 11:04:46,2026-03-12 11:12:03,437.0,2026-03-12,simulated
Escola Estadual Criança Esperança,Matemática,Professora_Ana,103cd95d53cd1719703a66a87bad8e14da505b034d046656390724a3abc9cf06,Starley,Perguntando,2026-03-12 11:12:11,2026-03-12 11:12:51,40.0,2026-03-12,simulated
Escola Estadual Criança Esperança,Matemática,Professora_Ana,103cd95d53cd1719703a66a87bad8e14da505b034d046656390724a3abc9cf06,Starley,Atento,2026-03-12 11:12:51,2026-03-12 11:23:07,616.0,2026-03-12,simulated
Escola Estadual Criança Esperança,Matemática,Professora_Ana,103cd95d53cd1719703a66a87bad8e14da505b034d046656390724a3abc9cf06,Starley,Distraido,2026-03-12 11:23:07,2026-03-12 11:25:02,115.0,2026-03-12,simulated
Escola Estadual Criança Esperança,Matemática,Professora_Ana,103cd95d53cd1719703a66a87bad8e14da505b034d046656390724a3abc9cf06,Starley,Atento,2026-03-12 11:25:04,2026-03-12 11:36:56,712.0,2026-03-12,simulated
Escola Estadual Criança Esperança,Matemática,Professora_Ana,103cd95d53cd1719703a66a87bad8e14da505b034d046656390724a3abc9cf06,Starley,Distraido,2026-03-12 11:36:56,2026-03-12 11:38:12,76.0,2026-03-12,simulated
Escola Estadual Criança Esperança,Matemática,Professora_Ana,103cd95d53cd1719703a66a87bad8e14da505b034d046656390724a3abc9cf06,Starley,Agitado,2026-03-12 11:38:13,2026-03-12 11:39:30,77.0,2026-03-12,simulated
Escola Estadual Criança Esperança,Matemática,Professora_Ana,103cd95d53cd1719703a66a87bad8e14da505b034d046656390724a3abc9cf06,Starley,Atento,2026-03-12 11:39:35,2026-03-12 11:40:00,25.0,2026-03-12,simulated
Escola Estadual Criança Esperança,Matemática,Professora_Ana,51e028c29914c6103719ccf21258789707dbb3234a716394f10de9ae5349d033,Pedro Vitor Sousa Santos,Atento,2026-03-12 08:02:00,2026-03-12 08:13:05,665.0,2026-03-12,simulated
Escola Estadual Criança Esperança,Matemática,Professora_Ana,51e028c29914c6103719ccf21258789707dbb3234a716394f10de9ae5349d033,Pedro Vitor Sousa Santos,Perguntando,2026-03-12 08:13:11,2026-03-12 08:13:38,27.0,2026-03-12,simulated
Escola Estadual Criança Esperança,Matemática,Professora_Ana,51e028c29914c6103719ccf21258789707dbb3234a716394f10de9ae5349d033,Pedro Vitor Sousa Santos,Agitado,2026-03-12 08:13:39,2026-03-12 08:14:23,44.0,2026-03-12,simulated
Escola Estadual Criança Esperança,Matemática,Professora_Ana,51e028c29914c6103719ccf21258789707dbb3234a716394f10de9ae5349d033,Pedro Vitor Sousa Santos,Atento,2026-03-12 08:14:25,2026-03-12 08:24:25,600.0,2026-03-12,simulated
Escola Estadual Criança Esperança,Matemática,Professora_Ana,51e028c29914c6103719ccf21258789707dbb3234a716394f10de9ae5349d033,Pedro Vitor Sousa Santos,Perguntando,2026-03-12 08:24:28,2026-03-12 08:24:39,11.0,2026-03-12,simulated
Escola Estadual Criança Esperança,Matemática,Professora_Ana,51e028c29914c6103719ccf21258789707dbb3234a716394f10de9ae5349d033,Pedro Vitor Sousa Santos,Dormindo,2026-03-12 08:24:42,2026-03-12 08:28:45,243.0,2026-03-12,simulated
Escola Estadual Criança Esperança,Matemática,Professora_Ana,51e028c29914c6103719ccf21258789707dbb3234a716394f10de9ae5349d033,Pedro Vitor Sousa Santos,Atento,2026-03-12 08:28:53,2026-03-12 08:38:23,570.0,2026-03-12,simulated
Escola Estadual Criança Esperança,Matemática,Professora_Ana,51e028c29914c6103719ccf21258789707dbb3234a716394f10de9ae5349d033,Pedro Vitor Sousa Santos,Agitado,2026-03-12 08:38:23,2026-03-12 08:38:59,36.0,2026-03-12,simulated
Escola Estadual Criança Esperança,Matemática,Professora_Ana,51e028c29914c6103719ccf21258789707dbb3234a716394f10de9ae5349d033,Pedro Vitor Sousa Santos,Atento,2026-03-12 08:39:06,2026-03-12 08:44:26,320.0,2026-03-12,simulated
Escola Estadual Criança Esperança,Matemática,Professora_Ana,51e028c29914c6103719ccf21258789707dbb3234a716394f10de9ae5349d033,Pedro Vitor Sousa Santos,Perguntando,2026-03-12 08:44:33,2026-03-12 08:45:05,32.0,2026-03-12,simulated
Escola Estadual Criança Esperança,Matemática,Professora_Ana,51e028c29914c6103719ccf21258789707dbb3234a716394f10de9ae5349d033,Pedro Vitor Sousa Santos,Agitado,2026-03-12 08:45:06,2026-03-12 08:46:17,71.0,2026-03-12,simulated
Escola Estadual Criança Esperança,Matemática,Professora_Ana,51e028c29914c6103719ccf21258789707dbb3234a716394f10de9ae5349d033,Pedro Vitor Sousa Santos,Perguntando,2026-03-12 08:46:19,2026-03-12 08:46:32,13.0,2026-03-12,simulated
Escola Estadual Criança Esperança,Matemática,Professora_Ana,51e028c29914c6103719ccf21258789707dbb3234a716394f10de9ae5349d033,Pedro Vitor Sousa Santos,Atento,2026-03-12 08:46:36,2026-03-12 08:52:25,349.0,2026-03-12,simulated
Escola Estadual Criança Esperança,Matemática,Professora_Ana,51e028c29914c6103719ccf21258789707dbb3234a716394f10de9ae5349d033,Pedro Vitor Sousa Santos,Distraido,2026-03-12 08:52:29,2026-03-12 08:54:51,142.0,2026-03-12,simulated
Escola Estadual Criança Esperança,Matemática,Professora_Ana,51e028c29914c6103719ccf21258789707dbb3234a716394f10de9ae5349d033,Pedro Vitor Sousa Santos,Dormindo,2026-03-12 08:54:53,2026-03-12 08:58:54,241.0,2026-03-12,simulated
Escola Estadual Criança Esperança,Matemática,Professora_Ana,51e028c29914c6103719ccf21258789707dbb3234a716394f10de9ae5349d033,Pedro Vitor Sousa Santos,Perguntando,2026-03-12 08:58:59,2026-03-12 08:59:16,17.0,2026-03-12,simulated
Escola Estadual Criança Esperança,Matemática,Professora_Ana,51e028c29914c6103719ccf21258789707dbb3234a716394f10de9ae5349d033,Pedro Vitor Sousa Santos,Atento,2026-03-12 08:59:20,2026-03-12 09:06:23,423.0,2026-03-12,simulated
Escola Estadual Criança Esperança,Matemática,Professora_Ana,51e028c29914c6103719ccf21258789707dbb3234a716394f10de9ae5349d033,Pedro Vitor Sousa Santos,Perguntando,2026-03-12 09:06:30,2026-03-12 09:06:55,25.0,2026-03-12,simulated
Escola Estadual Criança Esperança,Matemática,Professora_Ana,51e028c29914c6103719ccf21258789707dbb3234a716394f10de9ae5349d033,Pedro Vitor Sousa Santos,Atento,2026-03-12 09:07:02,2026-03-12 09:14:22,440.0,2026-03-12,simulated
Escola Estadual Criança Esperança,Matemática,Professora_Ana,51e028c29914c6103719ccf21258789707dbb3234a716394f10de9ae5349d033,Pedro Vitor Sousa Santos,Perguntando,2026-03-12 09:14:22,2026-03-12 09:14:38,16.0,2026-03-12,simulated
Escola Estadual Criança Esperança,Matemática,Professora_Ana,51e028c29914c6103719ccf21258789707dbb3234a716394f10de9ae5349d033,Pedro Vitor Sousa Santos,Distraido,2026-03-12 09:14:43,2026-03-12 09:16:25,102.0,2026-03-12,simulated
Escola Estadual Criança Esperança,Matemática,Professora_Ana,51e028c29914c6103719ccf21258789707dbb3234a716394f10de9ae5349d033,Pedro Vitor Sousa Santos,Perguntando,2026-03-12 09:16:29,2026-03-12 09:16:40,11.0,2026-03-12,simulated
Escola Estadual Criança Esperança,Matemática,Professora_Ana,51e028c29914c6103719ccf21258789707dbb3234a716394f10de9ae5349d033,Pedro Vitor Sousa Santos,Atento,2026-03-12 09:16:46,2026-03-12 09:26:49,603.0,2026-03-12,simulated
Escola Estadual Criança Esperança,Matemática,Professora_Ana,51e028c29914c6103719ccf21258789707dbb3234a716394f10de9ae5349d033,Pedro Vitor Sousa Santos,Distraido,2026-03-12 09:26:54,2026-03-12 09:29:36,162.0,2026-03-12,simulated
Escola Estadual Criança Esperança,Matemática,Professora_Ana,51e028c29914c6103719ccf21258789707dbb3234a716394f10de9ae5349d033,Pedro Vitor Sousa Santos,Atento,2026-03-12 09:29:40,2026-03-12 09:40:23,643.0,2026-03-12,simulated
Escola Estadual Criança Esperança,Matemática,Professora_Ana,51e028c29914c6103719ccf21258789707dbb3234a716394f10de9ae5349d033,Pedro Vitor Sousa Santos,Perguntando,2026-03-12 09:40:27,2026-03-12 09:40:48,21.0,2026-03-12,simulated
Escola Estadual Criança Esperança,Matemática,Professora_Ana,51e028c29914c6103719ccf21258789707dbb3234a716394f10de9ae5349d033,Pedro Vitor Sousa Santos,Distraido,2026-03-12 09:40:55,2026-03-12 09:41:51,56.0,2026-03-12,simulated
Escola Estadual Criança Esperança,Matemática,Professora_Ana,51e028c29914c6103719ccf21258789707dbb3234a716394f10de9ae5349d033,Pedro Vitor Sousa Santos,Atento,2026-03-12 09:41:57,2026-03-12 09:47:26,329.0,2026-03-12,simulated
Escola Estadual Criança Esperança,Matemática,Professora_Ana,51e028c29914c6103719ccf21258789707dbb3234a716394f10de9ae5349d033,Pedro Vitor Sousa Santos,Agitado,2026-03-12 09:47:29,2026-03-12 09:48:02,33.0,2026-03-12,simulated
Escola Estadual Criança Esperança,Matemática,Professora_Ana,51e028c29914c6103719ccf21258789707dbb3234a716394f10de9ae5349d033,Pedro Vitor Sousa Santos,Perguntando,2026-03-12 09:48:04,2026-03-12 09:48:35,31.0,2026-03-12,simulated
Escola Estadual Criança Esperança,Matemática,Professora_Ana,51e028c29914c6103719ccf21258789707dbb3234a716394f10de9ae5349d033,Pedro Vitor Sousa Santos,Atento,2026-03-12 09:48:42,2026-03-12 10:00:42,720.0,2026-03-12,simulated
Escola Estadual Criança Esperança,Matemática,Professora_Ana,51e028c29914c6103719ccf21258789707dbb3234a716394f10de9ae5349d033,Pedro Vitor Sousa Santos,Perguntando,2026-03-12 10:00:45,2026-03-12 10:01:04,19.0,2026-03-12,simulated
Escola Estadual Criança Esperança,Matemática,Professora_Ana,51e028c29914c6103719ccf21258789707dbb3234a716394f10de9ae5349d033,Pedro Vitor Sousa Santos,Atento,2026-03-12 10:01:10,2026-03-12 10:07:34,384.0,2026-03-12,simulated
Escola Estadual Criança Esperança,Matemática,Professora_Ana,51e028c29914c6103719ccf21258789707dbb3234a716394f10de9ae5349d033,Pedro Vitor Sousa Santos,Perguntando,2026-03-12 10:07:42,2026-03-12 10:08:01,19.0,2026-03-12,simulated
Escola Estadual Criança Esperança,Matemática,Professora_Ana,51e028c29914c6103719ccf21258789707dbb3234a716394f10de9ae5349d033,Pedro Vitor Sousa Santos,Distraido,2026-03-12 10:08:04,2026-03-12 10:09:00,56.0,2026-03-12,simulated
Escola Estadual Criança Esperança,Matemática,Professora_Ana,51e028c29914c6103719ccf21258789707dbb3234a716394f10de9ae5349d033,Pedro Vitor Sousa Santos,Perguntando,2026-03-12 10:09:00,2026-03-12 10:09:32,32.0,2026-03-12,simulated
Escola Estadual Criança Esperança,Matemática,Professora_Ana,51e028c29914c6103719ccf21258789707dbb3234a716394f10de9ae5349d033,Pedro Vitor Sousa Santos,Atento,2026-03-12 10:09:32,2026-03-12 10:16:59,447.0,2026-03-12,simulated
Escola Estadual Criança Esperança,Matemática,Professora_Ana,51e028c29914c6103719ccf21258789707dbb3234a716394f10de9ae5349d033,Pedro Vitor Sousa Santos,Perguntando,2026-03-12 10:17:01,2026-03-12 10:17:35,34.0,2026-03-12,simulated
Escola Estadual Criança Esperança,Matemática,Professora_Ana,51e028c29914c6103719ccf21258789707dbb3234a716394f10de9ae5349d033,Pedro Vitor Sousa Santos,Distraido,2026-03-12 10:17:37,2026-03-12 10:18:38,61.0,2026-03-12,simulated
Escola Estadual Criança Esperança,Matemática,Professora_Ana,51e028c29914c6103719ccf21258789707dbb3234a716394f10de9ae5349d033,Pedro Vitor Sousa Santos,Atento,2026-03-12 10:18:44,2026-03-12 10:30:13,689.0,2026-03-12,simulated
Escola Estadual Criança Esperança,Matemática,Professora_Ana,51e028c29914c6103719ccf21258789707dbb3234a716394f10de9ae5349d033,Pedro Vitor Sousa Santos,Perguntando,2026-03-12 10:30:20,2026-03-12 10:30:58,38.0,2026-03-12,simulated
Escola Estadual Criança Esperança,Matemática,Professora_Ana,51e028c29914c6103719ccf21258789707dbb3234a716394f10de9ae5349d033,Pedro Vitor Sousa Santos,Atento,2026-03-12 10:31:05,2026-03-12 10:39:02,477.0,2026-03-12,simulated
Escola Estadual Criança Esperança,Matemática,Professora_Ana,51e028c29914c6103719ccf21258789707dbb3234a716394f10de9ae5349d033,Pedro Vitor Sousa Santos,Distraido,2026-03-12 10:39:08,2026-03-12 10:42:03,175.0,2026-03-12,simulated
Escola Estadual Criança Esperança,Matemática,Professora_Ana,51e028c29914c6103719ccf21258789707dbb3234a716394f10de9ae5349d033,Pedro Vitor Sousa Santos,Perguntando,2026-03-12 10:42:09,2026-03-12 10:42:43,34.0,2026-03-12,simulated
Escola Estadual Criança Esperança,Matemática,Professora_Ana,51e028c29914c6103719ccf21258789707dbb3234a716394f10de9ae5349d033,Pedro Vitor Sousa Santos,Agitado,2026-03-12 10:42:45,2026-03-12 10:43:11,26.0,2026-03-12,simulated
Escola Estadual Criança Esperança,Matemática,Professora_Ana,51e028c29914c6103719ccf21258789707dbb3234a716394f10de9ae5349d033,Pedro Vitor Sousa Santos,Perguntando,2026-03-12 10:43:16,2026-03-12 10:43:44,28.0,2026-03-12,simulated
Escola Estadual Criança Esperança,Matemática,Professora_Ana,51e028c29914c6103719ccf21258789707dbb3234a716394f10de9ae5349d033,Pedro Vitor Sousa Santos,Atento,2026-03-12 10:43:45,2026-03-12 10:50:55,430.0,2026-03-12,simulated
Escola Estadual Criança Esperança,Matemática,Professora_Ana,51e028c29914c6103719ccf21258789707dbb3234a716394f10de9ae5349d033,Pedro Vitor Sousa Santos,Perguntando,2026-03-12 10:50:57,2026-03-12 10:51:24,27.0,2026-03-12,simulated
Escola Estadual Criança Esperança,Matemática,Professora_Ana,51e028c29914c6103719ccf21258789707dbb3234a716394f10de9ae5349d033,Pedro Vitor Sousa Santos,Atento,2026-03-12 10:51:28,2026-03-12 11:01:16,588.0,2026-03-12,simulated
Escola Estadual Criança Esperança,Matemática,Professora_Ana,51e028c29914c6103719ccf21258789707dbb3234a716394f10de9ae5349d033,Pedro Vitor Sousa Santos,Perguntando,2026-03-12 11:01:17,2026-03-12 11:01:46,29.0,2026-03-12,simulated
Escola Estadual Criança Esperança,Matemática,Professora_Ana,51e028c29914c6103719ccf21258789707dbb3234a716394f10de9ae5349d033,Pedro Vitor Sousa Santos,Agitado,2026-03-12 11:01:48,2026-03-12 11:02:31,43.0,2026-03-12,simulated
Escola Estadual Criança Esperança,Matemática,Professora_Ana,51e028c29914c6103719ccf21258789707dbb3234a716394f10de9ae5349d033,Pedro Vitor Sousa Santos,Atento,2026-03-12 11:02:33,2026-03-12 11:11:48,555.0,2026-03-12,simulated
Escola Estadual Criança Esperança,Matemática,Professora_Ana,51e028c29914c6103719ccf21258789707dbb3234a716394f10de9ae5349d033,Pedro Vitor Sousa Santos,Perguntando,2026-03-12 11:11:54,2026-03-12 11:12:05,11.0,2026-03-12,simulated
Escola Estadual Criança Esperança,Matemática,Professora_Ana,51e028c29914c6103719ccf21258789707dbb3234a716394f10de9ae5349d033,Pedro Vitor Sousa Santos,Atento,2026-03-12 11:12:07,2026-03-12 11:17:45,338.0,2026-03-12,simulated
Escola Estadual Criança Esperança,Matemática,Professora_Ana,51e028c29914c6103719ccf21258789707dbb3234a716394f10de9ae5349d033,Pedro Vitor Sousa Santos,Agitado,2026-03-12 11:17:49,2026-03-12 11:18:13,24.0,2026-03-12,simulated
Escola Estadual Criança Esperança,Matemática,Professora_Ana,51e028c29914c6103719ccf21258789707dbb3234a716394f10de9ae5349d033,Pedro Vitor Sousa Santos,Atento,2026-03-12 11:18:15,2026-03-12 11:28:39,624.0,2026-03-12,simulated
Escola Estadual Criança Esperança,Matemática,Professora_Ana,51e028c29914c6103719ccf21258789707dbb3234a716394f10de9ae5349d033,Pedro Vitor Sousa Santos,Agitado,2026-03-12 11:28:41,2026-03-12 11:29:53,72.0,2026-03-12,simulated
Escola Estadual Criança Esperança,Matemática,Professora_Ana,51e028c29914c6103719ccf21258789707dbb3234a716394f10de9ae5349d033,Pedro Vitor Sousa Santos,Perguntando,2026-03-12 11:29:56,2026-03-12 11:30:12,16.0,2026-03-12,simulated
Escola Estadual Criança Esperança,Matemática,Professora_Ana,51e028c29914c6103719ccf21258789707dbb3234a716394f10de9ae5349d033,Pedro Vitor Sousa Santos,Atento,2026-03-12 11:30:17,2026-03-12 11:40:14,597.0,2026-03-12,simulated
Escola Estadual Criança Esperança,Matemática,Professora_Ana,51e028c29914c6103719ccf21258789707dbb3234a716394f10de9ae5349d033,Pedro Vitor Sousa Santos,Dormindo,2026-03-12 11:40:19,2026-03-12 11:42:00,101.0,2026-03-12,simulated
Escola Estadual Criança Esperança,Matemática,Professora_Ana,eb3c72a0bb37fffc786f4ab3c5d9dcfeff614019a87ad1548133b55826c3b9fa,Bruno Dias,Perguntando,2026-03-12 08:04:00,2026-03-12 08:04:17,17.0,2026-03-12,simulated
Escola Estadual Criança Esperança,Matemática,Professora_Ana,eb3c72a0bb37fffc786f4ab3c5d9dcfeff614019a87ad1548133b55826c3b9fa,Bruno Dias,Atento,2026-03-12 08:04:21,2026-03-12 08:11:47,446.0,2026-03-12,simulated
Escola Estadual Criança Esperança,Matemática,Professora_Ana,eb3c72a0bb37fffc786f4ab3c5d9dcfeff614019a87ad1548133b55826c3b9fa,Bruno Dias,Agitado,2026-03-12 08:11:55,2026-03-12 08:12:35,40.0,2026-03-12,simulated
Escola Estadual Criança Esperança,Matemática,Professora_Ana,eb3c72a0bb37fffc786f4ab3c5d9dcfeff614019a87ad1548133b55826c3b9fa,Bruno Dias,Distraido,2026-03-12 08:12:37,2026-03-12 08:13:24,47.0,2026-03-12,simulated
Escola Estadual Criança Esperança,Matemática,Professora_Ana,eb3c72a0bb37fffc786f4ab3c5d9dcfeff614019a87ad1548133b55826c3b9fa,Bruno Dias,Atento,2026-03-12 08:13:30,2026-03-12 08:22:13,523.0,2026-03-12,simulated
Escola Estadual Criança Esperança,Matemática,Professora_Ana,eb3c72a0bb37fffc786f4ab3c5d9dcfeff614019a87ad1548133b55826c3b9fa,Bruno Dias,Distraido,2026-03-12 08:22:15,2026-03-12 08:23:53,98.0,2026-03-12,simulated
Escola Estadual Criança Esperança,Matemática,Professora_Ana,eb3c72a0bb37fffc786f4ab3c5d9dcfeff614019a87ad1548133b55826c3b9fa,Bruno Dias,Atento,2026-03-12 08:23:55,2026-03-12 08:32:27,512.0,2026-03-12,simulated
Escola Estadual Criança Esperança,Matemática,Professora_Ana,eb3c72a0bb37fffc786f4ab3c5d9dcfeff614019a87ad1548133b55826c3b9fa,Bruno Dias,Dormindo,2026-03-12 08:32:33,2026-03-12 08:33:35,62.0,2026-03-12,simulated
Escola Estadual Criança Esperança,Matemática,Professora_Ana,eb3c72a0bb37fffc786f4ab3c5d9dcfeff614019a87ad1548133b55826c3b9fa,Bruno Dias,Atento,2026-03-12 08:33:39,2026-03-12 08:39:44,365.0,2026-03-12,simulated
Escola Estadual Criança Esperança,Matemática,Professora_Ana,eb3c72a0bb37fffc786f4ab3c5d9dcfeff614019a87ad1548133b55826c3b9fa,Bruno Dias,Distraido,2026-03-12 08:39:52,2026-03-12 08:42:20,148.0,2026-03-12,simulated
Escola Estadual Criança Esperança,Matemática,Professora_Ana,eb3c72a0bb37fffc786f4ab3c5d9dcfeff614019a87ad1548133b55826c3b9fa,Bruno Dias,Agitado,2026-03-12 08:42:20,2026-03-12 08:43:25,65.0,2026-03-12,simulated
Escola Estadual Criança Esperança,Matemática,Professora_Ana,eb3c72a0bb37fffc786f4ab3c5d9dcfeff614019a87ad1548133b55826c3b9fa,Bruno Dias,Distraido,2026-03-12 08:43:26,2026-03-12 08:45:03,97.0,2026-03-12,simulated
Escola Estadual Criança Esperança,Matemática,Professora_Ana,eb3c72a0bb37fffc786f4ab3c5d9dcfeff614019a87ad1548133b55826c3b9fa,Bruno Dias,Dormindo,2026-03-12 08:45:11,2026-03-12 08:49:41,270.0,2026-03-12,simulated
Escola Estadual Criança Esperança,Matemática,Professora_Ana,eb3c72a0bb37fffc786f4ab3c5d9dcfeff614019a87ad1548133b55826c3b9fa,Bruno Dias,Atento,2026-03-12 08:49:45,2026-03-12 08:55:12,327.0,2026-03-12,simulated
Escola Estadual Criança Esperança,Matemática,Professora_Ana,eb3c72a0bb37fffc786f4ab3c5d9dcfeff614019a87ad1548133b55826c3b9fa,Bruno Dias,Perguntando,2026-03-12 08:55:18,2026-03-12 08:55:50,32.0,2026-03-12,simulated
Escola Estadual Criança Esperança,Matemática,Professora_Ana,eb3c72a0bb37fffc786f4ab3c5d9dcfeff614019a87ad1548133b55826c3b9fa,Bruno Dias,Atento,2026-03-12 08:55:58,2026-03-12 09:06:26,628.0,2026-03-12,simulated
Escola Estadual Criança Esperança,Matemática,Professora_Ana,eb3c72a0bb37fffc786f4ab3c5d9dcfeff614019a87ad1548133b55826c3b9fa,Bruno Dias,Distraido,2026-03-12 09:06:34,2026-03-12 09:07:57,83.0,2026-03-12,simulated
Escola Estadual Criança Esperança,Matemática,Professora_Ana,eb3c72a0bb37fffc786f4ab3c5d9dcfeff614019a87ad1548133b55826c3b9fa,Bruno Dias,Dormindo,2026-03-12 09:08:00,2026-03-12 09:09:44,104.0,2026-03-12,simulated
Escola Estadual Criança Esperança,Matemática,Professora_Ana,eb3c72a0bb37fffc786f4ab3c5d9dcfeff614019a87ad1548133b55826c3b9fa,Bruno Dias,Distraido,2026-03-12 09:09:44,2026-03-12 09:11:29,105.0,2026-03-12,simulated
Escola Estadual Criança Esperança,Matemática,Professora_Ana,eb3c72a0bb37fffc786f4ab3c5d9dcfeff614019a87ad1548133b55826c3b9fa,Bruno Dias,Dormindo,2026-03-12 09:11:33,2026-03-12 09:13:55,142.0,2026-03-12,simulated
Escola Estadual Criança Esperança,Matemática,Professora_Ana,eb3c72a0bb37fffc786f4ab3c5d9dcfeff614019a87ad1548133b55826c3b9fa,Bruno Dias,Distraido,2026-03-12 09:13:56,2026-03-12 09:16:33,157.0,2026-03-12,simulated
Escola Estadual Criança Esperança,Matemática,Professora_Ana,eb3c72a0bb37fffc786f4ab3c5d9dcfeff614019a87ad1548133b55826c3b9fa,Bruno Dias,Atento,2026-03-12 09:16:38,2026-03-12 09:27:04,626.0,2026-03-12,simulated
Escola Estadual Criança Esperança,Matemática,Professora_Ana,eb3c72a0bb37fffc786f4ab3c5d9dcfeff614019a87ad1548133b55826c3b9fa,Bruno Dias,Distraido,2026-03-12 09:27:09,2026-03-12 09:28:12,63.0,2026-03-12,simulated
Escola Estadual Criança Esperança,Matemática,Professora_Ana,eb3c72a0bb37fffc786f4ab3c5d9dcfeff614019a87ad1548133b55826c3b9fa,Bruno Dias,Perguntando,2026-03-12 09:28:17,2026-03-12 09:28:37,20.0,2026-03-12,simulated
Escola Estadual Criança Esperança,Matemática,Professora_Ana,eb3c72a0bb37fffc786f4ab3c5d9dcfeff614019a87ad1548133b55826c3b9fa,Bruno Dias,Atento,2026-03-12 09:28:38,2026-03-12 09:40:23,705.0,2026-03-12,simulated
Escola Estadual Criança Esperança,Matemática,Professora_Ana,eb3c72a0bb37fffc786f4ab3c5d9dcfeff614019a87ad1548133b55826c3b9fa,Bruno Dias,Perguntando,2026-03-12 09:40:30,2026-03-12 09:40:47,17.0,2026-03-12,simulated
Escola Estadual Criança Esperança,Matemática,Professora_Ana,eb3c72a0bb37fffc786f4ab3c5d9dcfeff614019a87ad1548133b55826c3b9fa,Bruno Dias,Dormindo,2026-03-12 09:40:51,2026-03-12 09:42:35,104.0,2026-03-12,simulated
Escola Estadual Criança Esperança,Matemática,Professora_Ana,eb3c72a0bb37fffc786f4ab3c5d9dcfeff614019a87ad1548133b55826c3b9fa,Bruno Dias,Atento,2026-03-12 09:42:43,2026-03-12 09:48:52,369.0,2026-03-12,simulated
Escola Estadual Criança Esperança,Matemática,Professora_Ana,eb3c72a0bb37fffc786f4ab3c5d9dcfeff614019a87ad1548133b55826c3b9fa,Bruno Dias,Distraido,2026-03-12 09:49:00,2026-03-12 09:50:53,113.0,2026-03-12,simulated
Escola Estadual Criança Esperança,Matemática,Professora_Ana,eb3c72a0bb37fffc786f4ab3c5d9dcfeff614019a87ad1548133b55826c3b9fa,Bruno Dias,Agitado,2026-03-12 09:50:54,2026-03-12 09:51:32,38.0,2026-03-12,simulated
Escola Estadual Criança Esperança,Matemática,Professora_Ana,eb3c72a0bb37fffc786f4ab3c5d9dcfeff614019a87ad1548133b55826c3b9fa,Bruno Dias,Distraido,2026-03-12 09:51:37,2026-03-12 09:52:29,52.0,2026-03-12,simulated
Escola Estadual Criança Esperança,Matemática,Professora_Ana,eb3c72a0bb37fffc786f4ab3c5d9dcfeff614019a87ad1548133b55826c3b9fa,Bruno Dias,Perguntando,2026-03-12 09:52:31,2026-03-12 09:52:51,20.0,2026-03-12,simulated
Escola Estadual Criança Esperança,Matemática,Professora_Ana,eb3c72a0bb37fffc786f4ab3c5d9dcfeff614019a87ad1548133b55826c3b9fa,Bruno Dias,Distraido,2026-03-12 09:52:53,2026-03-12 09:54:35,102.0,2026-03-12,simulated
Escola Estadual Criança Esperança,Matemática,Professora_Ana,eb3c72a0bb37fffc786f4ab3c5d9dcfeff614019a87ad1548133b55826c3b9fa,Bruno Dias,Agitado,2026-03-12 09:54:41,2026-03-12 09:55:04,23.0,2026-03-12,simulated
Escola Estadual Criança Esperança,Matemática,Professora_Ana,eb3c72a0bb37fffc786f4ab3c5d9dcfeff614019a87ad1548133b55826c3b9fa,Bruno Dias,Perguntando,2026-03-12 09:55:08,2026-03-12 09:55:44,36.0,2026-03-12,simulated
Escola Estadual Criança Esperança,Matemática,Professora_Ana,eb3c72a0bb37fffc786f4ab3c5d9dcfeff614019a87ad1548133b55826c3b9fa,Bruno Dias,Atento,2026-03-12 09:55:47,2026-03-12 10:03:36,469.0,2026-03-12,simulated
Escola Estadual Criança Esperança,Matemática,Professora_Ana,eb3c72a0bb37fffc786f4ab3c5d9dcfeff614019a87ad1548133b55826c3b9fa,Bruno Dias,Distraido,2026-03-12 10:03:38,2026-03-12 10:05:42,124.0,2026-03-12,simulated
Escola Estadual Criança Esperança,Matemática,Professora_Ana,eb3c72a0bb37fffc786f4ab3c5d9dcfeff614019a87ad1548133b55826c3b9fa,Bruno Dias,Atento,2026-03-12 10:05:43,2026-03-12 10:13:02,439.0,2026-03-12,simulated
Escola Estadual Criança Esperança,Matemática,Professora_Ana,eb3c72a0bb37fffc786f4ab3c5d9dcfeff614019a87ad1548133b55826c3b9fa,Bruno Dias,Perguntando,2026-03-12 10:13:04,2026-03-12 10:13:37,33.0,2026-03-12,simulated
Escola Estadual Criança Esperança,Matemática,Professora_Ana,eb3c72a0bb37fffc786f4ab3c5d9dcfeff614019a87ad1548133b55826c3b9fa,Bruno Dias,Atento,2026-03-12 10:13:40,2026-03-12 10:18:57,317.0,2026-03-12,simulated
Escola Estadual Criança Esperança,Matemática,Professora_Ana,eb3c72a0bb37fffc786f4ab3c5d9dcfeff614019a87ad1548133b55826c3b9fa,Bruno Dias,Distraido,2026-03-12 10:19:05,2026-03-12 10:21:32,147.0,2026-03-12,simulated
Escola Estadual Criança Esperança,Matemática,Professora_Ana,eb3c72a0bb37fffc786f4ab3c5d9dcfeff614019a87ad1548133b55826c3b9fa,Bruno Dias,Perguntando,2026-03-12 10:21:33,2026-03-12 10:22:11,38.0,2026-03-12,simulated
Escola Estadual Criança Esperança,Matemática,Professora_Ana,eb3c72a0bb37fffc786f4ab3c5d9dcfeff614019a87ad1548133b55826c3b9fa,Bruno Dias,Agitado,2026-03-12 10:22:17,2026-03-12 10:23:30,73.0,2026-03-12,simulated
Escola Estadual Criança Esperança,Matemática,Professora_Ana,eb3c72a0bb37fffc786f4ab3c5d9dcfeff614019a87ad1548133b55826c3b9fa,Bruno Dias,Distraido,2026-03-12 10:23:31,2026-03-12 10:25:22,111.0,2026-03-12,simulated
Escola Estadual Criança Esperança,Matemática,Professora_Ana,eb3c72a0bb37fffc786f4ab3c5d9dcfeff614019a87ad1548133b55826c3b9fa,Bruno Dias,Atento,2026-03-12 10:25:26,2026-03-12 10:32:07,401.0,2026-03-12,simulated
Escola Estadual Criança Esperança,Matemática,Professora_Ana,eb3c72a0bb37fffc786f4ab3c5d9dcfeff614019a87ad1548133b55826c3b9fa,Bruno Dias,Distraido,2026-03-12 10:32:09,2026-03-12 10:33:22,73.0,2026-03-12,simulated
Escola Estadual Criança Esperança,Matemática,Professora_Ana,eb3c72a0bb37fffc786f4ab3c5d9dcfeff614019a87ad1548133b55826c3b9fa,Bruno Dias,Atento,2026-03-12 10:33:23,2026-03-12 10:42:52,569.0,2026-03-12,simulated
Escola Estadual Criança Esperança,Matemática,Professora_Ana,eb3c72a0bb37fffc786f4ab3c5d9dcfeff614019a87ad1548133b55826c3b9fa,Bruno Dias,Perguntando,2026-03-12 10:42:56,2026-03-12 10:43:35,39.0,2026-03-12,simulated
Escola Estadual Criança Esperança,Matemática,Professora_Ana,eb3c72a0bb37fffc786f4ab3c5d9dcfeff614019a87ad1548133b55826c3b9fa,Bruno Dias,Atento,2026-03-12 10:43:42,2026-03-12 10:50:04,382.0,2026-03-12,simulated
Escola Estadual Criança Esperança,Matemática,Professora_Ana,eb3c72a0bb37fffc786f4ab3c5d9dcfeff614019a87ad1548133b55826c3b9fa,Bruno Dias,Agitado,2026-03-12 10:50:08,2026-03-12 10:50:48,40.0,2026-03-12,simulated
Escola Estadual Criança Esperança,Matemática,Professora_Ana,eb3c72a0bb37fffc786f4ab3c5d9dcfeff614019a87ad1548133b55826c3b9fa,Bruno Dias,Distraido,2026-03-12 10:50:49,2026-03-12 10:52:45,116.0,2026-03-12,simulated
Escola Estadual Criança Esperança,Matemática,Professora_Ana,eb3c72a0bb37fffc786f4ab3c5d9dcfeff614019a87ad1548133b55826c3b9fa,Bruno Dias,Dormindo,2026-03-12 10:52:45,2026-03-12 10:56:49,244.0,2026-03-12,simulated
Escola Estadual Criança Esperança,Matemática,Professora_Ana,eb3c72a0bb37fffc786f4ab3c5d9dcfeff614019a87ad1548133b55826c3b9fa,Bruno Dias,Perguntando,2026-03-12 10:56:51,2026-03-12 10:57:20,29.0,2026-03-12,simulated
Escola Estadual Criança Esperança,Matemática,Professora_Ana,eb3c72a0bb37fffc786f4ab3c5d9dcfeff614019a87ad1548133b55826c3b9fa,Bruno Dias,Distraido,2026-03-12 10:57:20,2026-03-12 10:59:52,152.0,2026-03-12,simulated
Escola Estadual Criança Esperança,Matemática,Professora_Ana,eb3c72a0bb37fffc786f4ab3c5d9dcfeff614019a87ad1548133b55826c3b9fa,Bruno Dias,Agitado,2026-03-12 11:00:00,2026-03-12 11:01:29,89.0,2026-03-12,simulated
Escola Estadual Criança Esperança,Matemática,Professora_Ana,eb3c72a0bb37fffc786f4ab3c5d9dcfeff614019a87ad1548133b55826c3b9fa,Bruno Dias,Atento,2026-03-12 11:01:32,2026-03-12 11:10:39,547.0,2026-03-12,simulated
Escola Estadual Criança Esperança,Matemática,Professora_Ana,eb3c72a0bb37fffc786f4ab3c5d9dcfeff614019a87ad1548133b55826c3b9fa,Bruno Dias,Distraido,2026-03-12 11:10:40,2026-03-12 11:12:03,83.0,2026-03-12,simulated
Escola Estadual Criança Esperança,Matemática,Professora_Ana,eb3c72a0bb37fffc786f4ab3c5d9dcfeff614019a87ad1548133b55826c3b9fa,Bruno Dias,Atento,2026-03-12 11:12:09,2026-03-12 11:24:09,720.0,2026-03-12,simulated
Escola Estadual Criança Esperança,Matemática,Professora_Ana,eb3c72a0bb37fffc786f4ab3c5d9dcfeff614019a87ad1548133b55826c3b9fa,Bruno Dias,Distraido,2026-03-12 11:24:17,2026-03-12 11:27:10,173.0,2026-03-12,simulated
Escola Estadual Criança Esperança,Matemática,Professora_Ana,eb3c72a0bb37fffc786f4ab3c5d9dcfeff614019a87ad1548133b55826c3b9fa,Bruno Dias,Perguntando,2026-03-12 11:27:11,2026-03-12 11:27:38,27.0,2026-03-12,simulated
Escola Estadual Criança Esperança,Matemática,Professora_Ana,eb3c72a0bb37fffc786f4ab3c5d9dcfeff614019a87ad1548133b55826c3b9fa,Bruno Dias,Distraido,2026-03-12 11:27:45,2026-03-12 11:29:10,85.0,2026-03-12,simulated
Escola Estadual Criança Esperança,Matemática,Professora_Ana,eb3c72a0bb37fffc786f4ab3c5d9dcfeff614019a87ad1548133b55826c3b9fa,Bruno Dias,Atento,2026-03-12 11:29:14,2026-03-12 11:39:56,642.0,2026-03-12,simulated
Escola Estadual Criança Esperança,Matemática,Professora_Ana,eb3c72a0bb37fffc786f4ab3c5d9dcfeff614019a87ad1548133b55826c3b9fa,Bruno Dias,Distraido,2026-03-12 11:40:03,2026-03-12 11:40:49,46.0,2026-03-12,simulated
Escola Estadual Criança Esperança,Matemática,Professora_Ana,eb3c72a0bb37fffc786f4ab3c5d9dcfeff614019a87ad1548133b55826c3b9fa,Bruno Dias,Atento,2026-03-12 11:40:51,2026-03-12 11:44:00,189.0,2026-03-12,simulated
Escola Estadual Criança Esperança,Matemática,Professora_Ana,dc9a95b5ba8bb57ac1e73ab7f8c125406ac4da1026d061aaf30426faf91b662f,Ruti da Costa Lima,Atento,2026-03-12 08:06:00,2026-03-12 08:11:42,342.0,2026-03-12,simulated
Escola Estadual Criança Esperança,Matemática,Professora_Ana,dc9a95b5ba8bb57ac1e73ab7f8c125406ac4da1026d061aaf30426faf91b662f,Ruti da Costa Lima,Dormindo,2026-03-12 08:11:43,2026-03-12 08:13:46,123.0,2026-03-12,simulated
Escola Estadual Criança Esperança,Matemática,Professora_Ana,dc9a95b5ba8bb57ac1e73ab7f8c125406ac4da1026d061aaf30426faf91b662f,Ruti da Costa Lima,Distraido,2026-03-12 08:13:53,2026-03-12 08:16:10,137.0,2026-03-12,simulated
Escola Estadual Criança Esperança,Matemática,Professora_Ana,dc9a95b5ba8bb57ac1e73ab7f8c125406ac4da1026d061aaf30426faf91b662f,Ruti da Costa Lima,Perguntando,2026-03-12 08:16:11,2026-03-12 08:16:30,19.0,2026-03-12,simulated
Escola Estadual Criança Esperança,Matemática,Professora_Ana,dc9a95b5ba8bb57ac1e73ab7f8c125406ac4da1026d061aaf30426faf91b662f,Ruti da Costa Lima,Atento,2026-03-12 08:16:32,2026-03-12 08:28:14,702.0,2026-03-12,simulated
Escola Estadual Criança Esperança,Matemática,Professora_Ana,dc9a95b5ba8bb57ac1e73ab7f8c125406ac4da1026d061aaf30426faf91b662f,Ruti da Costa Lima,Dormindo,2026-03-12 08:28:21,2026-03-12 08:33:20,299.0,2026-03-12,simulated
Escola Estadual Criança Esperança,Matemática,Professora_Ana,dc9a95b5ba8bb57ac1e73ab7f8c125406ac4da1026d061aaf30426faf91b662f,Ruti da Costa Lima,Atento,2026-03-12 08:33:24,2026-03-12 08:38:58,334.0,2026-03-12,simulated
Escola Estadual Criança Esperança,Matemática,Professora_Ana,dc9a95b5ba8bb57ac1e73ab7f8c125406ac4da1026d061aaf30426faf91b662f,Ruti da Costa Lima,Dormindo,2026-03-12 08:38:59,2026-03-12 08:42:39,220.0,2026-03-12,simulated
Escola Estadual Criança Esperança,Matemática,Professora_Ana,dc9a95b5ba8bb57ac1e73ab7f8c125406ac4da1026d061aaf30426faf91b662f,Ruti da Costa Lima,Agitado,2026-03-12 08:42:45,2026-03-12 08:43:41,56.0,2026-03-12,simulated
Escola Estadual Criança Esperança,Matemática,Professora_Ana,dc9a95b5ba8bb57ac1e73ab7f8c125406ac4da1026d061aaf30426faf91b662f,Ruti da Costa Lima,Dormindo,2026-03-12 08:43:41,2026-03-12 08:47:58,257.0,2026-03-12,simulated
Escola Estadual Criança Esperança,Matemática,Professora_Ana,dc9a95b5ba8bb57ac1e73ab7f8c125406ac4da1026d061aaf30426faf91b662f,Ruti da Costa Lima,Atento,2026-03-12 08:47:58,2026-03-12 08:57:42,584.0,2026-03-12,simulated
Escola Estadual Criança Esperança,Matemática,Professora_Ana,dc9a95b5ba8bb57ac1e73ab7f8c125406ac4da1026d061aaf30426faf91b662f,Ruti da Costa Lima,Distraido,2026-03-12 08:57:43,2026-03-12 08:59:37,114.0,2026-03-12,simulated
Escola Estadual Criança Esperança,Matemática,Professora_Ana,dc9a95b5ba8bb57ac1e73ab7f8c125406ac4da1026d061aaf30426faf91b662f,Ruti da Costa Lima,Dormindo,2026-03-12 08:59:38,2026-03-12 09:02:02,144.0,2026-03-12,simulated
Escola Estadual Criança Esperança,Matemática,Professora_Ana,dc9a95b5ba8bb57ac1e73ab7f8c125406ac4da1026d061aaf30426faf91b662f,Ruti da Costa Lima,Atento,2026-03-12 09:02:04,2026-03-12 09:11:54,590.0,2026-03-12,simulated
Escola Estadual Criança Esperança,Matemática,Professora_Ana,dc9a95b5ba8bb57ac1e73ab7f8c125406ac4da1026d061aaf30426faf91b662f,Ruti da Costa Lima,Distraido,2026-03-12 09:11:56,2026-03-12 09:13:45,109.0,2026-03-12,simulated
Escola Estadual Criança Esperança,Matemática,Professora_Ana,dc9a95b5ba8bb57ac1e73ab7f8c125406ac4da1026d061aaf30426faf91b662f,Ruti da Costa Lima,Dormindo,2026-03-12 09:13:45,2026-03-12 09:18:13,268.0,2026-03-12,simulated
Escola Estadual Criança Esperança,Matemática,Professora_Ana,dc9a95b5ba8bb57ac1e73ab7f8c125406ac4da1026d061aaf30426faf91b662f,Ruti da Costa Lima,Atento,2026-03-12 09:18:16,2026-03-12 09:29:56,700.0,2026-03-12,simulated
Escola Estadual Criança Esperança,Matemática,Professora_Ana,dc9a95b5ba8bb57ac1e73ab7f8c125406ac4da1026d061aaf30426faf91b662f,Ruti da Costa Lima,Distraido,2026-03-12 09:29:56,2026-03-12 09:31:55,119.0,2026-03-12,simulated
Escola Estadual Criança Esperança,Matemática,Professora_Ana,dc9a95b5ba8bb57ac1e73ab7f8c125406ac4da1026d061aaf30426faf91b662f,Ruti da Costa Lima,Dormindo,2026-03-12 09:31:56,2026-03-12 09:34:07,131.0,2026-03-12,simulated
Escola Estadual Criança Esperança,Matemática,Professora_Ana,dc9a95b5ba8bb57ac1e73ab7f8c125406ac4da1026d061aaf30426faf91b662f,Ruti da Costa Lima,Perguntando,2026-03-12 09:34:12,2026-03-12 09:34:35,23.0,2026-03-12,simulated
Escola Estadual Criança Esperança,Matemática,Professora_Ana,dc9a95b5ba8bb57ac1e73ab7f8c125406ac4da1026d061aaf30426faf91b662f,Ruti da Costa Lima,Distraido,2026-03-12 09:34:38,2026-03-12 09:36:15,97.0,2026-03-12,simulated
Escola Estadual Criança Esperança,Matemática,Professora_Ana,dc9a95b5ba8bb57ac1e73ab7f8c125406ac4da1026d061aaf30426faf91b662f,Ruti da Costa Lima,Agitado,2026-03-12 09:36:20,2026-03-12 09:37:47,87.0,2026-03-12,simulated
Escola Estadual Criança Esperança,Matemática,Professora_Ana,dc9a95b5ba8bb57ac1e73ab7f8c125406ac4da1026d061aaf30426faf91b662f,Ruti da Costa Lima,Perguntando,2026-03-12 09:37:49,2026-03-12 09:38:02,13.0,2026-03-12,simulated
Escola Estadual Criança Esperança,Matemática,Professora_Ana,dc9a95b5ba8bb57ac1e73ab7f8c125406ac4da1026d061aaf30426faf91b662f,Ruti da Costa Lima,Dormindo,2026-03-12 09:38:08,2026-03-12 09:41:22,194.0,2026-03-12,simulated
Escola Estadual Criança Esperança,Matemática,Professora_Ana,dc9a95b5ba8bb57ac1e73ab7f8c125406ac4da1026d061aaf30426faf91b662f,Ruti da Costa Lima,Distraido,2026-03-12 09:41:30,2026-03-12 09:43:40,130.0,2026-03-12,simulated
Escola Estadual Criança Esperança,Matemática,Professora_Ana,dc9a95b5ba8bb57ac1e73ab7f8c125406ac4da1026d061aaf30426faf91b662f,Ruti da Costa Lima,Atento,2026-03-12 09:43:44,2026-03-12 09:53:12,568.0,2026-03-12,simulated
Escola Estadual Criança Esperança,Matemática,Professora_Ana,dc9a95b5ba8bb57ac1e73ab7f8c125406ac4da1026d061aaf30426faf91b662f,Ruti da Costa Lima,Dormindo,2026-03-12 09:53:12,2026-03-12 09:55:45,153.0,2026-03-12,simulated
Escola Estadual Criança Esperança,Matemática,Professora_Ana,dc9a95b5ba8bb57ac1e73ab7f8c125406ac4da1026d061aaf30426faf91b662f,Ruti da Costa Lima,Distraido,2026-03-12 09:55:48,2026-03-12 09:57:00,72.0,2026-03-12,simulated
Escola Estadual Criança Esperança,Matemática,Professora_Ana,dc9a95b5ba8bb57ac1e73ab7f8c125406ac4da1026d061aaf30426faf91b662f,Ruti da Costa Lima,Agitado,2026-03-12 09:57:04,2026-03-12 09:57:46,42.0,2026-03-12,simulated
Escola Estadual Criança Esperança,Matemática,Professora_Ana,dc9a95b5ba8bb57ac1e73ab7f8c125406ac4da1026d061aaf30426faf91b662f,Ruti da Costa Lima,Atento,2026-03-12 09:57:53,2026-03-12 10:05:16,443.0,2026-03-12,simulated
Escola Estadual Criança Esperança,Matemática,Professora_Ana,dc9a95b5ba8bb57ac1e73ab7f8c125406ac4da1026d061aaf30426faf91b662f,Ruti da Costa Lima,Dormindo,2026-03-12 10:05:18,2026-03-12 10:08:35,197.0,2026-03-12,simulated
Escola Estadual Criança Esperança,Matemática,Professora_Ana,dc9a95b5ba8bb57ac1e73ab7f8c125406ac4da1026d061aaf30426faf91b662f,Ruti da Costa Lima,Agitado,2026-03-12 10:08:41,2026-03-12 10:09:09,28.0,2026-03-12,simulated
Escola Estadual Criança Esperança,Matemática,Professora_Ana,dc9a95b5ba8bb57ac1e73ab7f8c125406ac4da1026d061aaf30426faf91b662f,Ruti da Costa Lima,Atento,2026-03-12 10:09:17,2026-03-12 10:16:44,447.0,2026-03-12,simulated
Escola Estadual Criança Esperança,Matemática,Professora_Ana,dc9a95b5ba8bb57ac1e73ab7f8c125406ac4da1026d061aaf30426faf91b662f,Ruti da Costa Lima,Dormindo,2026-03-12 10:16:46,2026-03-12 10:20:50,244.0,2026-03-12,simulated
Escola Estadual Criança Esperança,Matemática,Professora_Ana,dc9a95b5ba8bb57ac1e73ab7f8c125406ac4da1026d061aaf30426faf91b662f,Ruti da Costa Lima,Atento,2026-03-12 10:20:50,2026-03-12 10:30:04,554.0,2026-03-12,simulated
Escola Estadual Criança Esperança,Matemática,Professora_Ana,dc9a95b5ba8bb57ac1e73ab7f8c125406ac4da1026d061aaf30426faf91b662f,Ruti da Costa Lima,Perguntando,2026-03-12 10:30:05,2026-03-12 10:30:15,10.0,2026-03-12,simulated
Escola Estadual Criança Esperança,Matemática,Professora_Ana,dc9a95b5ba8bb57ac1e73ab7f8c125406ac4da1026d061aaf30426faf91b662f,Ruti da Costa Lima,Dormindo,2026-03-12 10:30:20,2026-03-12 10:33:26,186.0,2026-03-12,simulated
Escola Estadual Criança Esperança,Matemática,Professora_Ana,dc9a95b5ba8bb57ac1e73ab7f8c125406ac4da1026d061aaf30426faf91b662f,Ruti da Costa Lima,Atento,2026-03-12 10:33:27,2026-03-12 10:45:08,701.0,2026-03-12,simulated
Escola Estadual Criança Esperança,Matemática,Professora_Ana,dc9a95b5ba8bb57ac1e73ab7f8c125406ac4da1026d061aaf30426faf91b662f,Ruti da Costa Lima,Agitado,2026-03-12 10:45:15,2026-03-12 10:46:27,72.0,2026-03-12,simulated
Escola Estadual Criança Esperança,Matemática,Professora_Ana,dc9a95b5ba8bb57ac1e73ab7f8c125406ac4da1026d061aaf30426faf91b662f,Ruti da Costa Lima,Atento,2026-03-12 10:46:29,2026-03-12 10:53:50,441.0,2026-03-12,simulated
Escola Estadual Criança Esperança,Matemática,Professora_Ana,dc9a95b5ba8bb57ac1e73ab7f8c125406ac4da1026d061aaf30426faf91b662f,Ruti da Costa Lima,Dormindo,2026-03-12 10:53:58,2026-03-12 10:56:42,164.0,2026-03-12,simulated
Escola Estadual Criança Esperança,Matemática,Professora_Ana,dc9a95b5ba8bb57ac1e73ab7f8c125406ac4da1026d061aaf30426faf91b662f,Ruti da Costa Lima,Agitado,2026-03-12 10:56:50,2026-03-12 10:58:02,72.0,2026-03-12,simulated
Escola Estadual Criança Esperança,Matemática,Professora_Ana,dc9a95b5ba8bb57ac1e73ab7f8c125406ac4da1026d061aaf30426faf91b662f,Ruti da Costa Lima,Dormindo,2026-03-12 10:58:09,2026-03-12 11:00:11,122.0,2026-03-12,simulated
Escola Estadual Criança Esperança,Matemática,Professora_Ana,dc9a95b5ba8bb57ac1e73ab7f8c125406ac4da1026d061aaf30426faf91b662f,Ruti da Costa Lima,Distraido,2026-03-12 11:00:16,2026-03-12 11:01:25,69.0,2026-03-12,simulated
Escola Estadual Criança Esperança,Matemática,Professora_Ana,dc9a95b5ba8bb57ac1e73ab7f8c125406ac4da1026d061aaf30426faf91b662f,Ruti da Costa Lima,Perguntando,2026-03-12 11:01:25,2026-03-12 11:01:50,25.0,2026-03-12,simulated
Escola Estadual Criança Esperança,Matemática,Professora_Ana,dc9a95b5ba8bb57ac1e73ab7f8c125406ac4da1026d061aaf30426faf91b662f,Ruti da Costa Lima,Agitado,2026-03-12 11:01:55,2026-03-12 11:03:02,67.0,2026-03-12,simulated
Escola Estadual Criança Esperança,Matemática,Professora_Ana,dc9a95b5ba8bb57ac1e73ab7f8c125406ac4da1026d061aaf30426faf91b662f,Ruti da Costa Lima,Dormindo,2026-03-12 11:03:09,2026-03-12 11:07:29,260.0,2026-03-12,simulated
Escola Estadual Criança Esperança,Matemática,Professora_Ana,dc9a95b5ba8bb57ac1e73ab7f8c125406ac4da1026d061aaf30426faf91b662f,Ruti da Costa Lima,Atento,2026-03-12 11:07:34,2026-03-12 11:18:17,643.0,2026-03-12,simulated
Escola Estadual Criança Esperança,Matemática,Professora_Ana,dc9a95b5ba8bb57ac1e73ab7f8c125406ac4da1026d061aaf30426faf91b662f,Ruti da Costa Lima,Perguntando,2026-03-12 11:18:18,2026-03-12 11:18:47,29.0,2026-03-12,simulated
Escola Estadual Criança Esperança,Matemática,Professora_Ana,dc9a95b5ba8bb57ac1e73ab7f8c125406ac4da1026d061aaf30426faf91b662f,Ruti da Costa Lima,Dormindo,2026-03-12 11:18:55,2026-03-12 11:22:41,226.0,2026-03-12,simulated
Escola Estadual Criança Esperança,Matemática,Professora_Ana,dc9a95b5ba8bb57ac1e73ab7f8c125406ac4da1026d061aaf30426faf91b662f,Ruti da Costa Lima,Distraido,2026-03-12 11:22:49,2026-03-12 11:24:38,109.0,2026-03-12,simulated
Escola Estadual Criança Esperança,Matemática,Professora_Ana,dc9a95b5ba8bb57ac1e73ab7f8c125406ac4da1026d061aaf30426faf91b662f,Ruti da Costa Lima,Dormindo,2026-03-12 11:24:42,2026-03-12 11:29:18,276.0,2026-03-12,simulated
Escola Estadual Criança Esperança,Matemática,Professora_Ana,dc9a95b5ba8bb57ac1e73ab7f8c125406ac4da1026d061aaf30426faf91b662f,Ruti da Costa Lima,Distraido,2026-03-12 11:29:19,2026-03-12 11:31:03,104.0,2026-03-12,simulated
Escola Estadual Criança Esperança,Matemática,Professora_Ana,dc9a95b5ba8bb57ac1e73ab7f8c125406ac4da1026d061aaf30426faf91b662f,Ruti da Costa Lima,Dormindo,2026-03-12 11:31:08,2026-03-12 11:33:05,117.0,2026-03-12,simulated
Escola Estadual Criança Esperança,Matemática,Professora_Ana,dc9a95b5ba8bb57ac1e73ab7f8c125406ac4da1026d061aaf30426faf91b662f,Ruti da Costa Lima,Perguntando,2026-03-12 11:33:12,2026-03-12 11:33:49,37.0,2026-03-12,simulated
Escola Estadual Criança Esperança,Matemática,Professora_Ana,dc9a95b5ba8bb57ac1e73ab7f8c125406ac4da1026d061aaf30426faf91b662f,Ruti da Costa Lima,Distraido,2026-03-12 11:33:53,2026-03-12 11:36:13,140.0,2026-03-12,simulated
Escola Estadual Criança Esperança,Matemática,Professora_Ana,dc9a95b5ba8bb57ac1e73ab7f8c125406ac4da1026d061aaf30426faf91b662f,Ruti da Costa Lima,Agitado,2026-03-12 11:36:21,2026-03-12 11:37:40,79.0,2026-03-12,simulated
Escola Estadual Criança Esperança,Matemática,Professora_Ana,dc9a95b5ba8bb57ac1e73ab7f8c125406ac4da1026d061aaf30426faf91b662f,Ruti da Costa Lima,Distraido,2026-03-12 11:37:40,2026-03-12 11:40:01,141.0,2026-03-12,simulated
Escola Estadual Criança Esperança,Matemática,Professora_Ana,dc9a95b5ba8bb57ac1e73ab7f8c125406ac4da1026d061aaf30426faf91b662f,Ruti da Costa Lima,Dormindo,2026-03-12 11:40:03,2026-03-12 11:43:47,224.0,2026-03-12,simulated
Escola Estadual Criança Esperança,Matemática,Professora_Ana,dc9a95b5ba8bb57ac1e73ab7f8c125406ac4da1026d061aaf30426faf91b662f,Ruti da Costa Lima,Distraido,2026-03-12 11:43:53,2026-03-12 11:46:00,127.0,2026-03-12,simulated
Escola Estadual Criança Esperança,Matemática,Professora_Ana,1f5624d608f5310226c28aebea723be5755bef49bd56f7361fb66357f10133e5,Paullo Geovanne,Atento,2026-03-12 08:08:00,2026-03-12 08:19:25,685.0,2026-03-12,simulated
Escola Estadual Criança Esperança,Matemática,Professora_Ana,1f5624d608f5310226c28aebea723be5755bef49bd56f7361fb66357f10133e5,Paullo Geovanne,Distraido,2026-03-12 08:19:33,2026-03-12 08:20:47,74.0,2026-03-12,simulated
Escola Estadual Criança Esperança,Matemática,Professora_Ana,1f5624d608f5310226c28aebea723be5755bef49bd56f7361fb66357f10133e5,Paullo Geovanne,Atento,2026-03-12 08:20:47,2026-03-12 08:26:36,349.0,2026-03-12,simulated
Escola Estadual Criança Esperança,Matemática,Professora_Ana,1f5624d608f5310226c28aebea723be5755bef49bd56f7361fb66357f10133e5,Paullo Geovanne,Perguntando,2026-03-12 08:26:39,2026-03-12 08:26:50,11.0,2026-03-12,simulated
Escola Estadual Criança Esperança,Matemática,Professora_Ana,1f5624d608f5310226c28aebea723be5755bef49bd56f7361fb66357f10133e5,Paullo Geovanne,Atento,2026-03-12 08:26:53,2026-03-12 08:36:06,553.0,2026-03-12,simulated
Escola Estadual Criança Esperança,Matemática,Professora_Ana,1f5624d608f5310226c28aebea723be5755bef49bd56f7361fb66357f10133e5,Paullo Geovanne,Distraido,2026-03-12 08:36:10,2026-03-12 08:38:00,110.0,2026-03-12,simulated
Escola Estadual Criança Esperança,Matemática,Professora_Ana,1f5624d608f5310226c28aebea723be5755bef49bd56f7361fb66357f10133e5,Paullo Geovanne,Atento,2026-03-12 08:38:07,2026-03-12 08:46:11,484.0,2026-03-12,simulated
Escola Estadual Criança Esperança,Matemática,Professora_Ana,1f5624d608f5310226c28aebea723be5755bef49bd56f7361fb66357f10133e5,Paullo Geovanne,Atento,2026-03-12 08:46:11,2026-03-12 08:54:42,511.0,2026-03-12,simulated
Escola Estadual Criança Esperança,Matemática,Professora_Ana,1f5624d608f5310226c28aebea723be5755bef49bd56f7361fb66357f10133e5,Paullo Geovanne,Perguntando,2026-03-12 08:54:49,2026-03-12 08:55:03,14.0,2026-03-12,simulated
Escola Estadual Criança Esperança,Matemática,Professora_Ana,1f5624d608f5310226c28aebea723be5755bef49bd56f7361fb66357f10133e5,Paullo Geovanne,Atento,2026-03-12 08:55:11,2026-03-12 09:01:56,405.0,2026-03-12,simulated
Escola Estadual Criança Esperança,Matemática,Professora_Ana,1f5624d608f5310226c28aebea723be5755bef49bd56f7361fb66357f10133e5,Paullo Geovanne,Agitado,2026-03-12 09:01:58,2026-03-12 09:03:22,84.0,2026-03-12,simulated
Escola Estadual Criança Esperança,Matemática,Professora_Ana,1f5624d608f5310226c28aebea723be5755bef49bd56f7361fb66357f10133e5,Paullo Geovanne,Perguntando,2026-03-12 09:03:30,2026-03-12 09:04:05,35.0,2026-03-12,simulated
Escola Estadual Criança Esperança,Matemática,Professora_Ana,1f5624d608f5310226c28aebea723be5755bef49bd56f7361fb66357f10133e5,Paullo Geovanne,Atento,2026-03-12 09:04:09,2026-03-12 09:11:08,419.0,2026-03-12,simulated
Escola Estadual Criança Esperança,Matemática,Professora_Ana,1f5624d608f5310226c28aebea723be5755bef49bd56f7361fb66357f10133e5,Paullo Geovanne,Atento,2026-03-12 09:11:10,2026-03-12 09:19:18,488.0,2026-03-12,simulated
Escola Estadual Criança Esperança,Matemática,Professora_Ana,1f5624d608f5310226c28aebea723be5755bef49bd56f7361fb66357f10133e5,Paullo Geovanne,Distraido,2026-03-12 09:19:23,2026-03-12 09:21:24,121.0,2026-03-12,simulated
Escola Estadual Criança Esperança,Matemática,Professora_Ana,1f5624d608f5310226c28aebea723be5755bef49bd56f7361fb66357f10133e5,Paullo Geovanne,Perguntando,2026-03-12 09:21:32,2026-03-12 09:22:02,30.0,2026-03-12,simulated
Escola Estadual Criança Esperança,Matemática,Professora_Ana,1f5624d608f5310226c28aebea723be5755bef49bd56f7361fb66357f10133e5,Paullo Geovanne,Atento,2026-03-12 09:22:06,2026-03-12 09:32:28,622.0,2026-03-12,simulated
Escola Estadual Criança Esperança,Matemática,Professora_Ana,1f5624d608f5310226c28aebea723be5755bef49bd56f7361fb66357f10133e5,Paullo Geovanne,Perguntando,2026-03-12 09:32:35,2026-03-12 09:33:00,25.0,2026-03-12,simulated
Escola Estadual Criança Esperança,Matemática,Professora_Ana,1f5624d608f5310226c28aebea723be5755bef49bd56f7361fb66357f10133e5,Paullo Geovanne,Atento,2026-03-12 09:33:03,2026-03-12 09:41:33,510.0,2026-03-12,simulated
Escola Estadual Criança Esperança,Matemática,Professora_Ana,1f5624d608f5310226c28aebea723be5755bef49bd56f7361fb66357f10133e5,Paullo Geovanne,Perguntando,2026-03-12 09:41:34,2026-03-12 09:42:04,30.0,2026-03-12,simulated
Escola Estadual Criança Esperança,Matemática,Professora_Ana,1f5624d608f5310226c28aebea723be5755bef49bd56f7361fb66357f10133e5,Paullo Geovanne,Atento,2026-03-12 09:42:11,2026-03-12 09:49:05,414.0,2026-03-12,simulated
Escola Estadual Criança Esperança,Matemática,Professora_Ana,1f5624d608f5310226c28aebea723be5755bef49bd56f7361fb66357f10133e5,Paullo Geovanne,Perguntando,2026-03-12 09:49:09,2026-03-12 09:49:47,38.0,2026-03-12,simulated
Escola Estadual Criança Esperança,Matemática,Professora_Ana,1f5624d608f5310226c28aebea723be5755bef49bd56f7361fb66357f10133e5,Paullo Geovanne,Atento,2026-03-12 09:49:54,2026-03-12 10:01:13,679.0,2026-03-12,simulated
Escola Estadual Criança Esperança,Matemática,Professora_Ana,1f5624d608f5310226c28aebea723be5755bef49bd56f7361fb66357f10133e5,Paullo Geovanne,Perguntando,2026-03-12 10:01:16,2026-03-12 10:01:54,38.0,2026-03-12,simulated
Escola Estadual Criança Esperança,Matemática,Professora_Ana,1f5624d608f5310226c28aebea723be5755bef49bd56f7361fb66357f10133e5,Paullo Geovanne,Atento,2026-03-12 10:01:58,2026-03-12 10:11:02,544.0,2026-03-12,simulated
Escola Estadual Criança Esperança,Matemática,Professora_Ana,1f5624d608f5310226c28aebea723be5755bef49bd56f7361fb66357f10133e5,Paullo Geovanne,Atento,2026-03-12 10:11:05,2026-03-12 10:19:10,485.0,2026-03-12,simulated
Escola Estadual Criança Esperança,Matemática,Professora_Ana,1f5624d608f5310226c28aebea723be5755bef49bd56f7361fb66357f10133e5,Paullo Geovanne,Atento,2026-03-12 10:19:11,2026-03-12 10:27:52,521.0,2026-03-12,simulated
Escola Estadual Criança Esperança,Matemática,Professora_Ana,1f5624d608f5310226c28aebea723be5755bef49bd56f7361fb66357f10133e5,Paullo Geovanne,Perguntando,2026-03-12 10:27:52,2026-03-12 10:28:22,30.0,2026-03-12,simulated
Escola Estadual Criança Esperança,Matemática,Professora_Ana,1f5624d608f5310226c28aebea723be5755bef49bd56f7361fb66357f10133e5,Paullo Geovanne,Distraido,2026-03-12 10:28:23,2026-03-12 10:29:12,49.0,2026-03-12,simulated
Escola Estadual Criança Esperança,Matemática,Professora_Ana,1f5624d608f5310226c28aebea723be5755bef49bd56f7361fb66357f10133e5,Paullo Geovanne,Agitado,2026-03-12 10:29:16,2026-03-12 10:30:24,68.0,2026-03-12,simulated
Escola Estadual Criança Esperança,Matemática,Professora_Ana,1f5624d608f5310226c28aebea723be5755bef49bd56f7361fb66357f10133e5,Paullo Geovanne,Atento,2026-03-12 10:30:32,2026-03-12 10:40:21,589.0,2026-03-12,simulated
Escola Estadual Criança Esperança,Matemática,Professora_Ana,1f5624d608f5310226c28aebea723be5755bef49bd56f7361fb66357f10133e5,Paullo Geovanne,Perguntando,2026-03-12 10:40:27,2026-03-12 10:40:51,24.0,2026-03-12,simulated
Escola Estadual Criança Esperança,Matemática,Professora_Ana,1f5624d608f5310226c28aebea723be5755bef49bd56f7361fb66357f10133e5,Paullo Geovanne,Atento,2026-03-12 10:40:58,2026-03-12 10:50:50,592.0,2026-03-12,simulated
Escola Estadual Criança Esperança,Matemática,Professora_Ana,1f5624d608f5310226c28aebea723be5755bef49bd56f7361fb66357f10133e5,Paullo Geovanne,Dormindo,2026-03-12 10:50:52,2026-03-12 10:53:24,152.0,2026-03-12,simulated
Escola Estadual Criança Esperança,Matemática,Professora_Ana,1f5624d608f5310226c28aebea723be5755bef49bd56f7361fb66357f10133e5,Paullo Geovanne,Atento,2026-03-12 10:53:24,2026-03-12 11:01:10,466.0,2026-03-12,simulated
Escola Estadual Criança Esperança,Matemática,Professora_Ana,1f5624d608f5310226c28aebea723be5755bef49bd56f7361fb66357f10133e5,Paullo Geovanne,Perguntando,2026-03-12 11:01:11,2026-03-12 11:01:39,28.0,2026-03-12,simulated
Escola Estadual Criança Esperança,Matemática,Professora_Ana,1f5624d608f5310226c28aebea723be5755bef49bd56f7361fb66357f10133e5,Paullo Geovanne,Atento,2026-03-12 11:01:40,2026-03-12 11:12:49,669.0,2026-03-12,simulated
Escola Estadual Criança Esperança,Matemática,Professora_Ana,1f5624d608f5310226c28aebea723be5755bef49bd56f7361fb66357f10133e5,Paullo Geovanne,Perguntando,2026-03-12 11:12:50,2026-03-12 11:13:24,34.0,2026-03-12,simulated
Escola Estadual Criança Esperança,Matemática,Professora_Ana,1f5624d608f5310226c28aebea723be5755bef49bd56f7361fb66357f10133e5,Paullo Geovanne,Distraido,2026-03-12 11:13:26,2026-03-12 11:14:27,61.0,2026-03-12,simulated
Escola Estadual Criança Esperança,Matemática,Professora_Ana,1f5624d608f5310226c28aebea723be5755bef49bd56f7361fb66357f10133e5,Paullo Geovanne,Atento,2026-03-12 11:14:30,2026-03-12 11:25:31,661.0,2026-03-12,simulated
Escola Estadual Criança Esperança,Matemática,Professora_Ana,1f5624d608f5310226c28aebea723be5755bef49bd56f7361fb66357f10133e5,Paullo Geovanne,Perguntando,2026-03-12 11:25:32,2026-03-12 11:25:52,20.0,2026-03-12,simulated
Escola Estadual Criança Esperança,Matemática,Professora_Ana,1f5624d608f5310226c28aebea723be5755bef49bd56f7361fb66357f10133e5,Paullo Geovanne,Atento,2026-03-12 11:25:58,2026-03-12 11:33:01,423.0,2026-03-12,simulated
Escola Estadual Criança Esperança,Matemática,Professora_Ana,1f5624d608f5310226c28aebea723be5755bef49bd56f7361fb66357f10133e5,Paullo Geovanne,Perguntando,2026-03-12 11:33:01,2026-03-12 11:33:27,26.0,2026-03-12,simulated
Escola Estadual Criança Esperança,Matemática,Professora_Ana,1f5624d608f5310226c28aebea723be5755bef49bd56f7361fb66357f10133e5,Paullo Geovanne,Atento,2026-03-12 11:33:27,2026-03-12 11:40:00,393.0,2026-03-12,simulated
Escola Estadual Criança Esperança,Matemática,Professora_Ana,1f5624d608f5310226c28aebea723be5755bef49bd56f7361fb66357f10133e5,Paullo Geovanne,Agitado,2026-03-12 11:40:06,2026-03-12 11:40:57,51.0,2026-03-12,simulated
Escola Estadual Criança Esperança,Matemática,Professora_Ana,1f5624d608f5310226c28aebea723be5755bef49bd56f7361fb66357f10133e5,Paullo Geovanne,Atento,2026-03-12 11:41:01,2026-03-12 11:48:00,419.0,2026-03-12,simulated
Escola Estadual Criança Esperança,Matemática,Professora_Ana,1dd437c73ff9fac4d9f9c9c4ba29924a8d14d31aa348772e1944c31cacebce98,Thiago Campos,Atento,2026-03-12 08:10:00,2026-03-12 08:20:19,619.0,2026-03-12,simulated
Escola Estadual Criança Esperança,Matemática,Professora_Ana,1dd437c73ff9fac4d9f9c9c4ba29924a8d14d31aa348772e1944c31cacebce98,Thiago Campos,Perguntando,2026-03-12 08:20:22,2026-03-12 08:20:51,29.0,2026-03-12,simulated
Escola Estadual Criança Esperança,Matemática,Professora_Ana,1dd437c73ff9fac4d9f9c9c4ba29924a8d14d31aa348772e1944c31cacebce98,Thiago Campos,Atento,2026-03-12 08:20:57,2026-03-12 08:28:57,480.0,2026-03-12,simulated
Escola Estadual Criança Esperança,Matemática,Professora_Ana,1dd437c73ff9fac4d9f9c9c4ba29924a8d14d31aa348772e1944c31cacebce98,Thiago Campos,Agitado,2026-03-12 08:29:01,2026-03-12 08:29:38,37.0,2026-03-12,simulated
Escola Estadual Criança Esperança,Matemática,Professora_Ana,1dd437c73ff9fac4d9f9c9c4ba29924a8d14d31aa348772e1944c31cacebce98,Thiago Campos,Atento,2026-03-12 08:29:41,2026-03-12 08:41:03,682.0,2026-03-12,simulated
Escola Estadual Criança Esperança,Matemática,Professora_Ana,1dd437c73ff9fac4d9f9c9c4ba29924a8d14d31aa348772e1944c31cacebce98,Thiago Campos,Perguntando,2026-03-12 08:41:10,2026-03-12 08:41:41,31.0,2026-03-12,simulated
Escola Estadual Criança Esperança,Matemática,Professora_Ana,1dd437c73ff9fac4d9f9c9c4ba29924a8d14d31aa348772e1944c31cacebce98,Thiago Campos,Atento,2026-03-12 08:41:45,2026-03-12 08:50:04,499.0,2026-03-12,simulated
Escola Estadual Criança Esperança,Matemática,Professora_Ana,1dd437c73ff9fac4d9f9c9c4ba29924a8d14d31aa348772e1944c31cacebce98,Thiago Campos,Perguntando,2026-03-12 08:50:05,2026-03-12 08:50:44,39.0,2026-03-12,simulated
Escola Estadual Criança Esperança,Matemática,Professora_Ana,1dd437c73ff9fac4d9f9c9c4ba29924a8d14d31aa348772e1944c31cacebce98,Thiago Campos,Agitado,2026-03-12 08:50:49,2026-03-12 08:51:59,70.0,2026-03-12,simulated
Escola Estadual Criança Esperança,Matemática,Professora_Ana,1dd437c73ff9fac4d9f9c9c4ba29924a8d14d31aa348772e1944c31cacebce98,Thiago Campos,Atento,2026-03-12 08:52:07,2026-03-12 09:02:28,621.0,2026-03-12,simulated
Escola Estadual Criança Esperança,Matemática,Professora_Ana,1dd437c73ff9fac4d9f9c9c4ba29924a8d14d31aa348772e1944c31cacebce98,Thiago Campos,Perguntando,2026-03-12 09:02:36,2026-03-12 09:02:47,11.0,2026-03-12,simulated
Escola Estadual Criança Esperança,Matemática,Professora_Ana,1dd437c73ff9fac4d9f9c9c4ba29924a8d14d31aa348772e1944c31cacebce98,Thiago Campos,Distraido,2026-03-12 09:02:54,2026-03-12 09:04:00,66.0,2026-03-12,simulated
Escola Estadual Criança Esperança,Matemática,Professora_Ana,1dd437c73ff9fac4d9f9c9c4ba29924a8d14d31aa348772e1944c31cacebce98,Thiago Campos,Atento,2026-03-12 09:04:06,2026-03-12 09:11:08,422.0,2026-03-12,simulated
Escola Estadual Criança Esperança,Matemática,Professora_Ana,1dd437c73ff9fac4d9f9c9c4ba29924a8d14d31aa348772e1944c31cacebce98,Thiago Campos,Perguntando,2026-03-12 09:11:08,2026-03-12 09:11:29,21.0,2026-03-12,simulated
Escola Estadual Criança Esperança,Matemática,Professora_Ana,1dd437c73ff9fac4d9f9c9c4ba29924a8d14d31aa348772e1944c31cacebce98,Thiago Campos,Atento,2026-03-12 09:11:32,2026-03-12 09:23:10,698.0,2026-03-12,simulated
Escola Estadual Criança Esperança,Matemática,Professora_Ana,1dd437c73ff9fac4d9f9c9c4ba29924a8d14d31aa348772e1944c31cacebce98,Thiago Campos,Perguntando,2026-03-12 09:23:11,2026-03-12 09:23:39,28.0,2026-03-12,simulated
Escola Estadual Criança Esperança,Matemática,Professora_Ana,1dd437c73ff9fac4d9f9c9c4ba29924a8d14d31aa348772e1944c31cacebce98,Thiago Campos,Atento,2026-03-12 09:23:39,2026-03-12 09:35:21,702.0,2026-03-12,simulated
Escola Estadual Criança Esperança,Matemática,Professora_Ana,1dd437c73ff9fac4d9f9c9c4ba29924a8d14d31aa348772e1944c31cacebce98,Thiago Campos,Perguntando,2026-03-12 09:35:29,2026-03-12 09:36:05,36.0,2026-03-12,simulated
Escola Estadual Criança Esperança,Matemática,Professora_Ana,1dd437c73ff9fac4d9f9c9c4ba29924a8d14d31aa348772e1944c31cacebce98,Thiago Campos,Atento,2026-03-12 09:36:08,2026-03-12 09:41:17,309.0,2026-03-12,simulated
Escola Estadual Criança Esperança,Matemática,Professora_Ana,1dd437c73ff9fac4d9f9c9c4ba29924a8d14d31aa348772e1944c31cacebce98,Thiago Campos,Perguntando,2026-03-12 09:41:21,2026-03-12 09:41:45,24.0,2026-03-12,simulated
Escola Estadual Criança Esperança,Matemática,Professora_Ana,1dd437c73ff9fac4d9f9c9c4ba29924a8d14d31aa348772e1944c31cacebce98,Thiago Campos,Atento,2026-03-12 09:41:47,2026-03-12 09:50:07,500.0,2026-03-12,simulated
Escola Estadual Criança Esperança,Matemática,Professora_Ana,1dd437c73ff9fac4d9f9c9c4ba29924a8d14d31aa348772e1944c31cacebce98,Thiago Campos,Perguntando,2026-03-12 09:50:15,2026-03-12 09:50:34,19.0,2026-03-12,simulated
Escola Estadual Criança Esperança,Matemática,Professora_Ana,1dd437c73ff9fac4d9f9c9c4ba29924a8d14d31aa348772e1944c31cacebce98,Thiago Campos,Dormindo,2026-03-12 09:50:36,2026-03-12 09:52:04,88.0,2026-03-12,simulated
Escola Estadual Criança Esperança,Matemática,Professora_Ana,1dd437c73ff9fac4d9f9c9c4ba29924a8d14d31aa348772e1944c31cacebce98,Thiago Campos,Agitado,2026-03-12 09:52:05,2026-03-12 09:52:34,29.0,2026-03-12,simulated
Escola Estadual Criança Esperança,Matemática,Professora_Ana,1dd437c73ff9fac4d9f9c9c4ba29924a8d14d31aa348772e1944c31cacebce98,Thiago Campos,Atento,2026-03-12 09:52:34,2026-03-12 10:00:32,478.0,2026-03-12,simulated
Escola Estadual Criança Esperança,Matemática,Professora_Ana,1dd437c73ff9fac4d9f9c9c4ba29924a8d14d31aa348772e1944c31cacebce98,Thiago Campos,Perguntando,2026-03-12 10:00:35,2026-03-12 10:00:48,13.0,2026-03-12,simulated
Escola Estadual Criança Esperança,Matemática,Professora_Ana,1dd437c73ff9fac4d9f9c9c4ba29924a8d14d31aa348772e1944c31cacebce98,Thiago Campos,Atento,2026-03-12 10:00:54,2026-03-12 10:06:42,348.0,2026-03-12,simulated
Escola Estadual Criança Esperança,Matemática,Professora_Ana,1dd437c73ff9fac4d9f9c9c4ba29924a8d14d31aa348772e1944c31cacebce98,Thiago Campos,Dormindo,2026-03-12 10:06:42,2026-03-12 10:11:14,272.0,2026-03-12,simulated
Escola Estadual Criança Esperança,Matemática,Professora_Ana,1dd437c73ff9fac4d9f9c9c4ba29924a8d14d31aa348772e1944c31cacebce98,Thiago Campos,Distraido,2026-03-12 10:11:17,2026-03-12 10:13:19,122.0,2026-03-12,simulated
Escola Estadual Criança Esperança,Matemática,Professora_Ana,1dd437c73ff9fac4d9f9c9c4ba29924a8d14d31aa348772e1944c31cacebce98,Thiago Campos,Dormindo,2026-03-12 10:13:23,2026-03-12 10:17:25,242.0,2026-03-12,simulated
Escola Estadual Criança Esperança,Matemática,Professora_Ana,1dd437c73ff9fac4d9f9c9c4ba29924a8d14d31aa348772e1944c31cacebce98,Thiago Campos,Distraido,2026-03-12 10:17:26,2026-03-12 10:18:46,80.0,2026-03-12,simulated
Escola Estadual Criança Esperança,Matemática,Professora_Ana,1dd437c73ff9fac4d9f9c9c4ba29924a8d14d31aa348772e1944c31cacebce98,Thiago Campos,Agitado,2026-03-12 10:18:50,2026-03-12 10:19:53,63.0,2026-03-12,simulated
Escola Estadual Criança Esperança,Matemática,Professora_Ana,1dd437c73ff9fac4d9f9c9c4ba29924a8d14d31aa348772e1944c31cacebce98,Thiago Campos,Atento,2026-03-12 10:19:59,2026-03-12 10:28:58,539.0,2026-03-12,simulated
Escola Estadual Criança Esperança,Matemática,Professora_Ana,1dd437c73ff9fac4d9f9c9c4ba29924a8d14d31aa348772e1944c31cacebce98,Thiago Campos,Distraido,2026-03-12 10:29:00,2026-03-12 10:31:11,131.0,2026-03-12,simulated
Escola Estadual Criança Esperança,Matemática,Professora_Ana,1dd437c73ff9fac4d9f9c9c4ba29924a8d14d31aa348772e1944c31cacebce98,Thiago Campos,Agitado,2026-03-12 10:31:19,2026-03-12 10:32:14,55.0,2026-03-12,simulated
Escola Estadual Criança Esperança,Matemática,Professora_Ana,1dd437c73ff9fac4d9f9c9c4ba29924a8d14d31aa348772e1944c31cacebce98,Thiago Campos,Perguntando,2026-03-12 10:32:22,2026-03-12 10:32:55,33.0,2026-03-12,simulated
Escola Estadual Criança Esperança,Matemática,Professora_Ana,1dd437c73ff9fac4d9f9c9c4ba29924a8d14d31aa348772e1944c31cacebce98,Thiago Campos,Atento,2026-03-12 10:33:02,2026-03-12 10:43:58,656.0,2026-03-12,simulated
Escola Estadual Criança Esperança,Matemática,Professora_Ana,1dd437c73ff9fac4d9f9c9c4ba29924a8d14d31aa348772e1944c31cacebce98,Thiago Campos,Perguntando,2026-03-12 10:44:03,2026-03-12 10:44:40,37.0,2026-03-12,simulated
Escola Estadual Criança Esperança,Matemática,Professora_Ana,1dd437c73ff9fac4d9f9c9c4ba29924a8d14d31aa348772e1944c31cacebce98,Thiago Campos,Distraido,2026-03-12 10:44:44,2026-03-12 10:47:44,180.0,2026-03-12,simulated
Escola Estadual Criança Esperança,Matemática,Professora_Ana,1dd437c73ff9fac4d9f9c9c4ba29924a8d14d31aa348772e1944c31cacebce98,Thiago Campos,Perguntando,2026-03-12 10:47:50,2026-03-12 10:48:23,33.0,2026-03-12,simulated
Escola Estadual Criança Esperança,Matemática,Professora_Ana,1dd437c73ff9fac4d9f9c9c4ba29924a8d14d31aa348772e1944c31cacebce98,Thiago Campos,Distraido,2026-03-12 10:48:28,2026-03-12 10:50:15,107.0,2026-03-12,simulated
Escola Estadual Criança Esperança,Matemática,Professora_Ana,1dd437c73ff9fac4d9f9c9c4ba29924a8d14d31aa348772e1944c31cacebce98,Thiago Campos,Perguntando,2026-03-12 10:50:20,2026-03-12 10:50:52,32.0,2026-03-12,simulated
Escola Estadual Criança Esperança,Matemática,Professora_Ana,1dd437c73ff9fac4d9f9c9c4ba29924a8d14d31aa348772e1944c31cacebce98,Thiago Campos,Atento,2026-03-12 10:50:58,2026-03-12 10:57:28,390.0,2026-03-12,simulated
Escola Estadual Criança Esperança,Matemática,Professora_Ana,1dd437c73ff9fac4d9f9c9c4ba29924a8d14d31aa348772e1944c31cacebce98,Thiago Campos,Perguntando,2026-03-12 10:57:33,2026-03-12 10:58:07,34.0,2026-03-12,simulated
Escola Estadual Criança Esperança,Matemática,Professora_Ana,1dd437c73ff9fac4d9f9c9c4ba29924a8d14d31aa348772e1944c31cacebce98,Thiago Campos,Atento,2026-03-12 10:58:08,2026-03-12 11:03:45,337.0,2026-03-12,simulated
Escola Estadual Criança Esperança,Matemática,Professora_Ana,1dd437c73ff9fac4d9f9c9c4ba29924a8d14d31aa348772e1944c31cacebce98,Thiago Campos,Agitado,2026-03-12 11:03:46,2026-03-12 11:04:27,41.0,2026-03-12,simulated
Escola Estadual Criança Esperança,Matemática,Professora_Ana,1dd437c73ff9fac4d9f9c9c4ba29924a8d14d31aa348772e1944c31cacebce98,Thiago Campos,Perguntando,2026-03-12 11:04:27,2026-03-12 11:04:45,18.0,2026-03-12,simulated
Escola Estadual Criança Esperança,Matemática,Professora_Ana,1dd437c73ff9fac4d9f9c9c4ba29924a8d14d31aa348772e1944c31cacebce98,Thiago Campos,Agitado,2026-03-12 11:04:51,2026-03-12 11:05:22,31.0,2026-03-12,simulated
Escola Estadual Criança Esperança,Matemática,Professora_Ana,1dd437c73ff9fac4d9f9c9c4ba29924a8d14d31aa348772e1944c31cacebce98,Thiago Campos,Atento,2026-03-12 11:05:26,2026-03-12 11:12:03,397.0,2026-03-12,simulated
Escola Estadual Criança Esperança,Matemática,Professora_Ana,1dd437c73ff9fac4d9f9c9c4ba29924a8d14d31aa348772e1944c31cacebce98,Thiago Campos,Perguntando,2026-03-12 11:12:10,2026-03-12 11:12:35,25.0,2026-03-12,simulated
Escola Estadual Criança Esperança,Matemática,Professora_Ana,1dd437c73ff9fac4d9f9c9c4ba29924a8d14d31aa348772e1944c31cacebce98,Thiago Campos,Atento,2026-03-12 11:12:43,2026-03-12 11:18:03,320.0,2026-03-12,simulated
Escola Estadual Criança Esperança,Matemática,Professora_Ana,1dd437c73ff9fac4d9f9c9c4ba29924a8d14d31aa348772e1944c31cacebce98,Thiago Campos,Perguntando,2026-03-12 11:18:08,2026-03-12 11:18:34,26.0,2026-03-12,simulated
Escola Estadual Criança Esperança,Matemática,Professora_Ana,1dd437c73ff9fac4d9f9c9c4ba29924a8d14d31aa348772e1944c31cacebce98,Thiago Campos,Atento,2026-03-12 11:18:41,2026-03-12 11:27:24,523.0,2026-03-12,simulated
Escola Estadual Criança Esperança,Matemática,Professora_Ana,1dd437c73ff9fac4d9f9c9c4ba29924a8d14d31aa348772e1944c31cacebce98,Thiago Campos,Agitado,2026-03-12 11:27:32,2026-03-12 11:28:36,64.0,2026-03-12,simulated
Escola Estadual Criança Esperança,Matemática,Professora_Ana,1dd437c73ff9fac4d9f9c9c4ba29924a8d14d31aa348772e1944c31cacebce98,Thiago Campos,Dormindo,2026-03-12 11:28:38,2026-03-12 11:30:24,106.0,2026-03-12,simulated
Escola Estadual Criança Esperança,Matemática,Professora_Ana,1dd437c73ff9fac4d9f9c9c4ba29924a8d14d31aa348772e1944c31cacebce98,Thiago Campos,Atento,2026-03-12 11:30:25,2026-03-12 11:35:50,325.0,2026-03-12,simulated
Escola Estadual Criança Esperança,Matemática,Professora_Ana,1dd437c73ff9fac4d9f9c9c4ba29924a8d14d31aa348772e1944c31cacebce98,Thiago Campos,Perguntando,2026-03-12 11:35:57,2026-03-12 11:36:13,16.0,2026-03-12,simulated
Escola Estadual Criança Esperança,Matemática,Professora_Ana,1dd437c73ff9fac4d9f9c9c4ba29924a8d14d31aa348772e1944c31cacebce98,Thiago Campos,Atento,2026-03-12 11:36:21,2026-03-12 11:46:24,603.0,2026-03-12,simulated
Escola Estadual Criança Esperança,Matemática,Professora_Ana,1dd437c73ff9fac4d9f9c9c4ba29924a8d14d31aa348772e1944c31cacebce98,Thiago Campos,Agitado,2026-03-12 11:46:31,2026-03-12 11:47:26,55.0,2026-03-12,simulated
Escola Estadual Criança Esperança,Matemática,Professora_Ana,1dd437c73ff9fac4d9f9c9c4ba29924a8d14d31aa348772e1944c31cacebce98,Thiago Campos,Distraido,2026-03-12 11:47:26,2026-03-12 11:49:57,151.0,2026-03-12,simulated
Escola Estadual Criança Esperança,Matemática,Professora_Ana,a281db1412a68e509731fb8e1e72fe47c8ea3e7c367d7d10cbb968feff7ac523,Paula Kamily,Atento,2026-03-12 08:12:00,2026-03-12 08:23:31,691.0,2026-03-12,simulated
Escola Estadual Criança Esperança,Matemática,Professora_Ana,a281db1412a68e509731fb8e1e72fe47c8ea3e7c367d7d10cbb968feff7ac523,Paula Kamily,Distraido,2026-03-12 08:23:39,2026-03-12 08:24:47,68.0,2026-03-12,simulated
Escola Estadual Criança Esperança,Matemática,Professora_Ana,a281db1412a68e509731fb8e1e72fe47c8ea3e7c367d7d10cbb968feff7ac523,Paula Kamily,Atento,2026-03-12 08:24:52,2026-03-12 08:33:01,489.0,2026-03-12,simulated
Escola Estadual Criança Esperança,Matemática,Professora_Ana,a281db1412a68e509731fb8e1e72fe47c8ea3e7c367d7d10cbb968feff7ac523,Paula Kamily,Agitado,2026-03-12 08:33:06,2026-03-12 08:33:45,39.0,2026-03-12,simulated
Escola Estadual Criança Esperança,Matemática,Professora_Ana,a281db1412a68e509731fb8e1e72fe47c8ea3e7c367d7d10cbb968feff7ac523,Paula Kamily,Dormindo,2026-03-12 08:33:47,2026-03-12 08:36:59,192.0,2026-03-12,simulated
Escola Estadual Criança Esperança,Matemática,Professora_Ana,a281db1412a68e509731fb8e1e72fe47c8ea3e7c367d7d10cbb968feff7ac523,Paula Kamily,Distraido,2026-03-12 08:37:05,2026-03-12 08:39:02,117.0,2026-03-12,simulated
Escola Estadual Criança Esperança,Matemática,Professora_Ana,a281db1412a68e509731fb8e1e72fe47c8ea3e7c367d7d10cbb968feff7ac523,Paula Kamily,Agitado,2026-03-12 08:39:07,2026-03-12 08:40:11,64.0,2026-03-12,simulated
Escola Estadual Criança Esperança,Matemática,Professora_Ana,a281db1412a68e509731fb8e1e72fe47c8ea3e7c367d7d10cbb968feff7ac523,Paula Kamily,Atento,2026-03-12 08:40:19,2026-03-12 08:51:29,670.0,2026-03-12,simulated
Escola Estadual Criança Esperança,Matemática,Professora_Ana,a281db1412a68e509731fb8e1e72fe47c8ea3e7c367d7d10cbb968feff7ac523,Paula Kamily,Distraido,2026-03-12 08:51:30,2026-03-12 08:52:28,58.0,2026-03-12,simulated
Escola Estadual Criança Esperança,Matemática,Professora_Ana,a281db1412a68e509731fb8e1e72fe47c8ea3e7c367d7d10cbb968feff7ac523,Paula Kamily,Dormindo,2026-03-12 08:52:34,2026-03-12 08:56:51,257.0,2026-03-12,simulated
Escola Estadual Criança Esperança,Matemática,Professora_Ana,a281db1412a68e509731fb8e1e72fe47c8ea3e7c367d7d10cbb968feff7ac523,Paula Kamily,Atento,2026-03-12 08:56:55,2026-03-12 09:04:09,434.0,2026-03-12,simulated
Escola Estadual Criança Esperança,Matemática,Professora_Ana,a281db1412a68e509731fb8e1e72fe47c8ea3e7c367d7d10cbb968feff7ac523,Paula Kamily,Distraido,2026-03-12 09:04:16,2026-03-12 09:05:26,70.0,2026-03-12,simulated
Escola Estadual Criança Esperança,Matemática,Professora_Ana,a281db1412a68e509731fb8e1e72fe47c8ea3e7c367d7d10cbb968feff7ac523,Paula Kamily,Atento,2026-03-12 09:05:31,2026-03-12 09:17:09,698.0,2026-03-12,simulated
Escola Estadual Criança Esperança,Matemática,Professora_Ana,a281db1412a68e509731fb8e1e72fe47c8ea3e7c367d7d10cbb968feff7ac523,Paula Kamily,Perguntando,2026-03-12 09:17:16,2026-03-12 09:17:41,25.0,2026-03-12,simulated
Escola Estadual Criança Esperança,Matemática,Professora_Ana,a281db1412a68e509731fb8e1e72fe47c8ea3e7c367d7d10cbb968feff7ac523,Paula Kamily,Agitado,2026-03-12 09:17:43,2026-03-12 09:18:17,34.0,2026-03-12,simulated
Escola Estadual Criança Esperança,Matemática,Professora_Ana,a281db1412a68e509731fb8e1e72fe47c8ea3e7c367d7d10cbb968feff7ac523,Paula Kamily,Perguntando,2026-03-12 09:18:18,2026-03-12 09:18:55,37.0,2026-03-12,simulated
Escola Estadual Criança Esperança,Matemática,Professora_Ana,a281db1412a68e509731fb8e1e72fe47c8ea3e7c367d7d10cbb968feff7ac523,Paula Kamily,Distraido,2026-03-12 09:18:55,2026-03-12 09:20:19,84.0,2026-03-12,simulated
Escola Estadual Criança Esperança,Matemática,Professora_Ana,a281db1412a68e509731fb8e1e72fe47c8ea3e7c367d7d10cbb968feff7ac523,Paula Kamily,Perguntando,2026-03-12 09:20:27,2026-03-12 09:21:07,40.0,2026-03-12,simulated
Escola Estadual Criança Esperança,Matemática,Professora_Ana,a281db1412a68e509731fb8e1e72fe47c8ea3e7c367d7d10cbb968feff7ac523,Paula Kamily,Distraido,2026-03-12 09:21:08,2026-03-12 09:23:36,148.0,2026-03-12,simulated
Escola Estadual Criança Esperança,Matemática,Professora_Ana,a281db1412a68e509731fb8e1e72fe47c8ea3e7c367d7d10cbb968feff7ac523,Paula Kamily,Atento,2026-03-12 09:23:36,2026-03-12 09:29:42,366.0,2026-03-12,simulated
Escola Estadual Criança Esperança,Matemática,Professora_Ana,a281db1412a68e509731fb8e1e72fe47c8ea3e7c367d7d10cbb968feff7ac523,Paula Kamily,Dormindo,2026-03-12 09:29:45,2026-03-12 09:31:43,118.0,2026-03-12,simulated
Escola Estadual Criança Esperança,Matemática,Professora_Ana,a281db1412a68e509731fb8e1e72fe47c8ea3e7c367d7d10cbb968feff7ac523,Paula Kamily,Atento,2026-03-12 09:31:50,2026-03-12 09:37:09,319.0,2026-03-12,simulated
Escola Estadual Criança Esperança,Matemática,Professora_Ana,a281db1412a68e509731fb8e1e72fe47c8ea3e7c367d7d10cbb968feff7ac523,Paula Kamily,Distraido,2026-03-12 09:37:13,2026-03-12 09:38:48,95.0,2026-03-12,simulated
Escola Estadual Criança Esperança,Matemática,Professora_Ana,a281db1412a68e509731fb8e1e72fe47c8ea3e7c367d7d10cbb968feff7ac523,Paula Kamily,Atento,2026-03-12 09:38:54,2026-03-12 09:50:45,711.0,2026-03-12,simulated
Escola Estadual Criança Esperança,Matemática,Professora_Ana,a281db1412a68e509731fb8e1e72fe47c8ea3e7c367d7d10cbb968feff7ac523,Paula Kamily,Distraido,2026-03-12 09:50:53,2026-03-12 09:51:47,54.0,2026-03-12,simulated
Escola Estadual Criança Esperança,Matemática,Professora_Ana,a281db1412a68e509731fb8e1e72fe47c8ea3e7c367d7d10cbb968feff7ac523,Paula Kamily,Dormindo,2026-03-12 09:51:55,2026-03-12 09:53:50,115.0,2026-03-12,simulated
Escola Estadual Criança Esperança,Matemática,Professora_Ana,a281db1412a68e509731fb8e1e72fe47c8ea3e7c367d7d10cbb968feff7ac523,Paula Kamily,Atento,2026-03-12 09:53:54,2026-03-12 10:05:18,684.0,2026-03-12,simulated
Escola Estadual Criança Esperança,Matemática,Professora_Ana,a281db1412a68e509731fb8e1e72fe47c8ea3e7c367d7d10cbb968feff7ac523,Paula Kamily,Agitado,2026-03-12 10:05:21,2026-03-12 10:06:27,66.0,2026-03-12,simulated
Escola Estadual Criança Esperança,Matemática,Professora_Ana,a281db1412a68e509731fb8e1e72fe47c8ea3e7c367d7d10cbb968feff7ac523,Paula Kamily,Distraido,2026-03-12 10:06:31,2026-03-12 10:07:30,59.0,2026-03-12,simulated
Escola Estadual Criança Esperança,Matemática,Professora_Ana,a281db1412a68e509731fb8e1e72fe47c8ea3e7c367d7d10cbb968feff7ac523,Paula Kamily,Perguntando,2026-03-12 10:07:32,2026-03-12 10:07:56,24.0,2026-03-12,simulated
Escola Estadual Criança Esperança,Matemática,Professora_Ana,a281db1412a68e509731fb8e1e72fe47c8ea3e7c367d7d10cbb968feff7ac523,Paula Kamily,Atento,2026-03-12 10:08:02,2026-03-12 10:16:14,492.0,2026-03-12,simulated
Escola Estadual Criança Esperança,Matemática,Professora_Ana,a281db1412a68e509731fb8e1e72fe47c8ea3e7c367d7d10cbb968feff7ac523,Paula Kamily,Agitado,2026-03-12 10:16:17,2026-03-12 10:17:07,50.0,2026-03-12,simulated
Escola Estadual Criança Esperança,Matemática,Professora_Ana,a281db1412a68e509731fb8e1e72fe47c8ea3e7c367d7d10cbb968feff7ac523,Paula Kamily,Distraido,2026-03-12 10:17:08,2026-03-12 10:19:10,122.0,2026-03-12,simulated
Escola Estadual Criança Esperança,Matemática,Professora_Ana,a281db1412a68e509731fb8e1e72fe47c8ea3e7c367d7d10cbb968feff7ac523,Paula Kamily,Atento,2026-03-12 10:19:17,2026-03-12 10:26:41,444.0,2026-03-12,simulated
Escola Estadual Criança Esperança,Matemática,Professora_Ana,a281db1412a68e509731fb8e1e72fe47c8ea3e7c367d7d10cbb968feff7ac523,Paula Kamily,Dormindo,2026-03-12 10:26:44,2026-03-12 10:29:39,175.0,2026-03-12,simulated
Escola Estadual Criança Esperança,Matemática,Professora_Ana,a281db1412a68e509731fb8e1e72fe47c8ea3e7c367d7d10cbb968feff7ac523,Paula Kamily,Perguntando,2026-03-12 10:29:45,2026-03-12 10:30:18,33.0,2026-03-12,simulated
Escola Estadual Criança Esperança,Matemática,Professora_Ana,a281db1412a68e509731fb8e1e72fe47c8ea3e7c367d7d10cbb968feff7ac523,Paula Kamily,Agitado,2026-03-12 10:30:23,2026-03-12 10:31:45,82.0,2026-03-12,simulated
Escola Estadual Criança Esperança,Matemática,Professora_Ana,a281db1412a68e509731fb8e1e72fe47c8ea3e7c367d7d10cbb968feff7ac523,Paula Kamily,Atento,2026-03-12 10:31:53,2026-03-12 10:43:14,681.0,2026-03-12,simulated
Escola Estadual Criança Esperança,Matemática,Professora_Ana,a281db1412a68e509731fb8e1e72fe47c8ea3e7c367d7d10cbb968feff7ac523,Paula Kamily,Distraido,2026-03-12 10:43:20,2026-03-12 10:44:34,74.0,2026-03-12,simulated
Escola Estadual Criança Esperança,Matemática,Professora_Ana,a281db1412a68e509731fb8e1e72fe47c8ea3e7c367d7d10cbb968feff7ac523,Paula Kamily,Agitado,2026-03-12 10:44:41,2026-03-12 10:45:13,32.0,2026-03-12,simulated
Escola Estadual Criança Esperança,Matemática,Professora_Ana,a281db1412a68e509731fb8e1e72fe47c8ea3e7c367d7d10cbb968feff7ac523,Paula Kamily,Distraido,2026-03-12 10:45:20,2026-03-12 10:47:04,104.0,2026-03-12,simulated
Escola Estadual Criança Esperança,Matemática,Professora_Ana,a281db1412a68e509731fb8e1e72fe47c8ea3e7c367d7d10cbb968feff7ac523,Paula Kamily,Perguntando,2026-03-12 10:47:08,2026-03-12 10:47:24,16.0,2026-03-12,simulated
Escola Estadual Criança Esperança,Matemática,Professora_Ana,a281db1412a68e509731fb8e1e72fe47c8ea3e7c367d7d10cbb968feff7ac523,Paula Kamily,Atento,2026-03-12 10:47:26,2026-03-12 10:55:41,495.0,2026-03-12,simulated
Escola Estadual Criança Esperança,Matemática,Professora_Ana,a281db1412a68e509731fb8e1e72fe47c8ea3e7c367d7d10cbb968feff7ac523,Paula Kamily,Perguntando,2026-03-12 10:55:46,2026-03-12 10:56:05,19.0,2026-03-12,simulated
Escola Estadual Criança Esperança,Matemática,Professora_Ana,a281db1412a68e509731fb8e1e72fe47c8ea3e7c367d7d10cbb968feff7ac523,Paula Kamily,Dormindo,2026-03-12 10:56:11,2026-03-12 10:58:12,121.0,2026-03-12,simulated
Escola Estadual Criança Esperança,Matemática,Professora_Ana,a281db1412a68e509731fb8e1e72fe47c8ea3e7c367d7d10cbb968feff7ac523,Paula Kamily,Atento,2026-03-12 10:58:13,2026-03-12 11:09:05,652.0,2026-03-12,simulated
Escola Estadual Criança Esperança,Matemática,Professora_Ana,a281db1412a68e509731fb8e1e72fe47c8ea3e7c367d7d10cbb968feff7ac523,Paula Kamily,Distraido,2026-03-12 11:09:07,2026-03-12 11:11:59,172.0,2026-03-12,simulated
Escola Estadual Criança Esperança,Matemática,Professora_Ana,a281db1412a68e509731fb8e1e72fe47c8ea3e7c367d7d10cbb968feff7ac523,Paula Kamily,Atento,2026-03-12 11:12:03,2026-03-12 11:20:38,515.0,2026-03-12,simulated
Escola Estadual Criança Esperança,Matemática,Professora_Ana,a281db1412a68e509731fb8e1e72fe47c8ea3e7c367d7d10cbb968feff7ac523,Paula Kamily,Dormindo,2026-03-12 11:20:46,2026-03-12 11:23:03,137.0,2026-03-12,simulated
Escola Estadual Criança Esperança,Matemática,Professora_Ana,a281db1412a68e509731fb8e1e72fe47c8ea3e7c367d7d10cbb968feff7ac523,Paula Kamily,Distraido,2026-03-12 11:23:06,2026-03-12 11:25:23,137.0,2026-03-12,simulated
Escola Estadual Criança Esperança,Matemática,Professora_Ana,a281db1412a68e509731fb8e1e72fe47c8ea3e7c367d7d10cbb968feff7ac523,Paula Kamily,Atento,2026-03-12 11:25:24,2026-03-12 11:33:28,484.0,2026-03-12,simulated
Escola Estadual Criança Esperança,Matemática,Professora_Ana,a281db1412a68e509731fb8e1e72fe47c8ea3e7c367d7d10cbb968feff7ac523,Paula Kamily,Distraido,2026-03-12 11:33:32,2026-03-12 11:35:40,128.0,2026-03-12,simulated
Escola Estadual Criança Esperança,Matemática,Professora_Ana,a281db1412a68e509731fb8e1e72fe47c8ea3e7c367d7d10cbb968feff7ac523,Paula Kamily,Perguntando,2026-03-12 11:35:40,2026-03-12 11:35:53,13.0,2026-03-12,simulated
Escola Estadual Criança Esperança,Matemática,Professora_Ana,a281db1412a68e509731fb8e1e72fe47c8ea3e7c367d7d10cbb968feff7ac523,Paula Kamily,Agitado,2026-03-12 11:35:54,2026-03-12 11:36:43,49.0,2026-03-12,simulated
Escola Estadual Criança Esperança,Matemática,Professora_Ana,a281db1412a68e509731fb8e1e72fe47c8ea3e7c367d7d10cbb968feff7ac523,Paula Kamily,Distraido,2026-03-12 11:36:45,2026-03-12 11:37:39,54.0,2026-03-12,simulated
Escola Estadual Criança Esperança,Matemática,Professora_Ana,a281db1412a68e509731fb8e1e72fe47c8ea3e7c367d7d10cbb968feff7ac523,Paula Kamily,Atento,2026-03-12 11:37:46,2026-03-12 11:43:35,349.0,2026-03-12,simulated
Escola Estadual Criança Esperança,Matemática,Professora_Ana,a281db1412a68e509731fb8e1e72fe47c8ea3e7c367d7d10cbb968feff7ac523,Paula Kamily,Distraido,2026-03-12 11:43:36,2026-03-12 11:45:07,91.0,2026-03-12,simulated
Escola Estadual Criança Esperança,Matemática,Professora_Ana,a281db1412a68e509731fb8e1e72fe47c8ea3e7c367d7d10cbb968feff7ac523,Paula Kamily,Atento,2026-03-12 11:45:13,2026-03-12 11:52:00,407.0,2026-03-12,simulated
Escola Estadual Criança Esperança,Matemática,Professora_Ana,536dcd4eafc272cd6777ad15a7b067f4240b6b682361c6460b64398069ec87ac,Maria Eduarda,Atento,2026-03-12 08:14:00,2026-03-12 08:24:53,653.0,2026-03-12,simulated
Escola Estadual Criança Esperança,Matemática,Professora_Ana,536dcd4eafc272cd6777ad15a7b067f4240b6b682361c6460b64398069ec87ac,Maria Eduarda,Dormindo,2026-03-12 08:24:57,2026-03-12 08:27:25,148.0,2026-03-12,simulated
Escola Estadual Criança Esperança,Matemática,Professora_Ana,536dcd4eafc272cd6777ad15a7b067f4240b6b682361c6460b64398069ec87ac,Maria Eduarda,Agitado,2026-03-12 08:27:26,2026-03-12 08:28:49,83.0,2026-03-12,simulated
Escola Estadual Criança Esperança,Matemática,Professora_Ana,536dcd4eafc272cd6777ad15a7b067f4240b6b682361c6460b64398069ec87ac,Maria Eduarda,Distraido,2026-03-12 08:28:49,2026-03-12 08:31:47,178.0,2026-03-12,simulated
Escola Estadual Criança Esperança,Matemática,Professora_Ana,536dcd4eafc272cd6777ad15a7b067f4240b6b682361c6460b64398069ec87ac,Maria Eduarda,Agitado,2026-03-12 08:31:53,2026-03-12 08:33:06,73.0,2026-03-12,simulated
Escola Estadual Criança Esperança,Matemática,Professora_Ana,536dcd4eafc272cd6777ad15a7b067f4240b6b682361c6460b64398069ec87ac,Maria Eduarda,Distraido,2026-03-12 08:33:09,2026-03-12 08:34:42,93.0,2026-03-12,simulated
Escola Estadual Criança Esperança,Matemática,Professora_Ana,536dcd4eafc272cd6777ad15a7b067f4240b6b682361c6460b64398069ec87ac,Maria Eduarda,Dormindo,2026-03-12 08:34:50,2026-03-12 08:38:51,241.0,2026-03-12,simulated
Escola Estadual Criança Esperança,Matemática,Professora_Ana,536dcd4eafc272cd6777ad15a7b067f4240b6b682361c6460b64398069ec87ac,Maria Eduarda,Agitado,2026-03-12 08:38:56,2026-03-12 08:39:59,63.0,2026-03-12,simulated
Escola Estadual Criança Esperança,Matemática,Professora_Ana,536dcd4eafc272cd6777ad15a7b067f4240b6b682361c6460b64398069ec87ac,Maria Eduarda,Atento,2026-03-12 08:40:03,2026-03-12 08:48:01,478.0,2026-03-12,simulated
Escola Estadual Criança Esperança,Matemática,Professora_Ana,536dcd4eafc272cd6777ad15a7b067f4240b6b682361c6460b64398069ec87ac,Maria Eduarda,Distraido,2026-03-12 08:48:03,2026-03-12 08:49:25,82.0,2026-03-12,simulated
Escola Estadual Criança Esperança,Matemática,Professora_Ana,536dcd4eafc272cd6777ad15a7b067f4240b6b682361c6460b64398069ec87ac,Maria Eduarda,Atento,2026-03-12 08:49:26,2026-03-12 08:56:40,434.0,2026-03-12,simulated
Escola Estadual Criança Esperança,Matemática,Professora_Ana,536dcd4eafc272cd6777ad15a7b067f4240b6b682361c6460b64398069ec87ac,Maria Eduarda,Dormindo,2026-03-12 08:56:44,2026-03-12 08:59:06,142.0,2026-03-12,simulated
Escola Estadual Criança Esperança,Matemática,Professora_Ana,536dcd4eafc272cd6777ad15a7b067f4240b6b682361c6460b64398069ec87ac,Maria Eduarda,Distraido,2026-03-12 08:59:06,2026-03-12 09:02:02,176.0,2026-03-12,simulated
Escola Estadual Criança Esperança,Matemática,Professora_Ana,536dcd4eafc272cd6777ad15a7b067f4240b6b682361c6460b64398069ec87ac,Maria Eduarda,Atento,2026-03-12 09:02:05,2026-03-12 09:12:57,652.0,2026-03-12,simulated
Escola Estadual Criança Esperança,Matemática,Professora_Ana,536dcd4eafc272cd6777ad15a7b067f4240b6b682361c6460b64398069ec87ac,Maria Eduarda,Dormindo,2026-03-12 09:13:00,2026-03-12 09:15:38,158.0,2026-03-12,simulated
Escola Estadual Criança Esperança,Matemática,Professora_Ana,536dcd4eafc272cd6777ad15a7b067f4240b6b682361c6460b64398069ec87ac,Maria Eduarda,Atento,2026-03-12 09:15:38,2026-03-12 09:22:24,406.0,2026-03-12,simulated
Escola Estadual Criança Esperança,Matemática,Professora_Ana,536dcd4eafc272cd6777ad15a7b067f4240b6b682361c6460b64398069ec87ac,Maria Eduarda,Distraido,2026-03-12 09:22:30,2026-03-12 09:25:06,156.0,2026-03-12,simulated
Escola Estadual Criança Esperança,Matemática,Professora_Ana,536dcd4eafc272cd6777ad15a7b067f4240b6b682361c6460b64398069ec87ac,Maria Eduarda,Perguntando,2026-03-12 09:25:08,2026-03-12 09:25:33,25.0,2026-03-12,simulated
Escola Estadual Criança Esperança,Matemática,Professora_Ana,536dcd4eafc272cd6777ad15a7b067f4240b6b682361c6460b64398069ec87ac,Maria Eduarda,Distraido,2026-03-12 09:25:40,2026-03-12 09:28:10,150.0,2026-03-12,simulated
Escola Estadual Criança Esperança,Matemática,Professora_Ana,536dcd4eafc272cd6777ad15a7b067f4240b6b682361c6460b64398069ec87ac,Maria Eduarda,Agitado,2026-03-12 09:28:17,2026-03-12 09:28:39,22.0,2026-03-12,simulated
Escola Estadual Criança Esperança,Matemática,Professora_Ana,536dcd4eafc272cd6777ad15a7b067f4240b6b682361c6460b64398069ec87ac,Maria Eduarda,Dormindo,2026-03-12 09:28:43,2026-03-12 09:32:56,253.0,2026-03-12,simulated
Escola Estadual Criança Esperança,Matemática,Professora_Ana,536dcd4eafc272cd6777ad15a7b067f4240b6b682361c6460b64398069ec87ac,Maria Eduarda,Distraido,2026-03-12 09:33:02,2026-03-12 09:34:41,99.0,2026-03-12,simulated
Escola Estadual Criança Esperança,Matemática,Professora_Ana,536dcd4eafc272cd6777ad15a7b067f4240b6b682361c6460b64398069ec87ac,Maria Eduarda,Atento,2026-03-12 09:34:43,2026-03-12 09:45:02,619.0,2026-03-12,simulated
Escola Estadual Criança Esperança,Matemática,Professora_Ana,536dcd4eafc272cd6777ad15a7b067f4240b6b682361c6460b64398069ec87ac,Maria Eduarda,Dormindo,2026-03-12 09:45:04,2026-03-12 09:46:20,76.0,2026-03-12,simulated
Escola Estadual Criança Esperança,Matemática,Professora_Ana,536dcd4eafc272cd6777ad15a7b067f4240b6b682361c6460b64398069ec87ac,Maria Eduarda,Atento,2026-03-12 09:46:21,2026-03-12 09:56:52,631.0,2026-03-12,simulated
Escola Estadual Criança Esperança,Matemática,Professora_Ana,536dcd4eafc272cd6777ad15a7b067f4240b6b682361c6460b64398069ec87ac,Maria Eduarda,Distraido,2026-03-12 09:56:56,2026-03-12 09:59:24,148.0,2026-03-12,simulated
Escola Estadual Criança Esperança,Matemática,Professora_Ana,536dcd4eafc272cd6777ad15a7b067f4240b6b682361c6460b64398069ec87ac,Maria Eduarda,Dormindo,2026-03-12 09:59:26,2026-03-12 10:03:30,244.0,2026-03-12,simulated
Escola Estadual Criança Esperança,Matemática,Professora_Ana,536dcd4eafc272cd6777ad15a7b067f4240b6b682361c6460b64398069ec87ac,Maria Eduarda,Atento,2026-03-12 10:03:38,2026-03-12 10:09:45,367.0,2026-03-12,simulated
Escola Estadual Criança Esperança,Matemática,Professora_Ana,536dcd4eafc272cd6777ad15a7b067f4240b6b682361c6460b64398069ec87ac,Maria Eduarda,Distraido,2026-03-12 10:09:52,2026-03-12 10:11:38,106.0,2026-03-12,simulated
Escola Estadual Criança Esperança,Matemática,Professora_Ana,536dcd4eafc272cd6777ad15a7b067f4240b6b682361c6460b64398069ec87ac,Maria Eduarda,Atento,2026-03-12 10:11:44,2026-03-12 10:23:18,694.0,2026-03-12,simulated
Escola Estadual Criança Esperança,Matemática,Professora_Ana,536dcd4eafc272cd6777ad15a7b067f4240b6b682361c6460b64398069ec87ac,Maria Eduarda,Perguntando,2026-03-12 10:23:23,2026-03-12 10:23:42,19.0,2026-03-12,simulated
Escola Estadual Criança Esperança,Matemática,Professora_Ana,536dcd4eafc272cd6777ad15a7b067f4240b6b682361c6460b64398069ec87ac,Maria Eduarda,Distraido,2026-03-12 10:23:44,2026-03-12 10:26:17,153.0,2026-03-12,simulated
Escola Estadual Criança Esperança,Matemática,Professora_Ana,536dcd4eafc272cd6777ad15a7b067f4240b6b682361c6460b64398069ec87ac,Maria Eduarda,Perguntando,2026-03-12 10:26:23,2026-03-12 10:26:34,11.0,2026-03-12,simulated
Escola Estadual Criança Esperança,Matemática,Professora_Ana,536dcd4eafc272cd6777ad15a7b067f4240b6b682361c6460b64398069ec87ac,Maria Eduarda,Dormindo,2026-03-12 10:26:37,2026-03-12 10:31:03,266.0,2026-03-12,simulated
Escola Estadual Criança Esperança,Matemática,Professora_Ana,536dcd4eafc272cd6777ad15a7b067f4240b6b682361c6460b64398069ec87ac,Maria Eduarda,Atento,2026-03-12 10:31:10,2026-03-12 10:39:01,471.0,2026-03-12,simulated
Escola Estadual Criança Esperança,Matemática,Professora_Ana,536dcd4eafc272cd6777ad15a7b067f4240b6b682361c6460b64398069ec87ac,Maria Eduarda,Dormindo,2026-03-12 10:39:09,2026-03-12 10:42:35,206.0,2026-03-12,simulated
Escola Estadual Criança Esperança,Matemática,Professora_Ana,536dcd4eafc272cd6777ad15a7b067f4240b6b682361c6460b64398069ec87ac,Maria Eduarda,Agitado,2026-03-12 10:42:40,2026-03-12 10:43:19,39.0,2026-03-12,simulated
Escola Estadual Criança Esperança,Matemática,Professora_Ana,536dcd4eafc272cd6777ad15a7b067f4240b6b682361c6460b64398069ec87ac,Maria Eduarda,Perguntando,2026-03-12 10:43:24,2026-03-12 10:43:41,17.0,2026-03-12,simulated
Escola Estadual Criança Esperança,Matemática,Professora_Ana,536dcd4eafc272cd6777ad15a7b067f4240b6b682361c6460b64398069ec87ac,Maria Eduarda,Distraido,2026-03-12 10:43:49,2026-03-12 10:46:37,168.0,2026-03-12,simulated
Escola Estadual Criança Esperança,Matemática,Professora_Ana,536dcd4eafc272cd6777ad15a7b067f4240b6b682361c6460b64398069ec87ac,Maria Eduarda,Atento,2026-03-12 10:46:37,2026-03-12 10:51:54,317.0,2026-03-12,simulated
Escola Estadual Criança Esperança,Matemática,Professora_Ana,536dcd4eafc272cd6777ad15a7b067f4240b6b682361c6460b64398069ec87ac,Maria Eduarda,Distraido,2026-03-12 10:51:59,2026-03-12 10:54:49,170.0,2026-03-12,simulated
Escola Estadual Criança Esperança,Matemática,Professora_Ana,536dcd4eafc272cd6777ad15a7b067f4240b6b682361c6460b64398069ec87ac,Maria Eduarda,Perguntando,2026-03-12 10:54:52,2026-03-12 10:55:32,40.0,2026-03-12,simulated
Escola Estadual Criança Esperança,Matemática,Professora_Ana,536dcd4eafc272cd6777ad15a7b067f4240b6b682361c6460b64398069ec87ac,Maria Eduarda,Dormindo,2026-03-12 10:55:37,2026-03-12 11:00:17,280.0,2026-03-12,simulated
Escola Estadual Criança Esperança,Matemática,Professora_Ana,536dcd4eafc272cd6777ad15a7b067f4240b6b682361c6460b64398069ec87ac,Maria Eduarda,Distraido,2026-03-12 11:00:20,2026-03-12 11:01:57,97.0,2026-03-12,simulated
Escola Estadual Criança Esperança,Matemática,Professora_Ana,536dcd4eafc272cd6777ad15a7b067f4240b6b682361c6460b64398069ec87ac,Maria Eduarda,Atento,2026-03-12 11:02:04,2026-03-12 11:12:34,630.0,2026-03-12,simulated
Escola Estadual Criança Esperança,Matemática,Professora_Ana,536dcd4eafc272cd6777ad15a7b067f4240b6b682361c6460b64398069ec87ac,Maria Eduarda,Agitado,2026-03-12 11:12:38,2026-03-12 11:13:16,38.0,2026-03-12,simulated
Escola Estadual Criança Esperança,Matemática,Professora_Ana,536dcd4eafc272cd6777ad15a7b067f4240b6b682361c6460b64398069ec87ac,Maria Eduarda,Distraido,2026-03-12 11:13:22,2026-03-12 11:14:43,81.0,2026-03-12,simulated
Escola Estadual Criança Esperança,Matemática,Professora_Ana,536dcd4eafc272cd6777ad15a7b067f4240b6b682361c6460b64398069ec87ac,Maria Eduarda,Atento,2026-03-12 11:14:49,2026-03-12 11:26:49,720.0,2026-03-12,simulated
Escola Estadual Criança Esperança,Matemática,Professora_Ana,536dcd4eafc272cd6777ad15a7b067f4240b6b682361c6460b64398069ec87ac,Maria Eduarda,Perguntando,2026-03-12 11:26:53,2026-03-12 11:27:04,11.0,2026-03-12,simulated
Escola Estadual Criança Esperança,Matemática,Professora_Ana,536dcd4eafc272cd6777ad15a7b067f4240b6b682361c6460b64398069ec87ac,Maria Eduarda,Atento,2026-03-12 11:27:06,2026-03-12 11:33:13,367.0,2026-03-12,simulated
Escola Estadual Criança Esperança,Matemática,Professora_Ana,536dcd4eafc272cd6777ad15a7b067f4240b6b682361c6460b64398069ec87ac,Maria Eduarda,Distraido,2026-03-12 11:33:15,2026-03-12 11:35:59,164.0,2026-03-12,simulated
Escola Estadual Criança Esperança,Matemática,Professora_Ana,536dcd4eafc272cd6777ad15a7b067f4240b6b682361c6460b64398069ec87ac,Maria Eduarda,Atento,2026-03-12 11:36:03,2026-03-12 11:41:43,340.0,2026-03-12,simulated
Escola Estadual Criança Esperança,Matemática,Professora_Ana,536dcd4eafc272cd6777ad15a7b067f4240b6b682361c6460b64398069ec87ac,Maria Eduarda,Dormindo,2026-03-12 11:41:49,2026-03-12 11:42:54,65.0,2026-03-12,simulated
Escola Estadual Criança Esperança,Matemática,Professora_Ana,536dcd4eafc272cd6777ad15a7b067f4240b6b682361c6460b64398069ec87ac,Maria Eduarda,Distraido,2026-03-12 11:43:02,2026-03-12 11:44:59,117.0,2026-03-12,simulated
Escola Estadual Criança Esperança,Matemática,Professora_Ana,536dcd4eafc272cd6777ad15a7b067f4240b6b682361c6460b64398069ec87ac,Maria Eduarda,Atento,2026-03-12 11:45:05,2026-03-12 11:54:00,535.0,2026-03-12,simulated
Escola Estadual Criança Esperança,Matemática,Professora_Ana,f1c5e8faebc9ab791d2c562bfd9fda99c4bc10d22e6beff1b40abc554f2000ac,Alice Nascimento Silva Lobo,Atento,2026-03-12 08:16:00,2026-03-12 08:22:18,378.0,2026-03-12,simulated
Escola Estadual Criança Esperança,Matemática,Professora_Ana,f1c5e8faebc9ab791d2c562bfd9fda99c4bc10d22e6beff1b40abc554f2000ac,Alice Nascimento Silva Lobo,Perguntando,2026-03-12 08:22:19,2026-03-12 08:22:46,27.0,2026-03-12,simulated
Escola Estadual Criança Esperança,Matemática,Professora_Ana,f1c5e8faebc9ab791d2c562bfd9fda99c4bc10d22e6beff1b40abc554f2000ac,Alice Nascimento Silva Lobo,Atento,2026-03-12 08:22:47,2026-03-12 08:31:50,543.0,2026-03-12,simulated
Escola Estadual Criança Esperança,Matemática,Professora_Ana,f1c5e8faebc9ab791d2c562bfd9fda99c4bc10d22e6beff1b40abc554f2000ac,Alice Nascimento Silva Lobo,Perguntando,2026-03-12 08:31:57,2026-03-12 08:32:27,30.0,2026-03-12,simulated
Escola Estadual Criança Esperança,Matemática,Professora_Ana,f1c5e8faebc9ab791d2c562bfd9fda99c4bc10d22e6beff1b40abc554f2000ac,Alice Nascimento Silva Lobo,Agitado,2026-03-12 08:32:30,2026-03-12 08:33:50,80.0,2026-03-12,simulated
Escola Estadual Criança Esperança,Matemática,Professora_Ana,f1c5e8faebc9ab791d2c562bfd9fda99c4bc10d22e6beff1b40abc554f2000ac,Alice Nascimento Silva Lobo,Atento,2026-03-12 08:33:56,2026-03-12 08:45:28,692.0,2026-03-12,simulated
Escola Estadual Criança Esperança,Matemática,Professora_Ana,f1c5e8faebc9ab791d2c562bfd9fda99c4bc10d22e6beff1b40abc554f2000ac,Alice Nascimento Silva Lobo,Perguntando,2026-03-12 08:45:30,2026-03-12 08:45:53,23.0,2026-03-12,simulated
Escola Estadual Criança Esperança,Matemática,Professora_Ana,f1c5e8faebc9ab791d2c562bfd9fda99c4bc10d22e6beff1b40abc554f2000ac,Alice Nascimento Silva Lobo,Atento,2026-03-12 08:45:58,2026-03-12 08:56:14,616.0,2026-03-12,simulated
Escola Estadual Criança Esperança,Matemática,Professora_Ana,f1c5e8faebc9ab791d2c562bfd9fda99c4bc10d22e6beff1b40abc554f2000ac,Alice Nascimento Silva Lobo,Perguntando,2026-03-12 08:56:20,2026-03-12 08:56:42,22.0,2026-03-12,simulated
Escola Estadual Criança Esperança,Matemática,Professora_Ana,f1c5e8faebc9ab791d2c562bfd9fda99c4bc10d22e6beff1b40abc554f2000ac,Alice Nascimento Silva Lobo,Atento,2026-03-12 08:56:47,2026-03-12 09:02:25,338.0,2026-03-12,simulated
Escola Estadual Criança Esperança,Matemática,Professora_Ana,f1c5e8faebc9ab791d2c562bfd9fda99c4bc10d22e6beff1b40abc554f2000ac,Alice Nascimento Silva Lobo,Agitado,2026-03-12 09:02:25,2026-03-12 09:03:07,42.0,2026-03-12,simulated
Escola Estadual Criança Esperança,Matemática,Professora_Ana,f1c5e8faebc9ab791d2c562bfd9fda99c4bc10d22e6beff1b40abc554f2000ac,Alice Nascimento Silva Lobo,Atento,2026-03-12 09:03:10,2026-03-12 09:09:23,373.0,2026-03-12,simulated
Escola Estadual Criança Esperança,Matemática,Professora_Ana,f1c5e8faebc9ab791d2c562bfd9fda99c4bc10d22e6beff1b40abc554f2000ac,Alice Nascimento Silva Lobo,Distraido,2026-03-12 09:09:29,2026-03-12 09:10:45,76.0,2026-03-12,simulated
Escola Estadual Criança Esperança,Matemática,Professora_Ana,f1c5e8faebc9ab791d2c562bfd9fda99c4bc10d22e6beff1b40abc554f2000ac,Alice Nascimento Silva Lobo,Perguntando,2026-03-12 09:10:45,2026-03-12 09:11:09,24.0,2026-03-12,simulated
Escola Estadual Criança Esperança,Matemática,Professora_Ana,f1c5e8faebc9ab791d2c562bfd9fda99c4bc10d22e6beff1b40abc554f2000ac,Alice Nascimento Silva Lobo,Atento,2026-03-12 09:11:17,2026-03-12 09:19:18,481.0,2026-03-12,simulated
Escola Estadual Criança Esperança,Matemática,Professora_Ana,f1c5e8faebc9ab791d2c562bfd9fda99c4bc10d22e6beff1b40abc554f2000ac,Alice Nascimento Silva Lobo,Perguntando,2026-03-12 09:19:20,2026-03-12 09:19:34,14.0,2026-03-12,simulated
Escola Estadual Criança Esperança,Matemática,Professora_Ana,f1c5e8faebc9ab791d2c562bfd9fda99c4bc10d22e6beff1b40abc554f2000ac,Alice Nascimento Silva Lobo,Atento,2026-03-12 09:19:35,2026-03-12 09:29:15,580.0,2026-03-12,simulated
Escola Estadual Criança Esperança,Matemática,Professora_Ana,f1c5e8faebc9ab791d2c562bfd9fda99c4bc10d22e6beff1b40abc554f2000ac,Alice Nascimento Silva Lobo,Perguntando,2026-03-12 09:29:21,2026-03-12 09:29:43,22.0,2026-03-12,simulated
Escola Estadual Criança Esperança,Matemática,Professora_Ana,f1c5e8faebc9ab791d2c562bfd9fda99c4bc10d22e6beff1b40abc554f2000ac,Alice Nascimento Silva Lobo,Atento,2026-03-12 09:29:43,2026-03-12 09:38:39,536.0,2026-03-12,simulated
Escola Estadual Criança Esperança,Matemática,Professora_Ana,f1c5e8faebc9ab791d2c562bfd9fda99c4bc10d22e6beff1b40abc554f2000ac,Alice Nascimento Silva Lobo,Perguntando,2026-03-12 09:38:43,2026-03-12 09:38:57,14.0,2026-03-12,simulated
Escola Estadual Criança Esperança,Matemática,Professora_Ana,f1c5e8faebc9ab791d2c562bfd9fda99c4bc10d22e6beff1b40abc554f2000ac,Alice Nascimento Silva Lobo,Atento,2026-03-12 09:39:03,2026-03-12 09:47:35,512.0,2026-03-12,simulated
Escola Estadual Criança Esperança,Matemática,Professora_Ana,f1c5e8faebc9ab791d2c562bfd9fda99c4bc10d22e6beff1b40abc554f2000ac,Alice Nascimento Silva Lobo,Agitado,2026-03-12 09:47:40,2026-03-12 09:48:45,65.0,2026-03-12,simulated
Escola Estadual Criança Esperança,Matemática,Professora_Ana,f1c5e8faebc9ab791d2c562bfd9fda99c4bc10d22e6beff1b40abc554f2000ac,Alice Nascimento Silva Lobo,Atento,2026-03-12 09:48:52,2026-03-12 09:57:18,506.0,2026-03-12,simulated
Escola Estadual Criança Esperança,Matemática,Professora_Ana,f1c5e8faebc9ab791d2c562bfd9fda99c4bc10d22e6beff1b40abc554f2000ac,Alice Nascimento Silva Lobo,Distraido,2026-03-12 09:57:26,2026-03-12 09:58:47,81.0,2026-03-12,simulated
Escola Estadual Criança Esperança,Matemática,Professora_Ana,f1c5e8faebc9ab791d2c562bfd9fda99c4bc10d22e6beff1b40abc554f2000ac,Alice Nascimento Silva Lobo,Atento,2026-03-12 09:58:47,2026-03-12 10:04:32,345.0,2026-03-12,simulated
Escola Estadual Criança Esperança,Matemática,Professora_Ana,f1c5e8faebc9ab791d2c562bfd9fda99c4bc10d22e6beff1b40abc554f2000ac,Alice Nascimento Silva Lobo,Dormindo,2026-03-12 10:04:37,2026-03-12 10:06:20,103.0,2026-03-12,simulated
Escola Estadual Criança Esperança,Matemática,Professora_Ana,f1c5e8faebc9ab791d2c562bfd9fda99c4bc10d22e6beff1b40abc554f2000ac,Alice Nascimento Silva Lobo,Atento,2026-03-12 10:06:21,2026-03-12 10:13:49,448.0,2026-03-12,simulated
Escola Estadual Criança Esperança,Matemática,Professora_Ana,f1c5e8faebc9ab791d2c562bfd9fda99c4bc10d22e6beff1b40abc554f2000ac,Alice Nascimento Silva Lobo,Perguntando,2026-03-12 10:13:54,2026-03-12 10:14:26,32.0,2026-03-12,simulated
Escola Estadual Criança Esperança,Matemática,Professora_Ana,f1c5e8faebc9ab791d2c562bfd9fda99c4bc10d22e6beff1b40abc554f2000ac,Alice Nascimento Silva Lobo,Atento,2026-03-12 10:14:30,2026-03-12 10:20:22,352.0,2026-03-12,simulated
Escola Estadual Criança Esperança,Matemática,Professora_Ana,f1c5e8faebc9ab791d2c562bfd9fda99c4bc10d22e6beff1b40abc554f2000ac,Alice Nascimento Silva Lobo,Perguntando,2026-03-12 10:20:27,2026-03-12 10:20:49,22.0,2026-03-12,simulated
Escola Estadual Criança Esperança,Matemática,Professora_Ana,f1c5e8faebc9ab791d2c562bfd9fda99c4bc10d22e6beff1b40abc554f2000ac,Alice Nascimento Silva Lobo,Atento,2026-03-12 10:20:55,2026-03-12 10:32:46,711.0,2026-03-12,simulated
Escola Estadual Criança Esperança,Matemática,Professora_Ana,f1c5e8faebc9ab791d2c562bfd9fda99c4bc10d22e6beff1b40abc554f2000ac,Alice Nascimento Silva Lobo,Perguntando,2026-03-12 10:32:47,2026-03-12 10:32:59,12.0,2026-03-12,simulated
Escola Estadual Criança Esperança,Matemática,Professora_Ana,f1c5e8faebc9ab791d2c562bfd9fda99c4bc10d22e6beff1b40abc554f2000ac,Alice Nascimento Silva Lobo,Agitado,2026-03-12 10:33:03,2026-03-12 10:33:31,28.0,2026-03-12,simulated
Escola Estadual Criança Esperança,Matemática,Professora_Ana,f1c5e8faebc9ab791d2c562bfd9fda99c4bc10d22e6beff1b40abc554f2000ac,Alice Nascimento Silva Lobo,Atento,2026-03-12 10:33:39,2026-03-12 10:40:21,402.0,2026-03-12,simulated
Escola Estadual Criança Esperança,Matemática,Professora_Ana,f1c5e8faebc9ab791d2c562bfd9fda99c4bc10d22e6beff1b40abc554f2000ac,Alice Nascimento Silva Lobo,Distraido,2026-03-12 10:40:24,2026-03-12 10:41:30,66.0,2026-03-12,simulated
Escola Estadual Criança Esperança,Matemática,Professora_Ana,f1c5e8faebc9ab791d2c562bfd9fda99c4bc10d22e6beff1b40abc554f2000ac,Alice Nascimento Silva Lobo,Atento,2026-03-12 10:41:33,2026-03-12 10:51:30,597.0,2026-03-12,simulated
Escola Estadual Criança Esperança,Matemática,Professora_Ana,f1c5e8faebc9ab791d2c562bfd9fda99c4bc10d22e6beff1b40abc554f2000ac,Alice Nascimento Silva Lobo,Perguntando,2026-03-12 10:51:37,2026-03-12 10:51:52,15.0,2026-03-12,simulated
Escola Estadual Criança Esperança,Matemática,Professora_Ana,f1c5e8faebc9ab791d2c562bfd9fda99c4bc10d22e6beff1b40abc554f2000ac,Alice Nascimento Silva Lobo,Atento,2026-03-12 10:51:59,2026-03-12 10:57:08,309.0,2026-03-12,simulated
Escola Estadual Criança Esperança,Matemática,Professora_Ana,f1c5e8faebc9ab791d2c562bfd9fda99c4bc10d22e6beff1b40abc554f2000ac,Alice Nascimento Silva Lobo,Atento,2026-03-12 10:57:15,2026-03-12 11:06:57,582.0,2026-03-12,simulated
Escola Estadual Criança Esperança,Matemática,Professora_Ana,f1c5e8faebc9ab791d2c562bfd9fda99c4bc10d22e6beff1b40abc554f2000ac,Alice Nascimento Silva Lobo,Distraido,2026-03-12 11:06:59,2026-03-12 11:08:15,76.0,2026-03-12,simulated
Escola Estadual Criança Esperança,Matemática,Professora_Ana,f1c5e8faebc9ab791d2c562bfd9fda99c4bc10d22e6beff1b40abc554f2000ac,Alice Nascimento Silva Lobo,Atento,2026-03-12 11:08:16,2026-03-12 11:14:34,378.0,2026-03-12,simulated
Escola Estadual Criança Esperança,Matemática,Professora_Ana,f1c5e8faebc9ab791d2c562bfd9fda99c4bc10d22e6beff1b40abc554f2000ac,Alice Nascimento Silva Lobo,Perguntando,2026-03-12 11:14:39,2026-03-12 11:14:57,18.0,2026-03-12,simulated
Escola Estadual Criança Esperança,Matemática,Professora_Ana,f1c5e8faebc9ab791d2c562bfd9fda99c4bc10d22e6beff1b40abc554f2000ac,Alice Nascimento Silva Lobo,Atento,2026-03-12 11:15:01,2026-03-12 11:21:49,408.0,2026-03-12,simulated
Escola Estadual Criança Esperança,Matemática,Professora_Ana,f1c5e8faebc9ab791d2c562bfd9fda99c4bc10d22e6beff1b40abc554f2000ac,Alice Nascimento Silva Lobo,Perguntando,2026-03-12 11:21:57,2026-03-12 11:22:33,36.0,2026-03-12,simulated
Escola Estadual Criança Esperança,Matemática,Professora_Ana,f1c5e8faebc9ab791d2c562bfd9fda99c4bc10d22e6beff1b40abc554f2000ac,Alice Nascimento Silva Lobo,Atento,2026-03-12 11:22:34,2026-03-12 11:33:14,640.0,2026-03-12,simulated
Escola Estadual Criança Esperança,Matemática,Professora_Ana,f1c5e8faebc9ab791d2c562bfd9fda99c4bc10d22e6beff1b40abc554f2000ac,Alice Nascimento Silva Lobo,Perguntando,2026-03-12 11:33:17,2026-03-12 11:33:42,25.0,2026-03-12,simulated
Escola Estadual Criança Esperança,Matemática,Professora_Ana,f1c5e8faebc9ab791d2c562bfd9fda99c4bc10d22e6beff1b40abc554f2000ac,Alice Nascimento Silva Lobo,Atento,2026-03-12 11:33:42,2026-03-12 11:41:59,497.0,2026-03-12,simulated
Escola Estadual Criança Esperança,Matemática,Professora_Ana,f1c5e8faebc9ab791d2c562bfd9fda99c4bc10d22e6beff1b40abc554f2000ac,Alice Nascimento Silva Lobo,Distraido,2026-03-12 11:42:02,2026-03-12 11:44:10,128.0,2026-03-12,simulated
Escola Estadual Criança Esperança,Matemática,Professora_Ana,f1c5e8faebc9ab791d2c562bfd9fda99c4bc10d22e6beff1b40abc554f2000ac,Alice Nascimento Silva Lobo,Perguntando,2026-03-12 11:44:17,2026-03-12 11:44:37,20.0,2026-03-12,simulated
Escola Estadual Criança Esperança,Matemática,Professora_Ana,f1c5e8faebc9ab791d2c562bfd9fda99c4bc10d22e6beff1b40abc554f2000ac,Alice Nascimento Silva Lobo,Atento,2026-03-12 11:44:44,2026-03-12 11:53:11,507.0,2026-03-12,simulated
Escola Estadual Criança Esperança,Matemática,Professora_Ana,f1c5e8faebc9ab791d2c562bfd9fda99c4bc10d22e6beff1b40abc554f2000ac,Alice Nascimento Silva Lobo,Perguntando,2026-03-12 11:53:17,2026-03-12 11:53:28,11.0,2026-03-12,simulated
Escola Estadual Criança Esperança,Matemática,Professora_Ana,f1c5e8faebc9ab791d2c562bfd9fda99c4bc10d22e6beff1b40abc554f2000ac,Alice Nascimento Silva Lobo,Atento,2026-03-12 11:53:29,2026-03-12 11:56:00,151.0,2026-03-12,simulated
