school,discipline,teacher,id_student,student,behavior,start_time,end_time,duration_seconds,date,source
Escola Estadual Criança Esperança,Português,Professor_Bruno,103cd95d53cd1719703a66a87bad8e14da505b034d046656390724a3abc9cf06,Starley,Atento,2026-03-13 08:00:00,2026-03-13 08:10:15,615.0,2026-03-13,simulated
Escola Estadual Criança Esperança,Português,Professor_Bruno,103cd95d53cd1719703a66a87bad8e14da505b034d046656390724a3abc9cf06,Starley,Perguntando,2026-03-13 08:10:20,2026-03-13 08:10:49,29.0,2026-03-13,simulated
Escola Estadual Criança Esperança,Português,Professor_Bruno,103cd95d53cd1719703a66a87bad8e14da505b034d046656390724a3abc9cf06,Starley,Atento,2026-03-13 08:10:51,2026-03-13 08:21:07,616.0,2026-03-13,simulated
Escola Estadual Criança Esperança,Português,Professor_Bruno,103cd95d53cd1719703a66a87bad8e14da505b034d046656390724a3abc9cf06,Starley,Distraido,2026-03-13 08:21:13,2026-03-13 08:23:34,141.0,2026-03-13,simulated
Escola Estadual Criança Esperança,Português,Professor_Bruno,103cd95d53cd1719703a66a87bad8e14da505b034d046656390724a3abc9cf06,Starley,Atento,2026-03-13 08:23:41,2026-03-13 08:29:46,365.0,2026-03-13,simulated
Escola Estadual Criança Esperança,Português,Professor_Bruno,103cd95d53cd1719703a66a87bad8e14da505b034d046656390724a3abc9cf06,Starley,Perguntando,2026-03-13 08:29:47,2026-03-13 08:30:19,32.0,2026-03-13,simulated
Escola Estadual Criança Esperança,Português,Professor_Bruno,103cd95d53cd1719703a66a87bad8e14da505b034d046656390724a3abc9cf06,Starley,Atento,2026-03-13 08:30:21,2026-03-13 08:39:07,526.0,2026-03-13,simulated
Escola Estadual Criança Esperança,Português,Professor_Bruno,103cd95d53cd1719703a66a87bad8e14da505b034d046656390724a3abc9cf06,Starley,Perguntando,2026-03-13 08:39:15,2026-03-13 08:39:47,32.0,2026-03-13,simulated
Escola Estadual Criança Esperança,Português,Professor_Bruno,103cd95d53cd1719703a66a87bad8e14da505b034d046656390724a3abc9cf06,Starley,Atento,2026-03-13 08:39:55,2026-03-13 08:49:06,551.0,2026-03-13,simulated
Escola Estadual Criança Esperança,Português,Professor_Bruno,103cd95d53cd1719703a66a87bad8e14da505b034d046656390724a3abc9cf06,Starley,Perguntando,2026-03-13 08:49:12,2026-03-13 08:49:38,26.0,2026-03-13,simulated
Escola Estadual Criança Esperança,Português,Professor_Bruno,103cd95d53cd1719703a66a87bad8e14da505b034d046656390724a3abc9cf06,Starley,Atento,2026-03-13 08:49:44,2026-03-13 08:58:07,503.0,2026-03-13,simulated
Escola Estadual Criança Esperança,Português,Professor_Bruno,103cd95d53cd1719703a66a87bad8e14da505b034d046656390724a3abc9cf06,Starley,Distraido,2026-03-13 08:58:09,2026-03-13 08:59:36,87.0,2026-03-13,simulated
Escola Estadual Criança Esperança,Português,Professor_Bruno,103cd95d53cd1719703a66a87bad8e14da505b034d046656390724a3abc9cf06,Starley,Atento,2026-03-13 08:59:41,2026-03-13 09:09:42,601.0,2026-03-13,simulated
Escola Estadual Criança Esperança,Português,Professor_Bruno,103cd95d53cd1719703a66a87bad8e14da505b034d046656390724a3abc9cf06,Starley,Distraido,2026-03-13 09:09:45,2026-03-13 09:11:50,125.0,2026-03-13,simulated
Escola Estadual Criança Esperança,Português,Professor_Bruno,103cd95d53cd1719703a66a87bad8e14da505b034d046656390724a3abc9cf06,Starley,Atento,2026-03-13 09:11:57,2026-03-13 09:21:31,574.0,2026-03-13,simulated
Escola Estadual Criança Esperança,Português,Professor_Bruno,103cd95d53cd1719703a66a87bad8e14da505b034d046656390724a3abc9cf06,Starley,Distraido,2026-03-13 09:21:38,2026-03-13 09:24:33,175.0,2026-03-13,simulated
Escola Estadual Criança Esperança,Português,Professor_Bruno,103cd95d53cd1719703a66a87bad8e14da505b034d046656390724a3abc9cf06,Starley,Atento,2026-03-13 09:24:36,2026-03-13 09:35:56,680.0,2026-03-13,simulated
Escola Estadual Criança Esperança,Português,Professor_Bruno,103cd95d53cd1719703a66a87bad8e14da505b034d046656390724a3abc9cf06,Starley,Distraido,2026-03-13 09:35:59,2026-03-13 09:37:25,86.0,2026-03-13,simulated
Escola Estadual Criança Esperança,Português,Professor_Bruno,103cd95d53cd1719703a66a87bad8e14da505b034d046656390724a3abc9cf06,Starley,Perguntando,2026-03-13 09:37:33,2026-03-13 09:37:54,21.0,2026-03-13,simulated
Escola Estadual Criança Esperança,Português,Professor_Bruno,103cd95d53cd1719703a66a87bad8e14da505b034d046656390724a3abc9cf06,Starley,Atento,2026-03-13 09:38:02,2026-03-13 09:44:03,361.0,2026-03-13,simulated
Escola Estadual Criança Esperança,Português,Professor_Bruno,103cd95d53cd1719703a66a87bad8e14da505b034d046656390724a3abc9cf06,Starley,Dormindo,2026-03-13 09:44:10,2026-03-13 09:45:54,104.0,2026-03-13,simulated
Escola Estadual Criança Esperança,Português,Professor_Bruno,103cd95d53cd1719703a66a87bad8e14da505b034d046656390724a3abc9cf06,Starley,Atento,2026-03-13 09:45:58,2026-03-13 09:55:25,567.0,2026-03-13,simulated
Escola Estadual Criança Esperança,Português,Professor_Bruno,103cd95d53cd1719703a66a87bad8e14da505b034d046656390724a3abc9cf06,Starley,Perguntando,2026-03-13 09:55:31,2026-03-13 09:55:54,23.0,2026-03-13,simulated
Escola Estadual Criança Esperança,Português,Professor_Bruno,103cd95d53cd1719703a66a87bad8e14da505b034d046656390724a3abc9cf06,Starley,Atento,2026-03-13 09:55:56,2026-03-13 10:04:45,529.0,2026-03-13,simulated
Escola Estadual Criança Esperança,Português,Professor_Bruno,103cd95d53cd1719703a66a87bad8e14da505b034d046656390724a3abc9cf06,Starley,Atento,2026-03-13 10:04:48,2026-03-13 10:10:29,341.0,2026-03-13,simulated
Escola Estadual Criança Esperança,Português,Professor_Bruno,103cd95d53cd1719703a66a87bad8e14da505b034d046656390724a3abc9cf06,Starley,Atento,2026-03-13 10:10:32,2026-03-13 10:21:44,672.0,2026-03-13,simulated
Escola Estadual Criança Esperança,Português,Professor_Bruno,103cd95d53cd1719703a66a87bad8e14da505b034d046656390724a3abc9cf06,Starley,Perguntando,2026-03-13 10:21:51,2026-03-13 10:22:07,16.0,2026-03-13,simulated
Escola Estadual Criança Esperança,Português,Professor_Bruno,103cd95d53cd1719703a66a87bad8e14da505b034d046656390724a3abc9cf06,Starley,Atento,2026-03-13 10:22:07,2026-03-13 10:34:00,713.0,2026-03-13,simulated
Escola Estadual Criança Esperança,Português,Professor_Bruno,103cd95d53cd1719703a66a87bad8e14da505b034d046656390724a3abc9cf06,Starley,Perguntando,2026-03-13 10:34:07,2026-03-13 10:34:25,18.0,2026-03-13,simulated
Escola Estadual Criança Esperança,Português,Professor_Bruno,103cd95d53cd1719703a66a87bad8e14da505b034d046656390724a3abc9cf06,Starley,Dormindo,2026-03-13 10:34:26,2026-03-13 10:39:14,288.0,2026-03-13,simulated
Escola Estadual Criança Esperança,Português,Professor_Bruno,103cd95d53cd1719703a66a87bad8e14da505b034d046656390724a3abc9cf06,Starley,Atento,2026-03-13 10:39:20,2026-03-13 10:50:51,691.0,2026-03-13,simulated
Escola Estadual Criança Esperança,Português,Professor_Bruno,103cd95d53cd1719703a66a87bad8e14da505b034d046656390724a3abc9cf06,Starley,Dormindo,2026-03-13 10:50:58,2026-03-13 10:52:58,120.0,2026-03-13,simulated
Escola Estadual Criança Esperança,Português,Professor_Bruno,103cd95d53cd1719703a66a87bad8e14da505b034d046656390724a3abc9cf06,Starley,Atento,2026-03-13 10:53:00,2026-03-13 11:02:03,543.0,2026-03-13,simulated
Escola Estadual Criança Esperança,Português,Professor_Bruno,103cd95d53cd1719703a66a87bad8e14da505b034d046656390724a3abc9cf06,Starley,Perguntando,2026-03-13 11:02:04,2026-03-13 11:02:22,18.0,2026-03-13,simulated
Escola Estadual Criança Esperança,Português,Professor_Bruno,103cd95d53cd1719703a66a87bad8e14da505b034d046656390724a3abc9cf06,Starley,Distraido,2026-03-13 11:02:24,2026-03-13 11:03:24,60.0,2026-03-13,simulated
Escola Estadual Criança Esperança,Português,Professor_Bruno,103cd95d53cd1719703a66a87bad8e14da505b034d046656390724a3abc9cf06,Starley,Atento,2026-03-13 11:03:27,2026-03-13 11:09:39,372.0,2026-03-13,simulated
Escola Estadual Criança Esperança,Português,Professor_Bruno,103cd95d53cd1719703a66a87bad8e14da505b034d046656390724a3abc9cf06,Starley,Distraido,2026-03-13 11:09:41,2026-03-13 11:11:53,132.0,2026-03-13,simulated
Escola Estadual Criança Esperança,Português,Professor_Bruno,103cd95d53cd1719703a66a87bad8e14da505b034d046656390724a3abc9cf06,Starley,Atento,2026-03-13 11:12:01,2026-03-13 11:23:44,703.0,2026-03-13,simulated
Escola Estadual Criança Esperança,Português,Professor_Bruno,103cd95d53cd1719703a66a87bad8e14da505b034d046656390724a3abc9cf06,Starley,Perguntando,2026-03-13 11:23:51,2026-03-13 11:24:23,32.0,2026-03-13,simulated
Escola Estadual Criança Esperança,Português,Professor_Bruno,103cd95d53cd1719703a66a87bad8e14da505b034d046656390724a3abc9cf06,Starley,Atento,2026-03-13 11:24:23,2026-03-13 11:31:46,443.0,2026-03-13,simulated
Escola Estadual Criança Esperança,Português,Professor_Bruno,103cd95d53cd1719703a66a87bad8e14da505b034d046656390724a3abc9cf06,Starley,Agitado,2026-03-13 11:31:54,2026-03-13 11:32:39,45.0,2026-03-13,simulated
Escola Estadual Criança Esperança,Português,Professor_Bruno,103cd95d53cd1719703a66a87bad8e14da505b034d046656390724a3abc9cf06,Starley,Atento,2026-03-13 11:32:40,2026-03-13 11:40:00,440.0,2026-03-13,simulated
Escola Estadual Criança Esperança,Português,Professor_Bruno,51e028c29914c6103719ccf21258789707dbb3234a716394f10de9ae5349d033,Pedro Vitor Sousa Santos,Perguntando,2026-03-13 08:02:00,2026-03-13 08:02:40,40.0,2026-03-13,simulated
Escola Estadual Criança Esperança,Português,Professor_Bruno,51e028c29914c6103719ccf21258789707dbb3234a716394f10de9ae5349d033,Pedro Vitor Sousa Santos,Atento,2026-03-13 08:02:47,2026-03-13 08:12:06,559.0,2026-03-13,simulated
Escola Estadual Criança Esperança,Português,Professor_Bruno,51e028c29914c6103719ccf21258789707dbb3234a716394f10de9ae5349d033,Pedro Vitor Sousa Santos,Perguntando,2026-03-13 08:12:13,2026-03-13 08:12:42,29.0,2026-03-13,simulated
Escola Estadual Criança Esperança,Português,Professor_Bruno,51e028c29914c6103719ccf21258789707dbb3234a716394f10de9ae5349d033,Pedro Vitor Sousa Santos,Atento,2026-03-13 08:12:44,2026-03-13 08:23:39,655.0,2026-03-13,simulated
Escola Estadual Criança Esperança,Português,Professor_Bruno,51e028c29914c6103719ccf21258789707dbb3234a716394f10de9ae5349d033,Pedro Vitor Sousa Santos,Agitado,2026-03-13 08:23:41,2026-03-13 08:25:11,90.0,2026-03-13,simulated
Escola Estadual Criança Esperança,Português,Professor_Bruno,51e028c29914c6103719ccf21258789707dbb3234a716394f10de9ae5349d033,Pedro Vitor Sousa Santos,Distraido,2026-03-13 08:25:12,2026-03-13 08:26:23,71.0,2026-03-13,simulated
Escola Estadual Criança Esperança,Português,Professor_Bruno,51e028c29914c6103719ccf21258789707dbb3234a716394f10de9ae5349d033,Pedro Vitor Sousa Santos,Perguntando,2026-03-13 08:26:24,2026-03-13 08:26:54,30.0,2026-03-13,simulated
Escola Estadual Criança Esperança,Português,Professor_Bruno,51e028c29914c6103719ccf21258789707dbb3234a716394f10de9ae5349d033,Pedro Vitor Sousa Santos,Agitado,2026-03-13 08:26:57,2026-03-13 08:27:25,28.0,2026-03-13,simulated
Escola Estadual Criança Esperança,Português,Professor_Bruno,51e028c29914c6103719ccf21258789707dbb3234a716394f10de9ae5349d033,Pedro Vitor Sousa Santos,Dormindo,2026-03-13 08:27:27,2026-03-13 08:30:08,161.0,2026-03-13,simulated
Escola Estadual Criança Esperança,Português,Professor_Bruno,51e028c29914c6103719ccf21258789707dbb3234a716394f10de9ae5349d033,Pedro Vitor Sousa Santos,Perguntando,2026-03-13 08:30:11,2026-03-13 08:30:34,23.0,2026-03-13,simulated
Escola Estadual Criança Esperança,Português,Professor_Bruno,51e028c29914c6103719ccf21258789707dbb3234a716394f10de9ae5349d033,Pedro Vitor Sousa Santos,Distraido,2026-03-13 08:30:36,2026-03-13 08:33:21,165.0,2026-03-13,simulated
Escola Estadual Criança Esperança,Português,Professor_Bruno,51e028c29914c6103719ccf21258789707dbb3234a716394f10de9ae5349d033,Pedro Vitor Sousa Santos,Atento,2026-03-13 08:33:25,2026-03-13 08:42:13,528.0,2026-03-13,simulated
Escola Estadual Criança Esperança,Português,Professor_Bruno,51e028c29914c6103719ccf21258789707dbb3234a716394f10de9ae5349d033,Pedro Vitor Sousa Santos,Perguntando,2026-03-13 08:42:16,2026-03-13 08:42:38,22.0,2026-03-13,simulated
Escola Estadual Criança Esperança,Português,Professor_Bruno,51e028c29914c6103719ccf21258789707dbb3234a716394f10de9ae5349d033,Pedro Vitor Sousa Santos,Atento,2026-03-13 08:42:39,2026-03-13 08:53:18,639.0,2026-03-13,simulated
Escola Estadual Criança Esperança,Português,Professor_Bruno,51e028c29914c6103719ccf21258789707dbb3234a716394f10de9ae5349d033,Pedro Vitor Sousa Santos,Perguntando,2026-03-13 08:53:23,2026-03-13 08:53:56,33.0,2026-03-13,simulated
Escola Estadual Criança Esperança,Português,Professor_Bruno,51e028c29914c6103719ccf21258789707dbb3234a716394f10de9ae5349d033,Pedro Vitor Sousa Santos,Distraido,2026-03-13 08:53:57,2026-03-13 08:56:38,161.0,2026-03-13,simulated
Escola Estadual Criança Esperança,Português,Professor_Bruno,51e028c29914c6103719ccf21258789707dbb3234a716394f10de9ae5349d033,Pedro Vitor Sousa Santos,Atento,2026-03-13 08:56:41,2026-03-13 09:05:32,531.0,2026-03-13,simulated
Escola Estadual Criança Esperança,Português,Professor_Bruno,51e028c29914c6103719ccf21258789707dbb3234a716394f10de9ae5349d033,Pedro Vitor Sousa Santos,Agitado,2026-03-13 09:05:32,2026-03-13 09:06:30,58.0,2026-03-13,simulated
Escola Estadual Criança Esperança,Português,Professor_Bruno,51e028c29914c6103719ccf21258789707dbb3234a716394f10de9ae5349d033,Pedro Vitor Sousa Santos,Perguntando,2026-03-13 09:06:38,2026-03-13 09:06:48,10.0,2026-03-13,simulated
Escola Estadual Criança Esperança,Português,Professor_Bruno,51e028c29914c6103719ccf21258789707dbb3234a716394f10de9ae5349d033,Pedro Vitor Sousa Santos,Agitado,2026-03-13 09:06:48,2026-03-13 09:07:58,70.0,2026-03-13,simulated
Escola Estadual Criança Esperança,Português,Professor_Bruno,51e028c29914c6103719ccf21258789707dbb3234a716394f10de9ae5349d033,Pedro Vitor Sousa Santos,Perguntando,2026-03-13 09:07:58,2026-03-13 09:08:22,24.0,2026-03-13,simulated
Escola Estadual Criança Esperança,Português,Professor_Bruno,51e028c29914c6103719ccf21258789707dbb3234a716394f10de9ae5349d033,Pedro Vitor Sousa Santos,Agitado,2026-03-13 09:08:28,2026-03-13 09:09:17,49.0,2026-03-13,simulated
Escola Estadual Criança Esperança,Português,Professor_Bruno,51e028c29914c6103719ccf21258789707dbb3234a716394f10de9ae5349d033,Pedro Vitor Sousa Santos,Atento,2026-03-13 09:09:21,2026-03-13 09:21:12,711.0,2026-03-13,simulated
Escola Estadual Criança Esperança,Português,Professor_Bruno,51e028c29914c6103719ccf21258789707dbb3234a716394f10de9ae5349d033,Pedro Vitor Sousa Santos,Perguntando,2026-03-13 09:21:16,2026-03-13 09:21:52,36.0,2026-03-13,simulated
Escola Estadual Criança Esperança,Português,Professor_Bruno,51e028c29914c6103719ccf21258789707dbb3234a716394f10de9ae5349d033,Pedro Vitor Sousa Santos,Distraido,2026-03-13 09:21:55,2026-03-13 09:23:31,96.0,2026-03-13,simulated
Escola Estadual Criança Esperança,Português,Professor_Bruno,51e028c29914c6103719ccf21258789707dbb3234a716394f10de9ae5349d033,Pedro Vitor Sousa Santos,Perguntando,2026-03-13 09:23:35,2026-03-13 09:23:48,13.0,2026-03-13,simulated
Escola Estadual Criança Esperança,Português,Professor_Bruno,51e028c29914c6103719ccf21258789707dbb3234a716394f10de9ae5349d033,Pedro Vitor Sousa Santos,Distraido,2026-03-13 09:23:56,2026-03-13 09:25:48,112.0,2026-03-13,simulated
Escola Estadual Criança Esperança,Português,Professor_Bruno,51e028c29914c6103719ccf21258789707dbb3234a716394f10de9ae5349d033,Pedro Vitor Sousa Santos,Perguntando,2026-03-13 09:25:52,2026-03-13 09:26:31,39.0,2026-03-13,simulated
Escola Estadual Criança Esperança,Português,Professor_Bruno,51e028c29914c6103719ccf21258789707dbb3234a716394f10de9ae5349d033,Pedro Vitor Sousa Santos,Atento,2026-03-13 09:26:34,2026-03-13 09:31:46,312.0,2026-03-13,simulated
Escola Estadual Criança Esperança,Português,Professor_Bruno,51e028c29914c6103719ccf21258789707dbb3234a716394f10de9ae5349d033,Pedro Vitor Sousa Santos,Perguntando,2026-03-13 09:31:48,2026-03-13 09:32:05,17.0,2026-03-13,simulated
Escola Estadual Criança Esperança,Português,Professor_Bruno,51e028c29914c6103719ccf21258789707dbb3234a716394f10de9ae5349d033,Pedro Vitor Sousa Santos,Distraido,2026-03-13 09:32:09,2026-03-13 09:32:54,45.0,2026-03-13,simulated
Escola Estadual Criança Esperança,Português,Professor_Bruno,51e028c29914c6103719ccf21258789707dbb3234a716394f10de9ae5349d033,Pedro Vitor Sousa Santos,Agitado,2026-03-13 09:32:57,2026-03-13 09:34:13,76.0,2026-03-13,simulated
Escola Estadual Criança Esperança,Português,Professor_Bruno,51e028c29914c6103719ccf21258789707dbb3234a716394f10de9ae5349d033,Pedro Vitor Sousa Santos,Perguntando,2026-03-13 09:34:19,2026-03-13 09:34:36,17.0,2026-03-13,simulated
Escola Estadual Criança Esperança,Português,Professor_Bruno,51e028c29914c6103719ccf21258789707dbb3234a716394f10de9ae5349d033,Pedro Vitor Sousa Santos,Distraido,2026-03-13 09:34:38,2026-03-13 09:35:28,50.0,2026-03-13,simulated
Escola Estadual Criança Esperança,Português,Professor_Bruno,51e028c29914c6103719ccf21258789707dbb3234a716394f10de9ae5349d033,Pedro Vitor Sousa Santos,Dormindo,2026-03-13 09:35:34,2026-03-13 09:38:42,188.0,2026-03-13,simulated
Escola Estadual Criança Esperança,Português,Professor_Bruno,51e028c29914c6103719ccf21258789707dbb3234a716394f10de9ae5349d033,Pedro Vitor Sousa Santos,Agitado,2026-03-13 09:38:43,2026-03-13 09:39:33,50.0,2026-03-13,simulated
Escola Estadual Criança Esperança,Português,Professor_Bruno,51e028c29914c6103719ccf21258789707dbb3234a716394f10de9ae5349d033,Pedro Vitor Sousa Santos,Atento,2026-03-13 09:39:38,2026-03-13 09:51:18,700.0,2026-03-13,simulated
Escola Estadual Criança Esperança,Português,Professor_Bruno,51e028c29914c6103719ccf21258789707dbb3234a716394f10de9ae5349d033,Pedro Vitor Sousa Santos,Agitado,2026-03-13 09:51:24,2026-03-13 09:51:54,30.0,2026-03-13,simulated
Escola Estadual Criança Esperança,Português,Professor_Bruno,51e028c29914c6103719ccf21258789707dbb3234a716394f10de9ae5349d033,Pedro Vitor Sousa Santos,Distraido,2026-03-13 09:52:00,2026-03-13 09:53:06,66.0,2026-03-13,simulated
Escola Estadual Criança Esperança,Português,Professor_Bruno,51e028c29914c6103719ccf21258789707dbb3234a716394f10de9ae5349d033,Pedro Vitor Sousa Santos,Perguntando,2026-03-13 09:53:13,2026-03-13 09:53:34,21.0,2026-03-13,simulated
Escola Estadual Criança Esperança,Português,Professor_Bruno,51e028c29914c6103719ccf21258789707dbb3234a716394f10de9ae5349d033,Pedro Vitor Sousa Santos,Dormindo,2026-03-13 09:53:34,2026-03-13 09:57:42,248.0,2026-03-13,simulated
Escola Estadual Criança Esperança,Português,Professor_Bruno,51e028c29914c6103719ccf21258789707dbb3234a716394f10de9ae5349d033,Pedro Vitor Sousa Santos,Atento,2026-03-13 09:57:43,2026-03-13 10:05:29,466.0,2026-03-13,simulated
Escola Estadual Criança Esperança,Português,Professor_Bruno,51e028c29914c6103719ccf21258789707dbb3234a716394f10de9ae5349d033,Pedro Vitor Sousa Santos,Perguntando,2026-03-13 10:05:36,2026-03-13 10:06:06,30.0,2026-03-13,simulated
Escola Estadual Criança Esperança,Português,Professor_Bruno,51e028c29914c6103719ccf21258789707dbb3234a716394f10de9ae5349d033,Pedro Vitor Sousa Santos,Atento,2026-03-13 10:06:06,2026-03-13 10:14:22,496.0,2026-03-13,simulated
Escola Estadual Criança Esperança,Português,Professor_Bruno,51e028c29914c6103719ccf21258789707dbb3234a716394f10de9ae5349d033,Pedro Vitor Sousa Santos,Agitado,2026-03-13 10:14:25,2026-03-13 10:15:27,62.0,2026-03-13,simulated
Escola Estadual Criança Esperança,Português,Professor_Bruno,51e028c29914c6103719ccf21258789707dbb3234a716394f10de9ae5349d033,Pedro Vitor Sousa Santos,Distraido,2026-03-13 10:15:35,2026-03-13 10:16:59,84.0,2026-03-13,simulated
Escola Estadual Criança Esperança,Português,Professor_Bruno,51e028c29914c6103719ccf21258789707dbb3234a716394f10de9ae5349d033,Pedro Vitor Sousa Santos,Atento,2026-03-13 10:17:07,2026-03-13 10:26:24,557.0,2026-03-13,simulated
Escola Estadual Criança Esperança,Português,Professor_Bruno,51e028c29914c6103719ccf21258789707dbb3234a716394f10de9ae5349d033,Pedro Vitor Sousa Santos,Perguntando,2026-03-13 10:26:32,2026-03-13 10:27:06,34.0,2026-03-13,simulated
Escola Estadual Criança Esperança,Português,Professor_Bruno,51e028c29914c6103719ccf21258789707dbb3234a716394f10de9ae5349d033,Pedro Vitor Sousa Santos,Agitado,2026-03-13 10:27:06,2026-03-13 10:28:14,68.0,2026-03-13,simulated
Escola Estadual Criança Esperança,Português,Professor_Bruno,51e028c29914c6103719ccf21258789707dbb3234a716394f10de9ae5349d033,Pedro Vitor Sousa Santos,Perguntando,2026-03-13 10:28:19,2026-03-13 10:28:30,11.0,2026-03-13,simulated
Escola Estadual Criança Esperança,Português,Professor_Bruno,51e028c29914c6103719ccf21258789707dbb3234a716394f10de9ae5349d033,Pedro Vitor Sousa Santos,Atento,2026-03-13 10:28:30,2026-03-13 10:38:47,617.0,2026-03-13,simulated
Escola Estadual Criança Esperança,Português,Professor_Bruno,51e028c29914c6103719ccf21258789707dbb3234a716394f10de9ae5349d033,Pedro Vitor Sousa Santos,Agitado,2026-03-13 10:38:55,2026-03-13 10:39:49,54.0,2026-03-13,simulated
Escola Estadual Criança Esperança,Português,Professor_Bruno,51e028c29914c6103719ccf21258789707dbb3234a716394f10de9ae5349d033,Pedro Vitor Sousa Santos,Perguntando,2026-03-13 10:39:53,2026-03-13 10:40:06,13.0,2026-03-13,simulated
Escola Estadual Criança Esperança,Português,Professor_Bruno,51e028c29914c6103719ccf21258789707dbb3234a716394f10de9ae5349d033,Pedro Vitor Sousa Santos,Atento,2026-03-13 10:40:09,2026-03-13 10:46:45,396.0,2026-03-13,simulated
Escola Estadual Criança Esperança,Português,Professor_Bruno,51e028c29914c6103719ccf21258789707dbb3234a716394f10de9ae5349d033,Pedro Vitor Sousa Santos,Distraido,2026-03-13 10:46:47,2026-03-13 10:48:08,81.0,2026-03-13,simulated
Escola Estadual Criança Esperança,Português,Professor_Bruno,51e028c29914c6103719ccf21258789707dbb3234a716394f10de9ae5349d033,Pedro Vitor Sousa Santos,Agitado,2026-03-13 10:48:14,2026-03-13 10:49:22,68.0,2026-03-13,simulated
Escola Estadual Criança Esperança,Português,Professor_Bruno,51e028c29914c6103719ccf21258789707dbb3234a716394f10de9ae5349d033,Pedro Vitor Sousa Santos,Atento,2026-03-13 10:49:27,2026-03-13 10:56:31,424.0,2026-03-13,simulated
Escola Estadual Criança Esperança,Português,Professor_Bruno,51e028c29914c6103719ccf21258789707dbb3234a716394f10de9ae5349d033,Pedro Vitor Sousa Santos,Perguntando,2026-03-13 10:56:37,2026-03-13 10:57:15,38.0,2026-03-13,simulated
Escola Estadual Criança Esperança,Português,Professor_Bruno,51e028c29914c6103719ccf21258789707dbb3234a716394f10de9ae5349d033,Pedro Vitor Sousa Santos,Atento,2026-03-13 10:57:17,2026-03-13 11:06:50,573.0,2026-03-13,simulated
Escola Estadual Criança Esperança,Português,Professor_Bruno,51e028c29914c6103719ccf21258789707dbb3234a716394f10de9ae5349d033,Pedro Vitor Sousa Santos,Perguntando,2026-03-13 11:06:56,2026-03-13 11:07:33,37.0,2026-03-13,simulated
Escola Estadual Criança Esperança,Português,Professor_Bruno,51e028c29914c6103719ccf21258789707dbb3234a716394f10de9ae5349d033,Pedro Vitor Sousa Santos,Atento,2026-03-13 11:07:35,2026-03-13 11:19:16,701.0,2026-03-13,simulated
Escola Estadual Criança Esperança,Português,Professor_Bruno,51e028c29914c6103719ccf21258789707dbb3234a716394f10de9ae5349d033,Pedro Vitor Sousa Santos,Agitado,2026-03-13 11:19:24,2026-03-13 11:20:09,45.0,2026-03-13,simulated
Escola Estadual Criança Esperança,Português,Professor_Bruno,51e028c29914c6103719ccf21258789707dbb3234a716394f10de9ae5349d033,Pedro Vitor Sousa Santos,Atento,2026-03-13 11:20:12,2026-03-13 11:31:33,681.0,2026-03-13,simulated
Escola Estadual Criança Esperança,Português,Professor_Bruno,51e028c29914c6103719ccf21258789707dbb3234a716394f10de9ae5349d033,Pedro Vitor Sousa Santos,Distraido,2026-03-13 11:31:40,2026-03-13 11:34:38,178.0,2026-03-13,simulated
Escola Estadual Criança Esperança,Português,Professor_Bruno,51e028c29914c6103719ccf21258789707dbb3234a716394f10de9ae5349d033,Pedro Vitor Sousa Santos,Atento,2026-03-13 11:34:40,2026-03-13 11:42:00,440.0,2026-03-13,simulated
Escola Estadual Criança Esperança,Português,Professor_Bruno,eb3c72a0bb37fffc786f4ab3c5d9dcfeff614019a87ad1548133b55826c3b9fa,Bruno Dias,Distraido,2026-03-13 08:04:00,2026-03-13 08:06:49,169.0,2026-03-13,simulated
Escola Estadual Criança Esperança,Português,Professor_Bruno,eb3c72a0bb37fffc786f4ab3c5d9dcfeff614019a87ad1548133b55826c3b9fa,Bruno Dias,Agitado,2026-03-13 08:06:54,2026-03-13 08:07:34,40.0,2026-03-13,simulated
Escola Estadual Criança Esperança,Português,Professor_Bruno,eb3c72a0bb37fffc786f4ab3c5d9dcfeff614019a87ad1548133b55826c3b9fa,Bruno Dias,Dormindo,2026-03-13 08:07:37,2026-03-13 08:09:20,103.0,2026-03-13,simulated
Escola Estadual Criança Esperança,Português,Professor_Bruno,eb3c72a0bb37fffc786f4ab3c5d9dcfeff614019a87ad1548133b55826c3b9fa,Bruno Dias,Agitado,2026-03-13 08:09:26,2026-03-13 08:10:11,45.0,2026-03-13,simulated
Escola Estadual Criança Esperança,Português,Professor_Bruno,eb3c72a0bb37fffc786f4ab3c5d9dcfeff614019a87ad1548133b55826c3b9fa,Bruno Dias,Distraido,2026-03-13 08:10:14,2026-03-13 08:11:45,91.0,2026-03-13,simulated
Escola Estadual Criança Esperança,Português,Professor_Bruno,eb3c72a0bb37fffc786f4ab3c5d9dcfeff614019a87ad1548133b55826c3b9fa,Bruno Dias,Atento,2026-03-13 08:11:52,2026-03-13 08:17:37,345.0,2026-03-13,simulated
Escola Estadual Criança Esperança,Português,Professor_Bruno,eb3c72a0bb37fffc786f4ab3c5d9dcfeff614019a87ad1548133b55826c3b9fa,Bruno Dias,Distraido,2026-03-13 08:17:45,2026-03-13 08:18:57,72.0,2026-03-13,simulated
Escola Estadual Criança Esperança,Português,Professor_Bruno,eb3c72a0bb37fffc786f4ab3c5d9dcfeff614019a87ad1548133b55826c3b9fa,Bruno Dias,Atento,2026-03-13 08:18:57,2026-03-13 08:28:46,589.0,2026-03-13,simulated
Escola Estadual Criança Esperança,Português,Professor_Bruno,eb3c72a0bb37fffc786f4ab3c5d9dcfeff614019a87ad1548133b55826c3b9fa,Bruno Dias,Distraido,2026-03-13 08:28:52,2026-03-13 08:31:48,176.0,2026-03-13,simulated
Escola Estadual Criança Esperança,Português,Professor_Bruno,eb3c72a0bb37fffc786f4ab3c5d9dcfeff614019a87ad1548133b55826c3b9fa,Bruno Dias,Atento,2026-03-13 08:31:50,2026-03-13 08:42:19,629.0,2026-03-13,simulated
Escola Estadual Criança Esperança,Português,Professor_Bruno,eb3c72a0bb37fffc786f4ab3c5d9dcfeff614019a87ad1548133b55826c3b9fa,Bruno Dias,Distraido,2026-03-13 08:42:24,2026-03-13 08:44:25,121.0,2026-03-13,simulated
Escola Estadual Criança Esperança,Português,Professor_Bruno,eb3c72a0bb37fffc786f4ab3c5d9dcfeff614019a87ad1548133b55826c3b9fa,Bruno Dias,Atento,2026-03-13 08:44:28,2026-03-13 08:50:38,370.0,2026-03-13,simulated
Escola Estadual Criança Esperança,Português,Professor_Bruno,eb3c72a0bb37fffc786f4ab3c5d9dcfeff614019a87ad1548133b55826c3b9fa,Bruno Dias,Distraido,2026-03-13 08:50:41,2026-03-13 08:51:49,68.0,2026-03-13,simulated
Escola Estadual Criança Esperança,Português,Professor_Bruno,eb3c72a0bb37fffc786f4ab3c5d9dcfeff614019a87ad1548133b55826c3b9fa,Bruno Dias,Perguntando,2026-03-13 08:51:55,2026-03-13 08:52:15,20.0,2026-03-13,simulated
Escola Estadual Criança Esperança,Português,Professor_Bruno,eb3c72a0bb37fffc786f4ab3c5d9dcfeff614019a87ad1548133b55826c3b9fa,Bruno Dias,Dormindo,2026-03-13 08:52:19,2026-03-13 08:55:43,204.0,2026-03-13,simulated
Escola Estadual Criança Esperança,Português,Professor_Bruno,eb3c72a0bb37fffc786f4ab3c5d9dcfeff614019a87ad1548133b55826c3b9fa,Bruno Dias,Agitado,2026-03-13 08:55:47,2026-03-13 08:56:38,51.0,2026-03-13,simulated
Escola Estadual Criança Esperança,Português,Professor_Bruno,eb3c72a0bb37fffc786f4ab3c5d9dcfeff614019a87ad1548133b55826c3b9fa,Bruno Dias,Distraido,2026-03-13 08:56:46,2026-03-13 08:57:39,53.0,2026-03-13,simulated
Escola Estadual Criança Esperança,Português,Professor_Bruno,eb3c72a0bb37fffc786f4ab3c5d9dcfeff614019a87ad1548133b55826c3b9fa,Bruno Dias,Atento,2026-03-13 08:57:45,2026-03-13 09:08:30,645.0,2026-03-13,simulated
Escola Estadual Criança Esperança,Português,Professor_Bruno,eb3c72a0bb37fffc786f4ab3c5d9dcfeff614019a87ad1548133b55826c3b9fa,Bruno Dias,Agitado,2026-03-13 09:08:36,2026-03-13 09:09:58,82.0,2026-03-13,simulated
Escola Estadual Criança Esperança,Português,Professor_Bruno,eb3c72a0bb37fffc786f4ab3c5d9dcfeff614019a87ad1548133b55826c3b9fa,Bruno Dias,Dormindo,2026-03-13 09:10:06,2026-03-13 09:14:51,285.0,2026-03-13,simulated
Escola Estadual Criança Esperança,Português,Professor_Bruno,eb3c72a0bb37fffc786f4ab3c5d9dcfeff614019a87ad1548133b55826c3b9fa,Bruno Dias,Atento,2026-03-13 09:14:51,2026-03-13 09:26:32,701.0,2026-03-13,simulated
Escola Estadual Criança Esperança,Português,Professor_Bruno,eb3c72a0bb37fffc786f4ab3c5d9dcfeff614019a87ad1548133b55826c3b9fa,Bruno Dias,Agitado,2026-03-13 09:26:35,2026-03-13 09:27:23,48.0,2026-03-13,simulated
Escola Estadual Criança Esperança,Português,Professor_Bruno,eb3c72a0bb37fffc786f4ab3c5d9dcfeff614019a87ad1548133b55826c3b9fa,Bruno Dias,Distraido,2026-03-13 09:27:31,2026-03-13 09:30:11,160.0,2026-03-13,simulated
Escola Estadual Criança Esperança,Português,Professor_Bruno,eb3c72a0bb37fffc786f4ab3c5d9dcfeff614019a87ad1548133b55826c3b9fa,Bruno Dias,Perguntando,2026-03-13 09:30:13,2026-03-13 09:30:26,13.0,2026-03-13,simulated
Escola Estadual Criança Esperança,Português,Professor_Bruno,eb3c72a0bb37fffc786f4ab3c5d9dcfeff614019a87ad1548133b55826c3b9fa,Bruno Dias,Agitado,2026-03-13 09:30:33,2026-03-13 09:31:52,79.0,2026-03-13,simulated
Escola Estadual Criança Esperança,Português,Professor_Bruno,eb3c72a0bb37fffc786f4ab3c5d9dcfeff614019a87ad1548133b55826c3b9fa,Bruno Dias,Dormindo,2026-03-13 09:31:59,2026-03-13 09:33:10,71.0,2026-03-13,simulated
Escola Estadual Criança Esperança,Português,Professor_Bruno,eb3c72a0bb37fffc786f4ab3c5d9dcfeff614019a87ad1548133b55826c3b9fa,Bruno Dias,Perguntando,2026-03-13 09:33:14,2026-03-13 09:33:30,16.0,2026-03-13,simulated
Escola Estadual Criança Esperança,Português,Professor_Bruno,eb3c72a0bb37fffc786f4ab3c5d9dcfeff614019a87ad1548133b55826c3b9fa,Bruno Dias,Distraido,2026-03-13 09:33:31,2026-03-13 09:36:02,151.0,2026-03-13,simulated
Escola Estadual Criança Esperança,Português,Professor_Bruno,eb3c72a0bb37fffc786f4ab3c5d9dcfeff614019a87ad1548133b55826c3b9fa,Bruno Dias,Dormindo,2026-03-13 09:36:09,2026-03-13 09:37:26,77.0,2026-03-13,simulated
Escola Estadual Criança Esperança,Português,Professor_Bruno,eb3c72a0bb37fffc786f4ab3c5d9dcfeff614019a87ad1548133b55826c3b9fa,Bruno Dias,Distraido,2026-03-13 09:37:30,2026-03-13 09:38:33,63.0,2026-03-13,simulated
Escola Estadual Criança Esperança,Português,Professor_Bruno,eb3c72a0bb37fffc786f4ab3c5d9dcfeff614019a87ad1548133b55826c3b9fa,Bruno Dias,Atento,2026-03-13 09:38:36,2026-03-13 09:47:42,546.0,2026-03-13,simulated
Escola Estadual Criança Esperança,Português,Professor_Bruno,eb3c72a0bb37fffc786f4ab3c5d9dcfeff614019a87ad1548133b55826c3b9fa,Bruno Dias,Dormindo,2026-03-13 09:47:44,2026-03-13 09:52:37,293.0,2026-03-13,simulated
Escola Estadual Criança Esperança,Português,Professor_Bruno,eb3c72a0bb37fffc786f4ab3c5d9dcfeff614019a87ad1548133b55826c3b9fa,Bruno Dias,Distraido,2026-03-13 09:52:38,2026-03-13 09:54:25,107.0,2026-03-13,simulated
Escola Estadual Criança Esperança,Português,Professor_Bruno,eb3c72a0bb37fffc786f4ab3c5d9dcfeff614019a87ad1548133b55826c3b9fa,Bruno Dias,Perguntando,2026-03-13 09:54:29,2026-03-13 09:54:46,17.0,2026-03-13,simulated
Escola Estadual Criança Esperança,Português,Professor_Bruno,eb3c72a0bb37fffc786f4ab3c5d9dcfeff614019a87ad1548133b55826c3b9fa,Bruno Dias,Atento,2026-03-13 09:54:49,2026-03-13 10:00:06,317.0,2026-03-13,simulated
Escola Estadual Criança Esperança,Português,Professor_Bruno,eb3c72a0bb37fffc786f4ab3c5d9dcfeff614019a87ad1548133b55826c3b9fa,Bruno Dias,Distraido,2026-03-13 10:00:13,2026-03-13 10:01:32,79.0,2026-03-13,simulated
Escola Estadual Criança Esperança,Português,Professor_Bruno,eb3c72a0bb37fffc786f4ab3c5d9dcfeff614019a87ad1548133b55826c3b9fa,Bruno Dias,Atento,2026-03-13 10:01:32,2026-03-13 10:11:46,614.0,2026-03-13,simulated
Escola Estadual Criança Esperança,Português,Professor_Bruno,eb3c72a0bb37fffc786f4ab3c5d9dcfeff614019a87ad1548133b55826c3b9fa,Bruno Dias,Distraido,2026-03-13 10:11:49,2026-03-13 10:13:58,129.0,2026-03-13,simulated
Escola Estadual Criança Esperança,Português,Professor_Bruno,eb3c72a0bb37fffc786f4ab3c5d9dcfeff614019a87ad1548133b55826c3b9fa,Bruno Dias,Perguntando,2026-03-13 10:14:00,2026-03-13 10:14:30,30.0,2026-03-13,simulated
Escola Estadual Criança Esperança,Português,Professor_Bruno,eb3c72a0bb37fffc786f4ab3c5d9dcfeff614019a87ad1548133b55826c3b9fa,Bruno Dias,Distraido,2026-03-13 10:14:34,2026-03-13 10:17:23,169.0,2026-03-13,simulated
Escola Estadual Criança Esperança,Português,Professor_Bruno,eb3c72a0bb37fffc786f4ab3c5d9dcfeff614019a87ad1548133b55826c3b9fa,Bruno Dias,Dormindo,2026-03-13 10:17:27,2026-03-13 10:19:30,123.0,2026-03-13,simulated
Escola Estadual Criança Esperança,Português,Professor_Bruno,eb3c72a0bb37fffc786f4ab3c5d9dcfeff614019a87ad1548133b55826c3b9fa,Bruno Dias,Atento,2026-03-13 10:19:32,2026-03-13 10:28:49,557.0,2026-03-13,simulated
Escola Estadual Criança Esperança,Português,Professor_Bruno,eb3c72a0bb37fffc786f4ab3c5d9dcfeff614019a87ad1548133b55826c3b9fa,Bruno Dias,Distraido,2026-03-13 10:28:55,2026-03-13 10:31:54,179.0,2026-03-13,simulated
Escola Estadual Criança Esperança,Português,Professor_Bruno,eb3c72a0bb37fffc786f4ab3c5d9dcfeff614019a87ad1548133b55826c3b9fa,Bruno Dias,Agitado,2026-03-13 10:31:54,2026-03-13 10:33:17,83.0,2026-03-13,simulated
Escola Estadual Criança Esperança,Português,Professor_Bruno,eb3c72a0bb37fffc786f4ab3c5d9dcfeff614019a87ad1548133b55826c3b9fa,Bruno Dias,Atento,2026-03-13 10:33:19,2026-03-13 10:44:02,643.0,2026-03-13,simulated
Escola Estadual Criança Esperança,Português,Professor_Bruno,eb3c72a0bb37fffc786f4ab3c5d9dcfeff614019a87ad1548133b55826c3b9fa,Bruno Dias,Dormindo,2026-03-13 10:44:04,2026-03-13 10:47:50,226.0,2026-03-13,simulated
Escola Estadual Criança Esperança,Português,Professor_Bruno,eb3c72a0bb37fffc786f4ab3c5d9dcfeff614019a87ad1548133b55826c3b9fa,Bruno Dias,Distraido,2026-03-13 10:47:53,2026-03-13 10:48:51,58.0,2026-03-13,simulated
Escola Estadual Criança Esperança,Português,Professor_Bruno,eb3c72a0bb37fffc786f4ab3c5d9dcfeff614019a87ad1548133b55826c3b9fa,Bruno Dias,Atento,2026-03-13 10:48:55,2026-03-13 10:56:36,461.0,2026-03-13,simulated
Escola Estadual Criança Esperança,Português,Professor_Bruno,eb3c72a0bb37fffc786f4ab3c5d9dcfeff614019a87ad1548133b55826c3b9fa,Bruno Dias,Agitado,2026-03-13 10:56:38,2026-03-13 10:57:49,71.0,2026-03-13,simulated
Escola Estadual Criança Esperança,Português,Professor_Bruno,eb3c72a0bb37fffc786f4ab3c5d9dcfeff614019a87ad1548133b55826c3b9fa,Bruno Dias,Atento,2026-03-13 10:57:51,2026-03-13 11:06:27,516.0,2026-03-13,simulated
Escola Estadual Criança Esperança,Português,Professor_Bruno,eb3c72a0bb37fffc786f4ab3c5d9dcfeff614019a87ad1548133b55826c3b9fa,Bruno Dias,Distraido,2026-03-13 11:06:28,2026-03-13 11:07:23,55.0,2026-03-13,simulated
Escola Estadual Criança Esperança,Português,Professor_Bruno,eb3c72a0bb37fffc786f4ab3c5d9dcfeff614019a87ad1548133b55826c3b9fa,Bruno Dias,Atento,2026-03-13 11:07:26,2026-03-13 11:18:38,672.0,2026-03-13,simulated
Escola Estadual Criança Esperança,Português,Professor_Bruno,eb3c72a0bb37fffc786f4ab3c5d9dcfeff614019a87ad1548133b55826c3b9fa,Bruno Dias,Agitado,2026-03-13 11:18:42,2026-03-13 11:19:59,77.0,2026-03-13,simulated
Escola Estadual Criança Esperança,Português,Professor_Bruno,eb3c72a0bb37fffc786f4ab3c5d9dcfeff614019a87ad1548133b55826c3b9fa,Bruno Dias,Perguntando,2026-03-13 11:20:03,2026-03-13 11:20:37,34.0,2026-03-13,simulated
Escola Estadual Criança Esperança,Português,Professor_Bruno,eb3c72a0bb37fffc786f4ab3c5d9dcfeff614019a87ad1548133b55826c3b9fa,Bruno Dias,Atento,2026-03-13 11:20:41,2026-03-13 11:28:58,497.0,2026-03-13,simulated
Escola Estadual Criança Esperança,Português,Professor_Bruno,eb3c72a0bb37fffc786f4ab3c5d9dcfeff614019a87ad1548133b55826c3b9fa,Bruno Dias,Agitado,2026-03-13 11:29:01,2026-03-13 11:30:12,71.0,2026-03-13,simulated
Escola Estadual Criança Esperança,Português,Professor_Bruno,eb3c72a0bb37fffc786f4ab3c5d9dcfeff614019a87ad1548133b55826c3b9fa,Bruno Dias,Distraido,2026-03-13 11:30:17,2026-03-13 11:32:53,156.0,2026-03-13,simulated
Escola Estadual Criança Esperança,Português,Professor_Bruno,eb3c72a0bb37fffc786f4ab3c5d9dcfeff614019a87ad1548133b55826c3b9fa,Bruno Dias,Perguntando,2026-03-13 11:32:53,2026-03-13 11:33:31,38.0,2026-03-13,simulated
Escola Estadual Criança Esperança,Português,Professor_Bruno,eb3c72a0bb37fffc786f4ab3c5d9dcfeff614019a87ad1548133b55826c3b9fa,Bruno Dias,Dormindo,2026-03-13 11:33:34,2026-03-13 11:35:36,122.0,2026-03-13,simulated
Escola Estadual Criança Esperança,Português,Professor_Bruno,eb3c72a0bb37fffc786f4ab3c5d9dcfeff614019a87ad1548133b55826c3b9fa,Bruno Dias,Perguntando,2026-03-13 11:35:40,2026-03-13 11:36:18,38.0,2026-03-13,simulated
Escola Estadual Criança Esperança,Português,Professor_Bruno,eb3c72a0bb37fffc786f4ab3c5d9dcfeff614019a87ad1548133b55826c3b9fa,Bruno Dias,Distraido,2026-03-13 11:36:25,2026-03-13 11:38:06,101.0,2026-03-13,simulated
Escola Estadual Criança Esperança,Português,Professor_Bruno,eb3c72a0bb37fffc786f4ab3c5d9dcfeff614019a87ad1548133b55826c3b9fa,Bruno Dias,Atento,2026-03-13 11:38:09,2026-03-13 11:44:00,351.0,2026-03-13,simulated
Escola Estadual Criança Esperança,Português,Professor_Bruno,dc9a95b5ba8bb57ac1e73ab7f8c125406ac4da1026d061aaf30426faf91b662f,Ruti da Costa Lima,Distraido,2026-03-13 08:06:00,2026-03-13 08:08:29,149.0,2026-03-13,simulated
Escola Estadual Criança Esperança,Português,Professor_Bruno,dc9a95b5ba8bb57ac1e73ab7f8c125406ac4da1026d061aaf30426faf91b662f,Ruti da Costa Lima,Dormindo,2026-03-13 08:08:32,2026-03-13 08:10:28,116.0,2026-03-13,simulated
Escola Estadual Criança Esperança,Português,Professor_Bruno,dc9a95b5ba8bb57ac1e73ab7f8c125406ac4da1026d061aaf30426faf91b662f,Ruti da Costa Lima,Atento,2026-03-13 08:10:33,2026-03-13 08:22:08,695.0,2026-03-13,simulated
Escola Estadual Criança Esperança,Português,Professor_Bruno,dc9a95b5ba8bb57ac1e73ab7f8c125406ac4da1026d061aaf30426faf91b662f,Ruti da Costa Lima,Dormindo,2026-03-13 08:22:16,2026-03-13 08:24:20,124.0,2026-03-13,simulated
Escola Estadual Criança Esperança,Português,Professor_Bruno,dc9a95b5ba8bb57ac1e73ab7f8c125406ac4da1026d061aaf30426faf91b662f,Ruti da Costa Lima,Atento,2026-03-13 08:24:24,2026-03-13 08:32:37,493.0,2026-03-13,simulated
Escola Estadual Criança Esperança,Português,Professor_Bruno,dc9a95b5ba8bb57ac1e73ab7f8c125406ac4da1026d061aaf30426faf91b662f,Ruti da Costa Lima,Dormindo,2026-03-13 08:32:39,2026-03-13 08:36:51,252.0,2026-03-13,simulated
Escola Estadual Criança Esperança,Português,Professor_Bruno,dc9a95b5ba8bb57ac1e73ab7f8c125406ac4da1026d061aaf30426faf91b662f,Ruti da Costa Lima,Agitado,2026-03-13 08:36:52,2026-03-13 08:37:52,60.0,2026-03-13,simulated
Escola Estadual Criança Esperança,Português,Professor_Bruno,dc9a95b5ba8bb57ac1e73ab7f8c125406ac4da1026d061aaf30426faf91b662f,Ruti da Costa Lima,Perguntando,2026-03-13 08:37:56,2026-03-13 08:38:13,17.0,2026-03-13,simulated
Escola Estadual Criança Esperança,Português,Professor_Bruno,dc9a95b5ba8bb57ac1e73ab7f8c125406ac4da1026d061aaf30426faf91b662f,Ruti da Costa Lima,Distraido,2026-03-13 08:38:18,2026-03-13 08:41:00,162.0,2026-03-13,simulated
Escola Estadual Criança Esperança,Português,Professor_Bruno,dc9a95b5ba8bb57ac1e73ab7f8c125406ac4da1026d061aaf30426faf91b662f,Ruti da Costa Lima,Dormindo,2026-03-13 08:41:07,2026-03-13 08:43:43,156.0,2026-03-13,simulated
Escola Estadual Criança Esperança,Português,Professor_Bruno,dc9a95b5ba8bb57ac1e73ab7f8c125406ac4da1026d061aaf30426faf91b662f,Ruti da Costa Lima,Distraido,2026-03-13 08:43:43,2026-03-13 08:44:57,74.0,2026-03-13,simulated
Escola Estadual Criança Esperança,Português,Professor_Bruno,dc9a95b5ba8bb57ac1e73ab7f8c125406ac4da1026d061aaf30426faf91b662f,Ruti da Costa Lima,Atento,2026-03-13 08:45:03,2026-03-13 08:54:24,561.0,2026-03-13,simulated
Escola Estadual Criança Esperança,Português,Professor_Bruno,dc9a95b5ba8bb57ac1e73ab7f8c125406ac4da1026d061aaf30426faf91b662f,Ruti da Costa Lima,Perguntando,2026-03-13 08:54:31,2026-03-13 08:54:44,13.0,2026-03-13,simulated
Escola Estadual Criança Esperança,Português,Professor_Bruno,dc9a95b5ba8bb57ac1e73ab7f8c125406ac4da1026d061aaf30426faf91b662f,Ruti da Costa Lima,Distraido,2026-03-13 08:54:50,2026-03-13 08:55:59,69.0,2026-03-13,simulated
Escola Estadual Criança Esperança,Português,Professor_Bruno,dc9a95b5ba8bb57ac1e73ab7f8c125406ac4da1026d061aaf30426faf91b662f,Ruti da Costa Lima,Agitado,2026-03-13 08:56:07,2026-03-13 08:57:16,69.0,2026-03-13,simulated
Escola Estadual Criança Esperança,Português,Professor_Bruno,dc9a95b5ba8bb57ac1e73ab7f8c125406ac4da1026d061aaf30426faf91b662f,Ruti da Costa Lima,Dormindo,2026-03-13 08:57:23,2026-03-13 08:58:47,84.0,2026-03-13,simulated
Escola Estadual Criança Esperança,Português,Professor_Bruno,dc9a95b5ba8bb57ac1e73ab7f8c125406ac4da1026d061aaf30426faf91b662f,Ruti da Costa Lima,Distraido,2026-03-13 08:58:52,2026-03-13 09:01:02,130.0,2026-03-13,simulated
Escola Estadual Criança Esperança,Português,Professor_Bruno,dc9a95b5ba8bb57ac1e73ab7f8c125406ac4da1026d061aaf30426faf91b662f,Ruti da Costa Lima,Dormindo,2026-03-13 09:01:05,2026-03-13 09:04:07,182.0,2026-03-13,simulated
Escola Estadual Criança Esperança,Português,Professor_Bruno,dc9a95b5ba8bb57ac1e73ab7f8c125406ac4da1026d061aaf30426faf91b662f,Ruti da Costa Lima,Agitado,2026-03-13 09:04:11,2026-03-13 09:05:14,63.0,2026-03-13,simulated
Escola Estadual Criança Esperança,Português,Professor_Bruno,dc9a95b5ba8bb57ac1e73ab7f8c125406ac4da1026d061aaf30426faf91b662f,Ruti da Costa Lima,Dormindo,2026-03-13 09:05:17,2026-03-13 09:09:52,275.0,2026-03-13,simulated
Escola Estadual Criança Esperança,Português,Professor_Bruno,dc9a95b5ba8bb57ac1e73ab7f8c125406ac4da1026d061aaf30426faf91b662f,Ruti da Costa Lima,Atento,2026-03-13 09:09:52,2026-03-13 09:20:16,624.0,2026-03-13,simulated
Escola Estadual Criança Esperança,Português,Professor_Bruno,dc9a95b5ba8bb57ac1e73ab7f8c125406ac4da1026d061aaf30426faf91b662f,Ruti da Costa Lima,Perguntando,2026-03-13 09:20:21,2026-03-13 09:20:45,24.0,2026-03-13,simulated
Escola Estadual Criança Esperança,Português,Professor_Bruno,dc9a95b5ba8bb57ac1e73ab7f8c125406ac4da1026d061aaf30426faf91b662f,Ruti da Costa Lima,Dormindo,2026-03-13 09:20:47,2026-03-13 09:24:07,200.0,2026-03-13,simulated
Escola Estadual Criança Esperança,Português,Professor_Bruno,dc9a95b5ba8bb57ac1e73ab7f8c125406ac4da1026d061aaf30426faf91b662f,Ruti da Costa Lima,Agitado,2026-03-13 09:24:13,2026-03-13 09:24:50,37.0,2026-03-13,simulated
Escola Estadual Criança Esperança,Português,Professor_Bruno,dc9a95b5ba8bb57ac1e73ab7f8c125406ac4da1026d061aaf30426faf91b662f,Ruti da Costa Lima,Dormindo,2026-03-13 09:24:53,2026-03-13 09:29:11,258.0,2026-03-13,simulated
Escola Estadual Criança Esperança,Português,Professor_Bruno,dc9a95b5ba8bb57ac1e73ab7f8c125406ac4da1026d061aaf30426faf91b662f,Ruti da Costa Lima,Atento,2026-03-13 09:29:13,2026-03-13 09:39:30,617.0,2026-03-13,simulated
Escola Estadual Criança Esperança,Português,Professor_Bruno,dc9a95b5ba8bb57ac1e73ab7f8c125406ac4da1026d061aaf30426faf91b662f,Ruti da Costa Lima,Dormindo,2026-03-13 09:39:34,2026-03-13 09:42:05,151.0,2026-03-13,simulated
Escola Estadual Criança Esperança,Português,Professor_Bruno,dc9a95b5ba8bb57ac1e73ab7f8c125406ac4da1026d061aaf30426faf91b662f,Ruti da Costa Lima,Atento,2026-03-13 09:42:10,2026-03-13 09:50:28,498.0,2026-03-13,simulated
Escola Estadual Criança Esperança,Português,Professor_Bruno,dc9a95b5ba8bb57ac1e73ab7f8c125406ac4da1026d061aaf30426faf91b662f,Ruti da Costa Lima,Distraido,2026-03-13 09:50:28,2026-03-13 09:51:41,73.0,2026-03-13,simulated
Escola Estadual Criança Esperança,Português,Professor_Bruno,dc9a95b5ba8bb57ac1e73ab7f8c125406ac4da1026d061aaf30426faf91b662f,Ruti da Costa Lima,Dormindo,2026-03-13 09:51:41,2026-03-13 09:56:02,261.0,2026-03-13,simulated
Escola Estadual Criança Esperança,Português,Professor_Bruno,dc9a95b5ba8bb57ac1e73ab7f8c125406ac4da1026d061aaf30426faf91b662f,Ruti da Costa Lima,Atento,2026-03-13 09:56:06,2026-03-13 10:04:16,490.0,2026-03-13,simulated
Escola Estadual Criança Esperança,Português,Professor_Bruno,dc9a95b5ba8bb57ac1e73ab7f8c125406ac4da1026d061aaf30426faf91b662f,Ruti da Costa Lima,Distraido,2026-03-13 10:04:18,2026-03-13 10:06:12,114.0,2026-03-13,simulated
Escola Estadual Criança Esperança,Português,Professor_Bruno,dc9a95b5ba8bb57ac1e73ab7f8c125406ac4da1026d061aaf30426faf91b662f,Ruti da Costa Lima,Dormindo,2026-03-13 10:06:15,2026-03-13 10:09:24,189.0,2026-03-13,simulated
Escola Estadual Criança Esperança,Português,Professor_Bruno,dc9a95b5ba8bb57ac1e73ab7f8c125406ac4da1026d061aaf30426faf91b662f,Ruti da Costa Lima,Distraido,2026-03-13 10:09:27,2026-03-13 10:11:23,116.0,2026-03-13,simulated
Escola Estadual Criança Esperança,Português,Professor_Bruno,dc9a95b5ba8bb57ac1e73ab7f8c125406ac4da1026d061aaf30426faf91b662f,Ruti da Costa Lima,Atento,2026-03-13 10:11:23,2026-03-13 10:21:09,586.0,2026-03-13,simulated
Escola Estadual Criança Esperança,Português,Professor_Bruno,dc9a95b5ba8bb57ac1e73ab7f8c125406ac4da1026d061aaf30426faf91b662f,Ruti da Costa Lima,Dormindo,2026-03-13 10:21:14,2026-03-13 10:23:16,122.0,2026-03-13,simulated
Escola Estadual Criança Esperança,Português,Professor_Bruno,dc9a95b5ba8bb57ac1e73ab7f8c125406ac4da1026d061aaf30426faf91b662f,Ruti da Costa Lima,Atento,2026-03-13 10:23:20,2026-03-13 10:34:50,690.0,2026-03-13,simulated
Escola Estadual Criança Esperança,Português,Professor_Bruno,dc9a95b5ba8bb57ac1e73ab7f8c125406ac4da1026d061aaf30426faf91b662f,Ruti da Costa Lima,Distraido,2026-03-13 10:34:57,2026-03-13 10:37:21,144.0,2026-03-13,simulated
Escola Estadual Criança Esperança,Português,Professor_Bruno,dc9a95b5ba8bb57ac1e73ab7f8c125406ac4da1026d061aaf30426faf91b662f,Ruti da Costa Lima,Agitado,2026-03-13 10:37:27,2026-03-13 10:37:48,21.0,2026-03-13,simulated
Escola Estadual Criança Esperança,Português,Professor_Bruno,dc9a95b5ba8bb57ac1e73ab7f8c125406ac4da1026d061aaf30426faf91b662f,Ruti da Costa Lima,Dormindo,2026-03-13 10:37:49,2026-03-13 10:39:26,97.0,2026-03-13,simulated
Escola Estadual Criança Esperança,Português,Professor_Bruno,dc9a95b5ba8bb57ac1e73ab7f8c125406ac4da1026d061aaf30426faf91b662f,Ruti da Costa Lima,Distraido,2026-03-13 10:39:34,2026-03-13 10:41:13,99.0,2026-03-13,simulated
Escola Estadual Criança Esperança,Português,Professor_Bruno,dc9a95b5ba8bb57ac1e73ab7f8c125406ac4da1026d061aaf30426faf91b662f,Ruti da Costa Lima,Dormindo,2026-03-13 10:41:21,2026-03-13 10:45:44,263.0,2026-03-13,simulated
Escola Estadual Criança Esperança,Português,Professor_Bruno,dc9a95b5ba8bb57ac1e73ab7f8c125406ac4da1026d061aaf30426faf91b662f,Ruti da Costa Lima,Distraido,2026-03-13 10:45:45,2026-03-13 10:48:20,155.0,2026-03-13,simulated
Escola Estadual Criança Esperança,Português,Professor_Bruno,dc9a95b5ba8bb57ac1e73ab7f8c125406ac4da1026d061aaf30426faf91b662f,Ruti da Costa Lima,Dormindo,2026-03-13 10:48:23,2026-03-13 10:52:37,254.0,2026-03-13,simulated
Escola Estadual Criança Esperança,Português,Professor_Bruno,dc9a95b5ba8bb57ac1e73ab7f8c125406ac4da1026d061aaf30426faf91b662f,Ruti da Costa Lima,Agitado,2026-03-13 10:52:37,2026-03-13 10:53:34,57.0,2026-03-13,simulated
Escola Estadual Criança Esperança,Português,Professor_Bruno,dc9a95b5ba8bb57ac1e73ab7f8c125406ac4da1026d061aaf30426faf91b662f,Ruti da Costa Lima,Dormindo,2026-03-13 10:53:38,2026-03-13 10:57:04,206.0,2026-03-13,simulated
Escola Estadual Criança Esperança,Português,Professor_Bruno,dc9a95b5ba8bb57ac1e73ab7f8c125406ac4da1026d061aaf30426faf91b662f,Ruti da Costa Lima,Atento,2026-03-13 10:57:06,2026-03-13 11:04:25,439.0,2026-03-13,simulated
Escola Estadual Criança Esperança,Português,Professor_Bruno,dc9a95b5ba8bb57ac1e73ab7f8c125406ac4da1026d061aaf30426faf91b662f,Ruti da Costa Lima,Distraido,2026-03-13 11:04:26,2026-03-13 11:06:45,139.0,2026-03-13,simulated
Escola Estadual Criança Esperança,Português,Professor_Bruno,dc9a95b5ba8bb57ac1e73ab7f8c125406ac4da1026d061aaf30426faf91b662f,Ruti da Costa Lima,Perguntando,2026-03-13 11:06:48,2026-03-13 11:07:01,13.0,2026-03-13,simulated
Escola Estadual Criança Esperança,Português,Professor_Bruno,dc9a95b5ba8bb57ac1e73ab7f8c125406ac4da1026d061aaf30426faf91b662f,Ruti da Costa Lima,Dormindo,2026-03-13 11:07:03,2026-03-13 11:11:52,289.0,2026-03-13,simulated
Escola Estadual Criança Esperança,Português,Professor_Bruno,dc9a95b5ba8bb57ac1e73ab7f8c125406ac4da1026d061aaf30426faf91b662f,Ruti da Costa Lima,Agitado,2026-03-13 11:12:00,2026-03-13 11:13:15,75.0,2026-03-13,simulated
Escola Estadual Criança Esperança,Português,Professor_Bruno,dc9a95b5ba8bb57ac1e73ab7f8c125406ac4da1026d061aaf30426faf91b662f,Ruti da Costa Lima,Distraido,2026-03-13 11:13:19,2026-03-13 11:16:12,173.0,2026-03-13,simulated
Escola Estadual Criança Esperança,Português,Professor_Bruno,dc9a95b5ba8bb57ac1e73ab7f8c125406ac4da1026d061aaf30426faf91b662f,Ruti da Costa Lima,Dormindo,2026-03-13 11:16:13,2026-03-13 11:19:52,219.0,2026-03-13,simulated
Escola Estadual Criança Esperança,Português,Professor_Bruno,dc9a95b5ba8bb57ac1e73ab7f8c125406ac4da1026d061aaf30426faf91b662f,Ruti da Costa Lima,Atento,2026-03-13 11:19:59,2026-03-13 11:30:10,611.0,2026-03-13,simulated
Escola Estadual Criança Esperança,Português,Professor_Bruno,dc9a95b5ba8bb57ac1e73ab7f8c125406ac4da1026d061aaf30426faf91b662f,Ruti da Costa Lima,Agitado,2026-03-13 11:30:10,2026-03-13 11:31:09,59.0,2026-03-13,simulated
Escola Estadual Criança Esperança,Português,Professor_Bruno,dc9a95b5ba8bb57ac1e73ab7f8c125406ac4da1026d061aaf30426faf91b662f,Ruti da Costa Lima,Dormindo,2026-03-13 11:31:14,2026-03-13 11:34:39,205.0,2026-03-13,simulated
Escola Estadual Criança Esperança,Português,Professor_Bruno,dc9a95b5ba8bb57ac1e73ab7f8c125406ac4da1026d061aaf30426faf91b662f,Ruti da Costa Lima,Atento,2026-03-13 11:34:39,2026-03-13 11:43:44,545.0,2026-03-13,simulated
Escola Estadual Criança Esperança,Português,Professor_Bruno,dc9a95b5ba8bb57ac1e73ab7f8c125406ac4da1026d061aaf30426faf91b662f,Ruti da Costa Lima,Dormindo,2026-03-13 11:43:46,2026-03-13 11:46:00,134.0,2026-03-13,simulated
Escola Estadual Criança Esperança,Português,Professor_Bruno,1f5624d608f5310226c28aebea723be5755bef49bd56f7361fb66357f10133e5,Paullo Geovanne,Atento,2026-03-13 08:08:00,2026-03-13 08:14:59,419.0,2026-03-13,simulated
Escola Estadual Criança Esperança,Português,Professor_Bruno,1f5624d608f5310226c28aebea723be5755bef49bd56f7361fb66357f10133e5,Paullo Geovanne,Perguntando,2026-03-13 08:14:59,2026-03-13 08:15:32,33.0,2026-03-13,simulated
Escola Estadual Criança Esperança,Português,Professor_Bruno,1f5624d608f5310226c28aebea723be5755bef49bd56f7361fb66357f10133e5,Paullo Geovanne,Distraido,2026-03-13 08:15:33,2026-03-13 08:16:34,61.0,2026-03-13,simulated
Escola Estadual Criança Esperança,Português,Professor_Bruno,1f5624d608f5310226c28aebea723be5755bef49bd56f7361fb66357f10133e5,Paullo Geovanne,Atento,2026-03-13 08:16:41,2026-03-13 08:22:11,330.0,2026-03-13,simulated
Escola Estadual Criança Esperança,Português,Professor_Bruno,1f5624d608f5310226c28aebea723be5755bef49bd56f7361fb66357f10133e5,Paullo Geovanne,Distraido,2026-03-13 08:22:15,2026-03-13 08:24:36,141.0,2026-03-13,simulated
Escola Estadual Criança Esperança,Português,Professor_Bruno,1f5624d608f5310226c28aebea723be5755bef49bd56f7361fb66357f10133e5,Paullo Geovanne,Atento,2026-03-13 08:24:42,2026-03-13 08:33:17,515.0,2026-03-13,simulated
Escola Estadual Criança Esperança,Português,Professor_Bruno,1f5624d608f5310226c28aebea723be5755bef49bd56f7361fb66357f10133e5,Paullo Geovanne,Perguntando,2026-03-13 08:33:17,2026-03-13 08:33:44,27.0,2026-03-13,simulated
Escola Estadual Criança Esperança,Português,Professor_Bruno,1f5624d608f5310226c28aebea723be5755bef49bd56f7361fb66357f10133e5,Paullo Geovanne,Atento,2026-03-13 08:33:45,2026-03-13 08:39:55,370.0,2026-03-13,simulated
Escola Estadual Criança Esperança,Português,Professor_Bruno,1f5624d608f5310226c28aebea723be5755bef49bd56f7361fb66357f10133e5,Paullo Geovanne,Distraido,2026-03-13 08:39:56,2026-03-13 08:40:57,61.0,2026-03-13,simulated
Escola Estadual Criança Esperança,Português,Professor_Bruno,1f5624d608f5310226c28aebea723be5755bef49bd56f7361fb66357f10133e5,Paullo Geovanne,Atento,2026-03-13 08:40:59,2026-03-13 08:49:47,528.0,2026-03-13,simulated
Escola Estadual Criança Esperança,Português,Professor_Bruno,1f5624d608f5310226c28aebea723be5755bef49bd56f7361fb66357f10133e5,Paullo Geovanne,Agitado,2026-03-13 08:49:55,2026-03-13 08:51:12,77.0,2026-03-13,simulated
Escola Estadual Criança Esperança,Português,Professor_Bruno,1f5624d608f5310226c28aebea723be5755bef49bd56f7361fb66357f10133e5,Paullo Geovanne,Atento,2026-03-13 08:51:14,2026-03-13 08:59:56,522.0,2026-03-13,simulated
Escola Estadual Criança Esperança,Português,Professor_Bruno,1f5624d608f5310226c28aebea723be5755bef49bd56f7361fb66357f10133e5,Paullo Geovanne,Perguntando,2026-03-13 08:59:57,2026-03-13 09:00:35,38.0,2026-03-13,simulated
Escola Estadual Criança Esperança,Português,Professor_Bruno,1f5624d608f5310226c28aebea723be5755bef49bd56f7361fb66357f10133e5,Paullo Geovanne,Atento,2026-03-13 09:00:43,2026-03-13 09:11:52,669.0,2026-03-13,simulated
Escola Estadual Criança Esperança,Português,Professor_Bruno,1f5624d608f5310226c28aebea723be5755bef49bd56f7361fb66357f10133e5,Paullo Geovanne,Distraido,2026-03-13 09:11:58,2026-03-13 09:12:58,60.0,2026-03-13,simulated
Escola Estadual Criança Esperança,Português,Professor_Bruno,1f5624d608f5310226c28aebea723be5755bef49bd56f7361fb66357f10133e5,Paullo Geovanne,Atento,2026-03-13 09:13:00,2026-03-13 09:21:36,516.0,2026-03-13,simulated
Escola Estadual Criança Esperança,Português,Professor_Bruno,1f5624d608f5310226c28aebea723be5755bef49bd56f7361fb66357f10133e5,Paullo Geovanne,Perguntando,2026-03-13 09:21:41,2026-03-13 09:21:57,16.0,2026-03-13,simulated
Escola Estadual Criança Esperança,Português,Professor_Bruno,1f5624d608f5310226c28aebea723be5755bef49bd56f7361fb66357f10133e5,Paullo Geovanne,Atento,2026-03-13 09:22:05,2026-03-13 09:28:30,385.0,2026-03-13,simulated
Escola Estadual Criança Esperança,Português,Professor_Bruno,1f5624d608f5310226c28aebea723be5755bef49bd56f7361fb66357f10133e5,Paullo Geovanne,Perguntando,2026-03-13 09:28:32,2026-03-13 09:29:06,34.0,2026-03-13,simulated
Escola Estadual Criança Esperança,Português,Professor_Bruno,1f5624d608f5310226c28aebea723be5755bef49bd56f7361fb66357f10133e5,Paullo Geovanne,Atento,2026-03-13 09:29:07,2026-03-13 09:36:13,426.0,2026-03-13,simulated
Escola Estadual Criança Esperança,Português,Professor_Bruno,1f5624d608f5310226c28aebea723be5755bef49bd56f7361fb66357f10133e5,Paullo Geovanne,Dormindo,2026-03-13 09:36:13,2026-03-13 09:39:33,200.0,2026-03-13,simulated
Escola Estadual Criança Esperança,Português,Professor_Bruno,1f5624d608f5310226c28aebea723be5755bef49bd56f7361fb66357f10133e5,Paullo Geovanne,Atento,2026-03-13 09:39:34,2026-03-13 09:46:28,414.0,2026-03-13,simulated
Escola Estadual Criança Esperança,Português,Professor_Bruno,1f5624d608f5310226c28aebea723be5755bef49bd56f7361fb66357f10133e5,Paullo Geovanne,Perguntando,2026-03-13 09:46:33,2026-03-13 09:47:11,38.0,2026-03-13,simulated
Escola Estadual Criança Esperança,Português,Professor_Bruno,1f5624d608f5310226c28aebea723be5755bef49bd56f7361fb66357f10133e5,Paullo Geovanne,Atento,2026-03-13 09:47:17,2026-03-13 09:58:49,692.0,2026-03-13,simulated
Escola Estadual Criança Esperança,Português,Professor_Bruno,1f5624d608f5310226c28aebea723be5755bef49bd56f7361fb66357f10133e5,Paullo Geovanne,Distraido,2026-03-13 09:58:55,2026-03-13 09:59:48,53.0,2026-03-13,simulated
Escola Estadual Criança Esperança,Português,Professor_Bruno,1f5624d608f5310226c28aebea723be5755bef49bd56f7361fb66357f10133e5,Paullo Geovanne,Atento,2026-03-13 09:59:51,2026-03-13 10:08:58,547.0,2026-03-13,simulated
Escola Estadual Criança Esperança,Português,Professor_Bruno,1f5624d608f5310226c28aebea723be5755bef49bd56f7361fb66357f10133e5,Paullo Geovanne,Perguntando,2026-03-13 10:09:03,2026-03-13 10:09:39,36.0,2026-03-13,simulated
Escola Estadual Criança Esperança,Português,Professor_Bruno,1f5624d608f5310226c28aebea723be5755bef49bd56f7361fb66357f10133e5,Paullo Geovanne,Atento,2026-03-13 10:09:40,2026-03-13 10:17:13,453.0,2026-03-13,simulated
Escola Estadual Criança Esperança,Português,Professor_Bruno,1f5624d608f5310226c28aebea723be5755bef49bd56f7361fb66357f10133e5,Paullo Geovanne,Perguntando,2026-03-13 10:17:18,2026-03-13 10:17:47,29.0,2026-03-13,simulated
Escola Estadual Criança Esperança,Português,Professor_Bruno,1f5624d608f5310226c28aebea723be5755bef49bd56f7361fb66357f10133e5,Paullo Geovanne,Atento,2026-03-13 10:17:49,2026-03-13 10:28:51,662.0,2026-03-13,simulated
Escola Estadual Criança Esperança,Português,Professor_Bruno,1f5624d608f5310226c28aebea723be5755bef49bd56f7361fb66357f10133e5,Paullo Geovanne,Agitado,2026-03-13 10:28:59,2026-03-13 10:30:06,67.0,2026-03-13,simulated
Escola Estadual Criança Esperança,Português,Professor_Bruno,1f5624d608f5310226c28aebea723be5755bef49bd56f7361fb66357f10133e5,Paullo Geovanne,Atento,2026-03-13 10:30:10,2026-03-13 10:40:20,610.0,2026-03-13,simulated
Escola Estadual Criança Esperança,Português,Professor_Bruno,1f5624d608f5310226c28aebea723be5755bef49bd56f7361fb66357f10133e5,Paullo Geovanne,Perguntando,2026-03-13 10:40:27,2026-03-13 10:40:53,26.0,2026-03-13,simulated
Escola Estadual Criança Esperança,Português,Professor_Bruno,1f5624d608f5310226c28aebea723be5755bef49bd56f7361fb66357f10133e5,Paullo Geovanne,Agitado,2026-03-13 10:40:57,2026-03-13 10:42:27,90.0,2026-03-13,simulated
Escola Estadual Criança Esperança,Português,Professor_Bruno,1f5624d608f5310226c28aebea723be5755bef49bd56f7361fb66357f10133e5,Paullo Geovanne,Perguntando,2026-03-13 10:42:32,2026-03-13 10:42:50,18.0,2026-03-13,simulated
Escola Estadual Criança Esperança,Português,Professor_Bruno,1f5624d608f5310226c28aebea723be5755bef49bd56f7361fb66357f10133e5,Paullo Geovanne,Atento,2026-03-13 10:42:57,2026-03-13 10:51:00,483.0,2026-03-13,simulated
Escola Estadual Criança Esperança,Português,Professor_Bruno,1f5624d608f5310226c28aebea723be5755bef49bd56f7361fb66357f10133e5,Paullo Geovanne,Atento,2026-03-13 10:51:07,2026-03-13 10:56:16,309.0,2026-03-13,simulated
Escola Estadual Criança Esperança,Português,Professor_Bruno,1f5624d608f5310226c28aebea723be5755bef49bd56f7361fb66357f10133e5,Paullo Geovanne,Distraido,2026-03-13 10:56:20,2026-03-13 10:57:40,80.0,2026-03-13,simulated
Escola Estadual Criança Esperança,Português,Professor_Bruno,1f5624d608f5310226c28aebea723be5755bef49bd56f7361fb66357f10133e5,Paullo Geovanne,Atento,2026-03-13 10:57:43,2026-03-13 11:09:34,711.0,2026-03-13,simulated
Escola Estadual Criança Esperança,Português,Professor_Bruno,1f5624d608f5310226c28aebea723be5755bef49bd56f7361fb66357f10133e5,Paullo Geovanne,Dormindo,2026-03-13 11:09:34,2026-03-13 11:10:51,77.0,2026-03-13,simulated
Escola Estadual Criança Esperança,Português,Professor_Bruno,1f5624d608f5310226c28aebea723be5755bef49bd56f7361fb66357f10133e5,Paullo Geovanne,Atento,2026-03-13 11:10:58,2026-03-13 11:17:20,382.0,2026-03-13,simulated
Escola Estadual Criança Esperança,Português,Professor_Bruno,1f5624d608f5310226c28aebea723be5755bef49bd56f7361fb66357f10133e5,Paullo Geovanne,Distraido,2026-03-13 11:17:21,2026-03-13 11:18:45,84.0,2026-03-13,simulated
Escola Estadual Criança Esperança,Português,Professor_Bruno,1f5624d608f5310226c28aebea723be5755bef49bd56f7361fb66357f10133e5,Paullo Geovanne,Atento,2026-03-13 11:18:49,2026-03-13 11:30:09,680.0,2026-03-13,simulated
Escola Estadual Criança Esperança,Português,Professor_Bruno,1f5624d608f5310226c28aebea723be5755bef49bd56f7361fb66357f10133e5,Paullo Geovanne,Atento,2026-03-13 11:30:11,2026-03-13 11:37:16,425.0,2026-03-13,simulated
Escola Estadual Criança Esperança,Português,Professor_Bruno,1f5624d608f5310226c28aebea723be5755bef49bd56f7361fb66357f10133e5,Paullo Geovanne,Perguntando,2026-03-13 11:37:18,2026-03-13 11:37:51,33.0,2026-03-13,simulated
Escola Estadual Criança Esperança,Português,Professor_Bruno,1f5624d608f5310226c28aebea723be5755bef49bd56f7361fb66357f10133e5,Paullo Geovanne,Atento,2026-03-13 11:37:55,2026-03-13 11:48:00,605.0,2026-03-13,simulated
Escola Estadual Criança Esperança,Português,Professor_Bruno,1dd437c73ff9fac4d9f9c9c4ba29924a8d14d31aa348772e1944c31cacebce98,Thiago Campos,Agitado,2026-03-13 08:10:00,2026-03-13 08:10:43,43.0,2026-03-13,simulated
Escola Estadual Criança Esperança,Português,Professor_Bruno,1dd437c73ff9fac4d9f9c9c4ba29924a8d14d31aa348772e1944c31cacebce98,Thiago Campos,Perguntando,2026-03-13 08:10:48,2026-03-13 08:11:17,29.0,2026-03-13,simulated
Escola Estadual Criança Esperança,Português,Professor_Bruno,1dd437c73ff9fac4d9f9c9c4ba29924a8d14d31aa348772e1944c31cacebce98,Thiago Campos,Atento,2026-03-13 08:11:18,2026-03-13 08:17:45,387.0,2026-03-13,simulated
Escola Estadual Criança Esperança,Português,Professor_Bruno,1dd437c73ff9fac4d9f9c9c4ba29924a8d14d31aa348772e1944c31cacebce98,Thiago Campos,Perguntando,2026-03-13 08:17:46,2026-03-13 08:18:23,37.0,2026-03-13,simulated
Escola Estadual Criança Esperança,Português,Professor_Bruno,1dd437c73ff9fac4d9f9c9c4ba29924a8d14d31aa348772e1944c31cacebce98,Thiago Campos,Distraido,2026-03-13 08:18:23,2026-03-13 08:21:15,172.0,2026-03-13,simulated
Escola Estadual Criança Esperança,Português,Professor_Bruno,1dd437c73ff9fac4d9f9c9c4ba29924a8d14d31aa348772e1944c31cacebce98,Thiago Campos,Perguntando,2026-03-13 08:21:21,2026-03-13 08:21:53,32.0,2026-03-13,simulated
Escola Estadual Criança Esperança,Português,Professor_Bruno,1dd437c73ff9fac4d9f9c9c4ba29924a8d14d31aa348772e1944c31cacebce98,Thiago Campos,Atento,2026-03-13 08:21:58,2026-03-13 08:31:59,601.0,2026-03-13,simulated
Escola Estadual Criança Esperança,Português,Professor_Bruno,1dd437c73ff9fac4d9f9c9c4ba29924a8d14d31aa348772e1944c31cacebce98,Thiago Campos,Dormindo,2026-03-13 08:32:05,2026-03-13 08:35:48,223.0,2026-03-13,simulated
Escola Estadual Criança Esperança,Português,Professor_Bruno,1dd437c73ff9fac4d9f9c9c4ba29924a8d14d31aa348772e1944c31cacebce98,Thiago Campos,Atento,2026-03-13 08:35:49,2026-03-13 08:42:49,420.0,2026-03-13,simulated
Escola Estadual Criança Esperança,Português,Professor_Bruno,1dd437c73ff9fac4d9f9c9c4ba29924a8d14d31aa348772e1944c31cacebce98,Thiago Campos,Perguntando,2026-03-13 08:42:57,2026-03-13 08:43:29,32.0,2026-03-13,simulated
Escola Estadual Criança Esperança,Português,Professor_Bruno,1dd437c73ff9fac4d9f9c9c4ba29924a8d14d31aa348772e1944c31cacebce98,Thiago Campos,Dormindo,2026-03-13 08:43:37,2026-03-13 08:45:08,91.0,2026-03-13,simulated
Escola Estadual Criança Esperança,Português,Professor_Bruno,1dd437c73ff9fac4d9f9c9c4ba29924a8d14d31aa348772e1944c31cacebce98,Thiago Campos,Distraido,2026-03-13 08:45:12,2026-03-13 08:46:17,65.0,2026-03-13,simulated
Escola Estadual Criança Esperança,Português,Professor_Bruno,1dd437c73ff9fac4d9f9c9c4ba29924a8d14d31aa348772e1944c31cacebce98,Thiago Campos,Agitado,2026-03-13 08:46:18,2026-03-13 08:46:51,33.0,2026-03-13,simulated
Escola Estadual Criança Esperança,Português,Professor_Bruno,1dd437c73ff9fac4d9f9c9c4ba29924a8d14d31aa348772e1944c31cacebce98,Thiago Campos,Atento,2026-03-13 08:46:52,2026-03-13 08:55:24,512.0,2026-03-13,simulated
Escola Estadual Criança Esperança,Português,Professor_Bruno,1dd437c73ff9fac4d9f9c9c4ba29924a8d14d31aa348772e1944c31cacebce98,Thiago Campos,Agitado,2026-03-13 08:55:31,2026-03-13 08:56:30,59.0,2026-03-13,simulated
Escola Estadual Criança Esperança,Português,Professor_Bruno,1dd437c73ff9fac4d9f9c9c4ba29924a8d14d31aa348772e1944c31cacebce98,Thiago Campos,Perguntando,2026-03-13 08:56:38,2026-03-13 08:56:54,16.0,2026-03-13,simulated
Escola Estadual Criança Esperança,Português,Professor_Bruno,1dd437c73ff9fac4d9f9c9c4ba29924a8d14d31aa348772e1944c31cacebce98,Thiago Campos,Atento,2026-03-13 08:57:00,2026-03-13 09:04:14,434.0,2026-03-13,simulated
Escola Estadual Criança Esperança,Português,Professor_Bruno,1dd437c73ff9fac4d9f9c9c4ba29924a8d14d31aa348772e1944c31cacebce98,Thiago Campos,Agitado,2026-03-13 09:04:22,2026-03-13 09:04:47,25.0,2026-03-13,simulated
Escola Estadual Criança Esperança,Português,Professor_Bruno,1dd437c73ff9fac4d9f9c9c4ba29924a8d14d31aa348772e1944c31cacebce98,Thiago Campos,Atento,2026-03-13 09:04:51,2026-03-13 09:15:40,649.0,2026-03-13,simulated
Escola Estadual Criança Esperança,Português,Professor_Bruno,1dd437c73ff9fac4d9f9c9c4ba29924a8d14d31aa348772e1944c31cacebce98,Thiago Campos,Distraido,2026-03-13 09:15:44,2026-03-13 09:18:22,158.0,2026-03-13,simulated
Escola Estadual Criança Esperança,Português,Professor_Bruno,1dd437c73ff9fac4d9f9c9c4ba29924a8d14d31aa348772e1944c31cacebce98,Thiago Campos,Atento,2026-03-13 09:18:25,2026-03-13 09:27:57,572.0,2026-03-13,simulated
Escola Estadual Criança Esperança,Português,Professor_Bruno,1dd437c73ff9fac4d9f9c9c4ba29924a8d14d31aa348772e1944c31cacebce98,Thiago Campos,Perguntando,2026-03-13 09:28:00,2026-03-13 09:28:35,35.0,2026-03-13,simulated
Escola Estadual Criança Esperança,Português,Professor_Bruno,1dd437c73ff9fac4d9f9c9c4ba29924a8d14d31aa348772e1944c31cacebce98,Thiago Campos,Agitado,2026-03-13 09:28:36,2026-03-13 09:30:06,90.0,2026-03-13,simulated
Escola Estadual Criança Esperança,Português,Professor_Bruno,1dd437c73ff9fac4d9f9c9c4ba29924a8d14d31aa348772e1944c31cacebce98,Thiago Campos,Atento,2026-03-13 09:30:10,2026-03-13 09:37:27,437.0,2026-03-13,simulated
Escola Estadual Criança Esperança,Português,Professor_Bruno,1dd437c73ff9fac4d9f9c9c4ba29924a8d14d31aa348772e1944c31cacebce98,Thiago Campos,Perguntando,2026-03-13 09:37:32,2026-03-13 09:37:52,20.0,2026-03-13,simulated
Escola Estadual Criança Esperança,Português,Professor_Bruno,1dd437c73ff9fac4d9f9c9c4ba29924a8d14d31aa348772e1944c31cacebce98,Thiago Campos,Dormindo,2026-03-13 09:37:59,2026-03-13 09:42:23,264.0,2026-03-13,simulated
Escola Estadual Criança Esperança,Português,Professor_Bruno,1dd437c73ff9fac4d9f9c9c4ba29924a8d14d31aa348772e1944c31cacebce98,Thiago Campos,Atento,2026-03-13 09:42:23,2026-03-13 09:52:33,610.0,2026-03-13,simulated
Escola Estadual Criança Esperança,Português,Professor_Bruno,1dd437c73ff9fac4d9f9c9c4ba29924a8d14d31aa348772e1944c31cacebce98,Thiago Campos,Perguntando,2026-03-13 09:52:39,2026-03-13 09:52:50,11.0,2026-03-13,simulated
Escola Estadual Criança Esperança,Português,Professor_Bruno,1dd437c73ff9fac4d9f9c9c4ba29924a8d14d31aa348772e1944c31cacebce98,Thiago Campos,Atento,2026-03-13 09:52:57,2026-03-13 10:00:12,435.0,2026-03-13,simulated
Escola Estadual Criança Esperança,Português,Professor_Bruno,1dd437c73ff9fac4d9f9c9c4ba29924a8d14d31aa348772e1944c31cacebce98,Thiago Campos,Dormindo,2026-03-13 10:00:12,2026-03-13 10:03:21,189.0,2026-03-13,simulated
Escola Estadual Criança Esperança,Português,Professor_Bruno,1dd437c73ff9fac4d9f9c9c4ba29924a8d14d31aa348772e1944c31cacebce98,Thiago Campos,Atento,2026-03-13 10:03:24,2026-03-13 10:12:05,521.0,2026-03-13,simulated
Escola Estadual Criança Esperança,Português,Professor_Bruno,1dd437c73ff9fac4d9f9c9c4ba29924a8d14d31aa348772e1944c31cacebce98,Thiago Campos,Perguntando,2026-03-13 10:12:11,2026-03-13 10:12:48,37.0,2026-03-13,simulated
Escola Estadual Criança Esperança,Português,Professor_Bruno,1dd437c73ff9fac4d9f9c9c4ba29924a8d14d31aa348772e1944c31cacebce98,Thiago Campos,Atento,2026-03-13 10:12:49,2026-03-13 10:22:16,567.0,2026-03-13,simulated
Escola Estadual Criança Esperança,Português,Professor_Bruno,1dd437c73ff9fac4d9f9c9c4ba29924a8d14d31aa348772e1944c31cacebce98,Thiago Campos,Agitado,2026-03-13 10:22:21,2026-03-13 10:22:54,33.0,2026-03-13,simulated
Escola Estadual Criança Esperança,Português,Professor_Bruno,1dd437c73ff9fac4d9f9c9c4ba29924a8d14d31aa348772e1944c31cacebce98,Thiago Campos,Atento,2026-03-13 10:23:01,2026-03-13 10:30:44,463.0,2026-03-13,simulated
Escola Estadual Criança Esperança,Português,Professor_Bruno,1dd437c73ff9fac4d9f9c9c4ba29924a8d14d31aa348772e1944c31cacebce98,Thiago Campos,Perguntando,2026-03-13 10:30:52,2026-03-13 10:31:20,28.0,2026-03-13,simulated
Escola Estadual Criança Esperança,Português,Professor_Bruno,1dd437c73ff9fac4d9f9c9c4ba29924a8d14d31aa348772e1944c31cacebce98,Thiago Campos,Agitado,2026-03-13 10:31:20,2026-03-13 10:32:36,76.0,2026-03-13,simulated
Escola Estadual Criança Esperança,Português,Professor_Bruno,1dd437c73ff9fac4d9f9c9c4ba29924a8d14d31aa348772e1944c31cacebce98,Thiago Campos,Perguntando,2026-03-13 10:32:38,2026-03-13 10:32:52,14.0,2026-03-13,simulated
Escola Estadual Criança Esperança,Português,Professor_Bruno,1dd437c73ff9fac4d9f9c9c4ba29924a8d14d31aa348772e1944c31cacebce98,Thiago Campos,Atento,2026-03-13 10:32:53,2026-03-13 10:43:46,653.0,2026-03-13,simulated
Escola Estadual Criança Esperança,Português,Professor_Bruno,1dd437c73ff9fac4d9f9c9c4ba29924a8d14d31aa348772e1944c31cacebce98,Thiago Campos,Agitado,2026-03-13 10:43:52,2026-03-13 10:44:22,30.0,2026-03-13,simulated
Escola Estadual Criança Esperança,Português,Professor_Bruno,1dd437c73ff9fac4d9f9c9c4ba29924a8d14d31aa348772e1944c31cacebce98,Thiago Campos,Distraido,2026-03-13 10:44:23,2026-03-13 10:47:20,177.0,2026-03-13,simulated
Escola Estadual Criança Esperança,Português,Professor_Bruno,1dd437c73ff9fac4d9f9c9c4ba29924a8d14d31aa348772e1944c31cacebce98,Thiago Campos,Perguntando,2026-03-13 10:47:26,2026-03-13 10:47:54,28.0,2026-03-13,simulated
Escola Estadual Criança Esperança,Português,Professor_Bruno,1dd437c73ff9fac4d9f9c9c4ba29924a8d14d31aa348772e1944c31cacebce98,Thiago Campos,Atento,2026-03-13 10:47:58,2026-03-13 10:53:09,311.0,2026-03-13,simulated
Escola Estadual Criança Esperança,Português,Professor_Bruno,1dd437c73ff9fac4d9f9c9c4ba29924a8d14d31aa348772e1944c31cacebce98,Thiago Campos,Agitado,2026-03-13 10:53:10,2026-03-13 10:54:24,74.0,2026-03-13,simulated
Escola Estadual Criança Esperança,Português,Professor_Bruno,1dd437c73ff9fac4d9f9c9c4ba29924a8d14d31aa348772e1944c31cacebce98,Thiago Campos,Perguntando,2026-03-13 10:54:28,2026-03-13 10:54:50,22.0,2026-03-13,simulated
Escola Estadual Criança Esperança,Português,Professor_Bruno,1dd437c73ff9fac4d9f9c9c4ba29924a8d14d31aa348772e1944c31cacebce98,Thiago Campos,Atento,2026-03-13 10:54:51,2026-03-13 11:03:26,515.0,2026-03-13,simulated
Escola Estadual Criança Esperança,Português,Professor_Bruno,1dd437c73ff9fac4d9f9c9c4ba29924a8d14d31aa348772e1944c31cacebce98,Thiago Campos,Perguntando,2026-03-13 11:03:27,2026-03-13 11:03:46,19.0,2026-03-13,simulated
Escola Estadual Criança Esperança,Português,Professor_Bruno,1dd437c73ff9fac4d9f9c9c4ba29924a8d14d31aa348772e1944c31cacebce98,Thiago Campos,Atento,2026-03-13 11:03:53,2026-03-13 11:13:57,604.0,2026-03-13,simulated
Escola Estadual Criança Esperança,Português,Professor_Bruno,1dd437c73ff9fac4d9f9c9c4ba29924a8d14d31aa348772e1944c31cacebce98,Thiago Campos,Distraido,2026-03-13 11:14:04,2026-03-13 11:15:54,110.0,2026-03-13,simulated
Escola Estadual Criança Esperança,Português,Professor_Bruno,1dd437c73ff9fac4d9f9c9c4ba29924a8d14d31aa348772e1944c31cacebce98,Thiago Campos,Atento,2026-03-13 11:16:02,2026-03-13 11:21:07,305.0,2026-03-13,simulated
Escola Estadual Criança Esperança,Português,Professor_Bruno,1dd437c73ff9fac4d9f9c9c4ba29924a8d14d31aa348772e1944c31cacebce98,Thiago Campos,Dormindo,2026-03-13 11:21:08,2026-03-13 11:23:17,129.0,2026-03-13,simulated
Escola Estadual Criança Esperança,Português,Professor_Bruno,1dd437c73ff9fac4d9f9c9c4ba29924a8d14d31aa348772e1944c31cacebce98,Thiago Campos,Atento,2026-03-13 11:23:22,2026-03-13 11:34:57,695.0,2026-03-13,simulated
Escola Estadual Criança Esperança,Português,Professor_Bruno,1dd437c73ff9fac4d9f9c9c4ba29924a8d14d31aa348772e1944c31cacebce98,Thiago Campos,Perguntando,2026-03-13 11:35:01,2026-03-13 11:35:22,21.0,2026-03-13,simulated
Escola Estadual Criança Esperança,Português,Professor_Bruno,1dd437c73ff9fac4d9f9c9c4ba29924a8d14d31aa348772e1944c31cacebce98,Thiago Campos,Atento,2026-03-13 11:35:30,2026-03-13 11:40:47,317.0,2026-03-13,simulated
Escola Estadual Criança Esperança,Português,Professor_Bruno,1dd437c73ff9fac4d9f9c9c4ba29924a8d14d31aa348772e1944c31cacebce98,Thiago Campos,Agitado,2026-03-13 11:40:47,2026-03-13 11:42:10,83.0,2026-03-13,simulated
Escola Estadual Criança Esperança,Português,Professor_Bruno,1dd437c73ff9fac4d9f9c9c4ba29924a8d14d31aa348772e1944c31cacebce98,Thiago Campos,Atento,2026-03-13 11:42:11,2026-03-13 11:50:00,469.0,2026-03-13,simulated
Escola Estadual Criança Esperança,Português,Professor_Bruno,a281db1412a68e509731fb8e1e72fe47c8ea3e7c367d7d10cbb968feff7ac523,Paula Kamily,Distraido,2026-03-13 08:12:00,2026-03-13 08:13:16,76.0,2026-03-13,simulated
Escola Estadual Criança Esperança,Português,Professor_Bruno,a281db1412a68e509731fb8e1e72fe47c8ea3e7c367d7d10cbb968feff7ac523,Paula Kamily,Atento,2026-03-13 08:13:19,2026-03-13 08:21:18,479.0,2026-03-13,simulated
Escola Estadual Criança Esperança,Português,Professor_Bruno,a281db1412a68e509731fb8e1e72fe47c8ea3e7c367d7d10cbb968feff7ac523,Paula Kamily,Perguntando,2026-03-13 08:21:23,2026-03-13 08:21:42,19.0,2026-03-13,simulated
Escola Estadual Criança Esperança,Português,Professor_Bruno,a281db1412a68e509731fb8e1e72fe47c8ea3e7c367d7d10cbb968feff7ac523,Paula Kamily,Atento,2026-03-13 08:21:48,2026-03-13 08:33:10,682.0,2026-03-13,simulated
Escola Estadual Criança Esperança,Português,Professor_Bruno,a281db1412a68e509731fb8e1e72fe47c8ea3e7c367d7d10cbb968feff7ac523,Paula Kamily,Distraido,2026-03-13 08:33:15,2026-03-13 08:35:20,125.0,2026-03-13,simulated
Escola Estadual Criança Esperança,Português,Professor_Bruno,a281db1412a68e509731fb8e1e72fe47c8ea3e7c367d7d10cbb968feff7ac523,Paula Kamily,Atento,2026-03-13 08:35:21,2026-03-13 08:43:15,474.0,2026-03-13,simulated
Escola Estadual Criança Esperança,Português,Professor_Bruno,a281db1412a68e509731fb8e1e72fe47c8ea3e7c367d7d10cbb968feff7ac523,Paula Kamily,Distraido,2026-03-13 08:43:18,2026-03-13 08:46:04,166.0,2026-03-13,simulated
Escola Estadual Criança Esperança,Português,Professor_Bruno,a281db1412a68e509731fb8e1e72fe47c8ea3e7c367d7d10cbb968feff7ac523,Paula Kamily,Perguntando,2026-03-13 08:46:12,2026-03-13 08:46:22,10.0,2026-03-13,simulated
Escola Estadual Criança Esperança,Português,Professor_Bruno,a281db1412a68e509731fb8e1e72fe47c8ea3e7c367d7d10cbb968feff7ac523,Paula Kamily,Atento,2026-03-13 08:46:28,2026-03-13 08:56:15,587.0,2026-03-13,simulated
Escola Estadual Criança Esperança,Português,Professor_Bruno,a281db1412a68e509731fb8e1e72fe47c8ea3e7c367d7d10cbb968feff7ac523,Paula Kamily,Agitado,2026-03-13 08:56:20,2026-03-13 08:56:46,26.0,2026-03-13,simulated
Escola Estadual Criança Esperança,Português,Professor_Bruno,a281db1412a68e509731fb8e1e72fe47c8ea3e7c367d7d10cbb968feff7ac523,Paula Kamily,Atento,2026-03-13 08:56:52,2026-03-13 09:07:40,648.0,2026-03-13,simulated
Escola Estadual Criança Esperança,Português,Professor_Bruno,a281db1412a68e509731fb8e1e72fe47c8ea3e7c367d7d10cbb968feff7ac523,Paula Kamily,Distraido,2026-03-13 09:07:46,2026-03-13 09:08:47,61.0,2026-03-13,simulated
Escola Estadual Criança Esperança,Português,Professor_Bruno,a281db1412a68e509731fb8e1e72fe47c8ea3e7c367d7d10cbb968feff7ac523,Paula Kamily,Agitado,2026-03-13 09:08:51,2026-03-13 09:09:14,23.0,2026-03-13,simulated
Escola Estadual Criança Esperança,Português,Professor_Bruno,a281db1412a68e509731fb8e1e72fe47c8ea3e7c367d7d10cbb968feff7ac523,Paula Kamily,Atento,2026-03-13 09:09:20,2026-03-13 09:18:11,531.0,2026-03-13,simulated
Escola Estadual Criança Esperança,Português,Professor_Bruno,a281db1412a68e509731fb8e1e72fe47c8ea3e7c367d7d10cbb968feff7ac523,Paula Kamily,Distraido,2026-03-13 09:18:16,2026-03-13 09:19:12,56.0,2026-03-13,simulated
Escola Estadual Criança Esperança,Português,Professor_Bruno,a281db1412a68e509731fb8e1e72fe47c8ea3e7c367d7d10cbb968feff7ac523,Paula Kamily,Dormindo,2026-03-13 09:19:18,2026-03-13 09:20:44,86.0,2026-03-13,simulated
Escola Estadual Criança Esperança,Português,Professor_Bruno,a281db1412a68e509731fb8e1e72fe47c8ea3e7c367d7d10cbb968feff7ac523,Paula Kamily,Atento,2026-03-13 09:20:52,2026-03-13 09:27:20,388.0,2026-03-13,simulated
Escola Estadual Criança Esperança,Português,Professor_Bruno,a281db1412a68e509731fb8e1e72fe47c8ea3e7c367d7d10cbb968feff7ac523,Paula Kamily,Distraido,2026-03-13 09:27:20,2026-03-13 09:28:21,61.0,2026-03-13,simulated
Escola Estadual Criança Esperança,Português,Professor_Bruno,a281db1412a68e509731fb8e1e72fe47c8ea3e7c367d7d10cbb968feff7ac523,Paula Kamily,Agitado,2026-03-13 09:28:29,2026-03-13 09:29:40,71.0,2026-03-13,simulated
Escola Estadual Criança Esperança,Português,Professor_Bruno,a281db1412a68e509731fb8e1e72fe47c8ea3e7c367d7d10cbb968feff7ac523,Paula Kamily,Perguntando,2026-03-13 09:29:43,2026-03-13 09:30:20,37.0,2026-03-13,simulated
Escola Estadual Criança Esperança,Português,Professor_Bruno,a281db1412a68e509731fb8e1e72fe47c8ea3e7c367d7d10cbb968feff7ac523,Paula Kamily,Distraido,2026-03-13 09:30:22,2026-03-13 09:32:56,154.0,2026-03-13,simulated
Escola Estadual Criança Esperança,Português,Professor_Bruno,a281db1412a68e509731fb8e1e72fe47c8ea3e7c367d7d10cbb968feff7ac523,Paula Kamily,Perguntando,2026-03-13 09:33:02,2026-03-13 09:33:15,13.0,2026-03-13,simulated
Escola Estadual Criança Esperança,Português,Professor_Bruno,a281db1412a68e509731fb8e1e72fe47c8ea3e7c367d7d10cbb968feff7ac523,Paula Kamily,Distraido,2026-03-13 09:33:17,2026-03-13 09:34:19,62.0,2026-03-13,simulated
Escola Estadual Criança Esperança,Português,Professor_Bruno,a281db1412a68e509731fb8e1e72fe47c8ea3e7c367d7d10cbb968feff7ac523,Paula Kamily,Dormindo,2026-03-13 09:34:21,2026-03-13 09:35:52,91.0,2026-03-13,simulated
Escola Estadual Criança Esperança,Português,Professor_Bruno,a281db1412a68e509731fb8e1e72fe47c8ea3e7c367d7d10cbb968feff7ac523,Paula Kamily,Distraido,2026-03-13 09:36:00,2026-03-13 09:36:47,47.0,2026-03-13,simulated
Escola Estadual Criança Esperança,Português,Professor_Bruno,a281db1412a68e509731fb8e1e72fe47c8ea3e7c367d7d10cbb968feff7ac523,Paula Kamily,Atento,2026-03-13 09:36:51,2026-03-13 09:42:18,327.0,2026-03-13,simulated
Escola Estadual Criança Esperança,Português,Professor_Bruno,a281db1412a68e509731fb8e1e72fe47c8ea3e7c367d7d10cbb968feff7ac523,Paula Kamily,Dormindo,2026-03-13 09:42:18,2026-03-13 09:44:18,120.0,2026-03-13,simulated
Escola Estadual Criança Esperança,Português,Professor_Bruno,a281db1412a68e509731fb8e1e72fe47c8ea3e7c367d7d10cbb968feff7ac523,Paula Kamily,Distraido,2026-03-13 09:44:19,2026-03-13 09:47:15,176.0,2026-03-13,simulated
Escola Estadual Criança Esperança,Português,Professor_Bruno,a281db1412a68e509731fb8e1e72fe47c8ea3e7c367d7d10cbb968feff7ac523,Paula Kamily,Atento,2026-03-13 09:47:17,2026-03-13 09:52:21,304.0,2026-03-13,simulated
Escola Estadual Criança Esperança,Português,Professor_Bruno,a281db1412a68e509731fb8e1e72fe47c8ea3e7c367d7d10cbb968feff7ac523,Paula Kamily,Dormindo,2026-03-13 09:52:29,2026-03-13 09:55:05,156.0,2026-03-13,simulated
Escola Estadual Criança Esperança,Português,Professor_Bruno,a281db1412a68e509731fb8e1e72fe47c8ea3e7c367d7d10cbb968feff7ac523,Paula Kamily,Atento,2026-03-13 09:55:09,2026-03-13 10:05:59,650.0,2026-03-13,simulated
Escola Estadual Criança Esperança,Português,Professor_Bruno,a281db1412a68e509731fb8e1e72fe47c8ea3e7c367d7d10cbb968feff7ac523,Paula Kamily,Distraido,2026-03-13 10:06:06,2026-03-13 10:07:05,59.0,2026-03-13,simulated
Escola Estadual Criança Esperança,Português,Professor_Bruno,a281db1412a68e509731fb8e1e72fe47c8ea3e7c367d7d10cbb968feff7ac523,Paula Kamily,Atento,2026-03-13 10:07:09,2026-03-13 10:17:48,639.0,2026-03-13,simulated
Escola Estadual Criança Esperança,Português,Professor_Bruno,a281db1412a68e509731fb8e1e72fe47c8ea3e7c367d7d10cbb968feff7ac523,Paula Kamily,Agitado,2026-03-13 10:17:50,2026-03-13 10:18:42,52.0,2026-03-13,simulated
Escola Estadual Criança Esperança,Português,Professor_Bruno,a281db1412a68e509731fb8e1e72fe47c8ea3e7c367d7d10cbb968feff7ac523,Paula Kamily,Atento,2026-03-13 10:18:44,2026-03-13 10:30:15,691.0,2026-03-13,simulated
Escola Estadual Criança Esperança,Português,Professor_Bruno,a281db1412a68e509731fb8e1e72fe47c8ea3e7c367d7d10cbb968feff7ac523,Paula Kamily,Agitado,2026-03-13 10:30:19,2026-03-13 10:30:53,34.0,2026-03-13,simulated
Escola Estadual Criança Esperança,Português,Professor_Bruno,a281db1412a68e509731fb8e1e72fe47c8ea3e7c367d7d10cbb968feff7ac523,Paula Kamily,Distraido,2026-03-13 10:30:53,2026-03-13 10:31:47,54.0,2026-03-13,simulated
Escola Estadual Criança Esperança,Português,Professor_Bruno,a281db1412a68e509731fb8e1e72fe47c8ea3e7c367d7d10cbb968feff7ac523,Paula Kamily,Atento,2026-03-13 10:31:47,2026-03-13 10:38:26,399.0,2026-03-13,simulated
Escola Estadual Criança Esperança,Português,Professor_Bruno,a281db1412a68e509731fb8e1e72fe47c8ea3e7c367d7d10cbb968feff7ac523,Paula Kamily,Distraido,2026-03-13 10:38:27,2026-03-13 10:40:25,118.0,2026-03-13,simulated
Escola Estadual Criança Esperança,Português,Professor_Bruno,a281db1412a68e509731fb8e1e72fe47c8ea3e7c367d7d10cbb968feff7ac523,Paula Kamily,Atento,2026-03-13 10:40:30,2026-03-13 10:51:36,666.0,2026-03-13,simulated
Escola Estadual Criança Esperança,Português,Professor_Bruno,a281db1412a68e509731fb8e1e72fe47c8ea3e7c367d7d10cbb968feff7ac523,Paula Kamily,Agitado,2026-03-13 10:51:43,2026-03-13 10:52:48,65.0,2026-03-13,simulated
Escola Estadual Criança Esperança,Português,Professor_Bruno,a281db1412a68e509731fb8e1e72fe47c8ea3e7c367d7d10cbb968feff7ac523,Paula Kamily,Perguntando,2026-03-13 10:52:50,2026-03-13 10:53:09,19.0,2026-03-13,simulated
Escola Estadual Criança Esperança,Português,Professor_Bruno,a281db1412a68e509731fb8e1e72fe47c8ea3e7c367d7d10cbb968feff7ac523,Paula Kamily,Atento,2026-03-13 10:53:16,2026-03-13 11:00:28,432.0,2026-03-13,simulated
Escola Estadual Criança Esperança,Português,Professor_Bruno,a281db1412a68e509731fb8e1e72fe47c8ea3e7c367d7d10cbb968feff7ac523,Paula Kamily,Distraido,2026-03-13 11:00:33,2026-03-13 11:03:00,147.0,2026-03-13,simulated
Escola Estadual Criança Esperança,Português,Professor_Bruno,a281db1412a68e509731fb8e1e72fe47c8ea3e7c367d7d10cbb968feff7ac523,Paula Kamily,Agitado,2026-03-13 11:03:05,2026-03-13 11:03:42,37.0,2026-03-13,simulated
Escola Estadual Criança Esperança,Português,Professor_Bruno,a281db1412a68e509731fb8e1e72fe47c8ea3e7c367d7d10cbb968feff7ac523,Paula Kamily,Perguntando,2026-03-13 11:03:49,2026-03-13 11:04:27,38.0,2026-03-13,simulated
Escola Estadual Criança Esperança,Português,Professor_Bruno,a281db1412a68e509731fb8e1e72fe47c8ea3e7c367d7d10cbb968feff7ac523,Paula Kamily,Atento,2026-03-13 11:04:27,2026-03-13 11:15:37,670.0,2026-03-13,simulated
Escola Estadual Criança Esperança,Português,Professor_Bruno,a281db1412a68e509731fb8e1e72fe47c8ea3e7c367d7d10cbb968feff7ac523,Paula Kamily,Distraido,2026-03-13 11:15:42,2026-03-13 11:17:04,82.0,2026-03-13,simulated
Escola Estadual Criança Esperança,Português,Professor_Bruno,a281db1412a68e509731fb8e1e72fe47c8ea3e7c367d7d10cbb968feff7ac523,Paula Kamily,Agitado,2026-03-13 11:17:12,2026-03-13 11:18:15,63.0,2026-03-13,simulated
Escola Estadual Criança Esperança,Português,Professor_Bruno,a281db1412a68e509731fb8e1e72fe47c8ea3e7c367d7d10cbb968feff7ac523,Paula Kamily,Distraido,2026-03-13 11:18:21,2026-03-13 11:19:44,83.0,2026-03-13,simulated
Escola Estadual Criança Esperança,Português,Professor_Bruno,a281db1412a68e509731fb8e1e72fe47c8ea3e7c367d7d10cbb968feff7ac523,Paula Kamily,Agitado,2026-03-13 11:19:51,2026-03-13 11:20:17,26.0,2026-03-13,simulated
Escola Estadual Criança Esperança,Português,Professor_Bruno,a281db1412a68e509731fb8e1e72fe47c8ea3e7c367d7d10cbb968feff7ac523,Paula Kamily,Perguntando,2026-03-13 11:20:18,2026-03-13 11:20:38,20.0,2026-03-13,simulated
Escola Estadual Criança Esperança,Português,Professor_Bruno,a281db1412a68e509731fb8e1e72fe47c8ea3e7c367d7d10cbb968feff7ac523,Paula Kamily,Agitado,2026-03-13 11:20:42,2026-03-13 11:22:09,87.0,2026-03-13,simulated
Escola Estadual Criança Esperança,Português,Professor_Bruno,a281db1412a68e509731fb8e1e72fe47c8ea3e7c367d7d10cbb968feff7ac523,Paula Kamily,Distraido,2026-03-13 11:22:12,2026-03-13 11:23:55,103.0,2026-03-13,simulated
Escola Estadual Criança Esperança,Português,Professor_Bruno,a281db1412a68e509731fb8e1e72fe47c8ea3e7c367d7d10cbb968feff7ac523,Paula Kamily,Perguntando,2026-03-13 11:24:00,2026-03-13 11:24:19,19.0,2026-03-13,simulated
Escola Estadual Criança Esperança,Português,Professor_Bruno,a281db1412a68e509731fb8e1e72fe47c8ea3e7c367d7d10cbb968feff7ac523,Paula Kamily,Distraido,2026-03-13 11:24:19,2026-03-13 11:25:29,70.0,2026-03-13,simulated
Escola Estadual Criança Esperança,Português,Professor_Bruno,a281db1412a68e509731fb8e1e72fe47c8ea3e7c367d7d10cbb968feff7ac523,Paula Kamily,Atento,2026-03-13 11:25:35,2026-03-13 11:36:51,676.0,2026-03-13,simulated
Escola Estadual Criança Esperança,Português,Professor_Bruno,a281db1412a68e509731fb8e1e72fe47c8ea3e7c367d7d10cbb968feff7ac523,Paula Kamily,Dormindo,2026-03-13 11:36:58,2026-03-13 11:38:08,70.0,2026-03-13,simulated
Escola Estadual Criança Esperança,Português,Professor_Bruno,a281db1412a68e509731fb8e1e72fe47c8ea3e7c367d7d10cbb968feff7ac523,Paula Kamily,Distraido,2026-03-13 11:38:13,2026-03-13 11:39:44,91.0,2026-03-13,simulated
Escola Estadual Criança Esperança,Português,Professor_Bruno,a281db1412a68e509731fb8e1e72fe47c8ea3e7c367d7d10cbb968feff7ac523,Paula Kamily,Atento,2026-03-13 11:39:52,2026-03-13 11:51:10,678.0,2026-03-13,simulated
Escola Estadual Criança Esperança,Português,Professor_Bruno,a281db1412a68e509731fb8e1e72fe47c8ea3e7c367d7d10cbb968feff7ac523,Paula Kamily,Distraido,2026-03-13 11:51:10,2026-03-13 11:52:00,50.0,2026-03-13,simulated
Escola Estadual Criança Esperança,Português,Professor_Bruno,536dcd4eafc272cd6777ad15a7b067f4240b6b682361c6460b64398069ec87ac,Maria Eduarda,Dormindo,2026-03-13 08:14:00,2026-03-13 08:16:45,165.0,2026-03-13,simulated
Escola Estadual Criança Esperança,Português,Professor_Bruno,536dcd4eafc272cd6777ad15a7b067f4240b6b682361c6460b64398069ec87ac,Maria Eduarda,Atento,2026-03-13 08:16:49,2026-03-13 08:25:31,522.0,2026-03-13,simulated
Escola Estadual Criança Esperança,Português,Professor_Bruno,536dcd4eafc272cd6777ad15a7b067f4240b6b682361c6460b64398069ec87ac,Maria Eduarda,Distraido,2026-03-13 08:25:31,2026-03-13 08:27:39,128.0,2026-03-13,simulated
Escola Estadual Criança Esperança,Português,Professor_Bruno,536dcd4eafc272cd6777ad15a7b067f4240b6b682361c6460b64398069ec87ac,Maria Eduarda,Dormindo,2026-03-13 08:27:40,2026-03-13 08:30:12,152.0,2026-03-13,simulated
Escola Estadual Criança Esperança,Português,Professor_Bruno,536dcd4eafc272cd6777ad15a7b067f4240b6b682361c6460b64398069ec87ac,Maria Eduarda,Agitado,2026-03-13 08:30:17,2026-03-13 08:31:34,77.0,2026-03-13,simulated
Escola Estadual Criança Esperança,Português,Professor_Bruno,536dcd4eafc272cd6777ad15a7b067f4240b6b682361c6460b64398069ec87ac,Maria Eduarda,Dormindo,2026-03-13 08:31:38,2026-03-13 08:36:02,264.0,2026-03-13,simulated
Escola Estadual Criança Esperança,Português,Professor_Bruno,536dcd4eafc272cd6777ad15a7b067f4240b6b682361c6460b64398069ec87ac,Maria Eduarda,Agitado,2026-03-13 08:36:07,2026-03-13 08:36:52,45.0,2026-03-13,simulated
Escola Estadual Criança Esperança,Português,Professor_Bruno,536dcd4eafc272cd6777ad15a7b067f4240b6b682361c6460b64398069ec87ac,Maria Eduarda,Dormindo,2026-03-13 08:37:00,2026-03-13 08:41:52,292.0,2026-03-13,simulated
Escola Estadual Criança Esperança,Português,Professor_Bruno,536dcd4eafc272cd6777ad15a7b067f4240b6b682361c6460b64398069ec87ac,Maria Eduarda,Distraido,2026-03-13 08:41:55,2026-03-13 08:43:36,101.0,2026-03-13,simulated
Escola Estadual Criança Esperança,Português,Professor_Bruno,536dcd4eafc272cd6777ad15a7b067f4240b6b682361c6460b64398069ec87ac,Maria Eduarda,Dormindo,2026-03-13 08:43:43,2026-03-13 08:44:45,62.0,2026-03-13,simulated
Escola Estadual Criança Esperança,Português,Professor_Bruno,536dcd4eafc272cd6777ad15a7b067f4240b6b682361c6460b64398069ec87ac,Maria Eduarda,Agitado,2026-03-13 08:44:52,2026-03-13 08:45:26,34.0,2026-03-13,simulated
Escola Estadual Criança Esperança,Português,Professor_Bruno,536dcd4eafc272cd6777ad15a7b067f4240b6b682361c6460b64398069ec87ac,Maria Eduarda,Atento,2026-03-13 08:45:26,2026-03-13 08:56:46,680.0,2026-03-13,simulated
Escola Estadual Criança Esperança,Português,Professor_Bruno,536dcd4eafc272cd6777ad15a7b067f4240b6b682361c6460b64398069ec87ac,Maria Eduarda,Distraido,2026-03-13 08:56:49,2026-03-13 08:57:59,70.0,2026-03-13,simulated
Escola Estadual Criança Esperança,Português,Professor_Bruno,536dcd4eafc272cd6777ad15a7b067f4240b6b682361c6460b64398069ec87ac,Maria Eduarda,Dormindo,2026-03-13 08:58:01,2026-03-13 09:02:03,242.0,2026-03-13,simulated
Escola Estadual Criança Esperança,Português,Professor_Bruno,536dcd4eafc272cd6777ad15a7b067f4240b6b682361c6460b64398069ec87ac,Maria Eduarda,Agitado,2026-03-13 09:02:11,2026-03-13 09:02:43,32.0,2026-03-13,simulated
Escola Estadual Criança Esperança,Português,Professor_Bruno,536dcd4eafc272cd6777ad15a7b067f4240b6b682361c6460b64398069ec87ac,Maria Eduarda,Dormindo,2026-03-13 09:02:48,2026-03-13 09:07:38,290.0,2026-03-13,simulated
Escola Estadual Criança Esperança,Português,Professor_Bruno,536dcd4eafc272cd6777ad15a7b067f4240b6b682361c6460b64398069ec87ac,Maria Eduarda,Atento,2026-03-13 09:07:44,2026-03-13 09:13:03,319.0,2026-03-13,simulated
Escola Estadual Criança Esperança,Português,Professor_Bruno,536dcd4eafc272cd6777ad15a7b067f4240b6b682361c6460b64398069ec87ac,Maria Eduarda,Dormindo,2026-03-13 09:13:05,2026-03-13 09:16:09,184.0,2026-03-13,simulated
Escola Estadual Criança Esperança,Português,Professor_Bruno,536dcd4eafc272cd6777ad15a7b067f4240b6b682361c6460b64398069ec87ac,Maria Eduarda,Atento,2026-03-13 09:16:12,2026-03-13 09:27:15,663.0,2026-03-13,simulated
Escola Estadual Criança Esperança,Português,Professor_Bruno,536dcd4eafc272cd6777ad15a7b067f4240b6b682361c6460b64398069ec87ac,Maria Eduarda,Perguntando,2026-03-13 09:27:20,2026-03-13 09:27:46,26.0,2026-03-13,simulated
Escola Estadual Criança Esperança,Português,Professor_Bruno,536dcd4eafc272cd6777ad15a7b067f4240b6b682361c6460b64398069ec87ac,Maria Eduarda,Atento,2026-03-13 09:27:54,2026-03-13 09:33:23,329.0,2026-03-13,simulated
Escola Estadual Criança Esperança,Português,Professor_Bruno,536dcd4eafc272cd6777ad15a7b067f4240b6b682361c6460b64398069ec87ac,Maria Eduarda,Dormindo,2026-03-13 09:33:24,2026-03-13 09:37:11,227.0,2026-03-13,simulated
Escola Estadual Criança Esperança,Português,Professor_Bruno,536dcd4eafc272cd6777ad15a7b067f4240b6b682361c6460b64398069ec87ac,Maria Eduarda,Atento,2026-03-13 09:37:13,2026-03-13 09:47:52,639.0,2026-03-13,simulated
Escola Estadual Criança Esperança,Português,Professor_Bruno,536dcd4eafc272cd6777ad15a7b067f4240b6b682361c6460b64398069ec87ac,Maria Eduarda,Agitado,2026-03-13 09:47:53,2026-03-13 09:48:40,47.0,2026-03-13,simulated
Escola Estadual Criança Esperança,Português,Professor_Bruno,536dcd4eafc272cd6777ad15a7b067f4240b6b682361c6460b64398069ec87ac,Maria Eduarda,Atento,2026-03-13 09:48:47,2026-03-13 09:58:04,557.0,2026-03-13,simulated
Escola Estadual Criança Esperança,Português,Professor_Bruno,536dcd4eafc272cd6777ad15a7b067f4240b6b682361c6460b64398069ec87ac,Maria Eduarda,Dormindo,2026-03-13 09:58:11,2026-03-13 09:59:29,78.0,2026-03-13,simulated
Escola Estadual Criança Esperança,Português,Professor_Bruno,536dcd4eafc272cd6777ad15a7b067f4240b6b682361c6460b64398069ec87ac,Maria Eduarda,Perguntando,2026-03-13 09:59:33,2026-03-13 10:00:01,28.0,2026-03-13,simulated
Escola Estadual Criança Esperança,Português,Professor_Bruno,536dcd4eafc272cd6777ad15a7b067f4240b6b682361c6460b64398069ec87ac,Maria Eduarda,Distraido,2026-03-13 10:00:01,2026-03-13 10:02:28,147.0,2026-03-13,simulated
Escola Estadual Criança Esperança,Português,Professor_Bruno,536dcd4eafc272cd6777ad15a7b067f4240b6b682361c6460b64398069ec87ac,Maria Eduarda,Dormindo,2026-03-13 10:02:30,2026-03-13 10:04:28,118.0,2026-03-13,simulated
Escola Estadual Criança Esperança,Português,Professor_Bruno,536dcd4eafc272cd6777ad15a7b067f4240b6b682361c6460b64398069ec87ac,Maria Eduarda,Atento,2026-03-13 10:04:29,2026-03-13 10:15:57,688.0,2026-03-13,simulated
Escola Estadual Criança Esperança,Português,Professor_Bruno,536dcd4eafc272cd6777ad15a7b067f4240b6b682361c6460b64398069ec87ac,Maria Eduarda,Distraido,2026-03-13 10:16:02,2026-03-13 10:17:39,97.0,2026-03-13,simulated
Escola Estadual Criança Esperança,Português,Professor_Bruno,536dcd4eafc272cd6777ad15a7b067f4240b6b682361c6460b64398069ec87ac,Maria Eduarda,Agitado,2026-03-13 10:17:44,2026-03-13 10:18:59,75.0,2026-03-13,simulated
Escola Estadual Criança Esperança,Português,Professor_Bruno,536dcd4eafc272cd6777ad15a7b067f4240b6b682361c6460b64398069ec87ac,Maria Eduarda,Distraido,2026-03-13 10:19:04,2026-03-13 10:21:38,154.0,2026-03-13,simulated
Escola Estadual Criança Esperança,Português,Professor_Bruno,536dcd4eafc272cd6777ad15a7b067f4240b6b682361c6460b64398069ec87ac,Maria Eduarda,Dormindo,2026-03-13 10:21:40,2026-03-13 10:23:12,92.0,2026-03-13,simulated
Escola Estadual Criança Esperança,Português,Professor_Bruno,536dcd4eafc272cd6777ad15a7b067f4240b6b682361c6460b64398069ec87ac,Maria Eduarda,Atento,2026-03-13 10:23:16,2026-03-13 10:31:09,473.0,2026-03-13,simulated
Escola Estadual Criança Esperança,Português,Professor_Bruno,536dcd4eafc272cd6777ad15a7b067f4240b6b682361c6460b64398069ec87ac,Maria Eduarda,Dormindo,2026-03-13 10:31:13,2026-03-13 10:34:17,184.0,2026-03-13,simulated
Escola Estadual Criança Esperança,Português,Professor_Bruno,536dcd4eafc272cd6777ad15a7b067f4240b6b682361c6460b64398069ec87ac,Maria Eduarda,Perguntando,2026-03-13 10:34:23,2026-03-13 10:34:44,21.0,2026-03-13,simulated
Escola Estadual Criança Esperança,Português,Professor_Bruno,536dcd4eafc272cd6777ad15a7b067f4240b6b682361c6460b64398069ec87ac,Maria Eduarda,Dormindo,2026-03-13 10:34:44,2026-03-13 10:36:21,97.0,2026-03-13,simulated
Escola Estadual Criança Esperança,Português,Professor_Bruno,536dcd4eafc272cd6777ad15a7b067f4240b6b682361c6460b64398069ec87ac,Maria Eduarda,Distraido,2026-03-13 10:36:25,2026-03-13 10:39:04,159.0,2026-03-13,simulated
Escola Estadual Criança Esperança,Português,Professor_Bruno,536dcd4eafc272cd6777ad15a7b067f4240b6b682361c6460b64398069ec87ac,Maria Eduarda,Agitado,2026-03-13 10:39:06,2026-03-13 10:39:59,53.0,2026-03-13,simulated
Escola Estadual Criança Esperança,Português,Professor_Bruno,536dcd4eafc272cd6777ad15a7b067f4240b6b682361c6460b64398069ec87ac,Maria Eduarda,Dormindo,2026-03-13 10:40:07,2026-03-13 10:43:01,174.0,2026-03-13,simulated
Escola Estadual Criança Esperança,Português,Professor_Bruno,536dcd4eafc272cd6777ad15a7b067f4240b6b682361c6460b64398069ec87ac,Maria Eduarda,Atento,2026-03-13 10:43:07,2026-03-13 10:50:19,432.0,2026-03-13,simulated
Escola Estadual Criança Esperança,Português,Professor_Bruno,536dcd4eafc272cd6777ad15a7b067f4240b6b682361c6460b64398069ec87ac,Maria Eduarda,Distraido,2026-03-13 10:50:22,2026-03-13 10:52:25,123.0,2026-03-13,simulated
Escola Estadual Criança Esperança,Português,Professor_Bruno,536dcd4eafc272cd6777ad15a7b067f4240b6b682361c6460b64398069ec87ac,Maria Eduarda,Perguntando,2026-03-13 10:52:27,2026-03-13 10:52:47,20.0,2026-03-13,simulated
Escola Estadual Criança Esperança,Português,Professor_Bruno,536dcd4eafc272cd6777ad15a7b067f4240b6b682361c6460b64398069ec87ac,Maria Eduarda,Distraido,2026-03-13 10:52:52,2026-03-13 10:53:47,55.0,2026-03-13,simulated
Escola Estadual Criança Esperança,Português,Professor_Bruno,536dcd4eafc272cd6777ad15a7b067f4240b6b682361c6460b64398069ec87ac,Maria Eduarda,Dormindo,2026-03-13 10:53:50,2026-03-13 10:58:09,259.0,2026-03-13,simulated
Escola Estadual Criança Esperança,Português,Professor_Bruno,536dcd4eafc272cd6777ad15a7b067f4240b6b682361c6460b64398069ec87ac,Maria Eduarda,Distraido,2026-03-13 10:58:11,2026-03-13 11:01:06,175.0,2026-03-13,simulated
Escola Estadual Criança Esperança,Português,Professor_Bruno,536dcd4eafc272cd6777ad15a7b067f4240b6b682361c6460b64398069ec87ac,Maria Eduarda,Agitado,2026-03-13 11:01:10,2026-03-13 11:02:11,61.0,2026-03-13,simulated
Escola Estadual Criança Esperança,Português,Professor_Bruno,536dcd4eafc272cd6777ad15a7b067f4240b6b682361c6460b64398069ec87ac,Maria Eduarda,Distraido,2026-03-13 11:02:16,2026-03-13 11:04:33,137.0,2026-03-13,simulated
Escola Estadual Criança Esperança,Português,Professor_Bruno,536dcd4eafc272cd6777ad15a7b067f4240b6b682361c6460b64398069ec87ac,Maria Eduarda,Perguntando,2026-03-13 11:04:40,2026-03-13 11:04:56,16.0,2026-03-13,simulated
Escola Estadual Criança Esperança,Português,Professor_Bruno,536dcd4eafc272cd6777ad15a7b067f4240b6b682361c6460b64398069ec87ac,Maria Eduarda,Atento,2026-03-13 11:05:00,2026-03-13 11:13:07,487.0,2026-03-13,simulated
Escola Estadual Criança Esperança,Português,Professor_Bruno,536dcd4eafc272cd6777ad15a7b067f4240b6b682361c6460b64398069ec87ac,Maria Eduarda,Agitado,2026-03-13 11:13:09,2026-03-13 11:14:02,53.0,2026-03-13,simulated
Escola Estadual Criança Esperança,Português,Professor_Bruno,536dcd4eafc272cd6777ad15a7b067f4240b6b682361c6460b64398069ec87ac,Maria Eduarda,Atento,2026-03-13 11:14:06,2026-03-13 11:19:31,325.0,2026-03-13,simulated
Escola Estadual Criança Esperança,Português,Professor_Bruno,536dcd4eafc272cd6777ad15a7b067f4240b6b682361c6460b64398069ec87ac,Maria Eduarda,Dormindo,2026-03-13 11:19:38,2026-03-13 11:21:17,99.0,2026-03-13,simulated
Escola Estadual Criança Esperança,Português,Professor_Bruno,536dcd4eafc272cd6777ad15a7b067f4240b6b682361c6460b64398069ec87ac,Maria Eduarda,Agitado,2026-03-13 11:21:18,2026-03-13 11:22:33,75.0,2026-03-13,simulated
Escola Estadual Criança Esperança,Português,Professor_Bruno,536dcd4eafc272cd6777ad15a7b067f4240b6b682361c6460b64398069ec87ac,Maria Eduarda,Dormindo,2026-03-13 11:22:36,2026-03-13 11:27:07,271.0,2026-03-13,simulated
Escola Estadual Criança Esperança,Português,Professor_Bruno,536dcd4eafc272cd6777ad15a7b067f4240b6b682361c6460b64398069ec87ac,Maria Eduarda,Atento,2026-03-13 11:27:07,2026-03-13 11:32:48,341.0,2026-03-13,simulated
Escola Estadual Criança Esperança,Português,Professor_Bruno,536dcd4eafc272cd6777ad15a7b067f4240b6b682361c6460b64398069ec87ac,Maria Eduarda,Perguntando,2026-03-13 11:32:53,2026-03-13 11:33:33,40.0,2026-03-13,simulated
Escola Estadual Criança Esperança,Português,Professor_Bruno,536dcd4eafc272cd6777ad15a7b067f4240b6b682361c6460b64398069ec87ac,Maria Eduarda,Dormindo,2026-03-13 11:33:40,2026-03-13 11:37:21,221.0,2026-03-13,simulated
Escola Estadual Criança Esperança,Português,Professor_Bruno,536dcd4eafc272cd6777ad15a7b067f4240b6b682361c6460b64398069ec87ac,Maria Eduarda,Agitado,2026-03-13 11:37:26,2026-03-13 11:38:31,65.0,2026-03-13,simulated
Escola Estadual Criança Esperança,Português,Professor_Bruno,536dcd4eafc272cd6777ad15a7b067f4240b6b682361c6460b64398069ec87ac,Maria Eduarda,Atento,2026-03-13 11:38:31,2026-03-13 11:49:49,678.0,2026-03-13,simulated
Escola Estadual Criança Esperança,Português,Professor_Bruno,536dcd4eafc272cd6777ad15a7b067f4240b6b682361c6460b64398069ec87ac,Maria Eduarda,Perguntando,2026-03-13 11:49:52,2026-03-13 11:50:14,22.0,2026-03-13,simulated
Escola Estadual Criança Esperança,Português,Professor_Bruno,536dcd4eafc272cd6777ad15a7b067f4240b6b682361c6460b64398069ec87ac,Maria Eduarda,Distraido,2026-03-13 11:50:16,2026-03-13 11:52:33,137.0,2026-03-13,simulated
Escola Estadual Criança Esperança,Português,Professor_Bruno,536dcd4eafc272cd6777ad15a7b067f4240b6b682361c6460b64398069ec87ac,Maria Eduarda,Agitado,2026-03-13 11:52:40,2026-03-13 11:53:08,28.0,2026-03-13,simulated
Escola Estadual Criança Esperança,Português,Professor_Bruno,536dcd4eafc272cd6777ad15a7b067f4240b6b682361c6460b64398069ec87ac,Maria Eduarda,Dormindo,2026-03-13 11:53:08,2026-03-13 11:54:00,52.0,2026-03-13,simulated
Escola Estadual Criança Esperança,Português,Professor_Bruno,f1c5e8faebc9ab791d2c562bfd9fda99c4bc10d22e6beff1b40abc554f2000ac,Alice Nascimento Silva Lobo,Atento,2026-03-13 08:16:00,2026-03-13 08:24:52,532.0,2026-03-13,simulated
Escola Estadual Criança Esperança,Português,Professor_Bruno,f1c5e8faebc9ab791d2c562bfd9fda99c4bc10d22e6beff1b40abc554f2000ac,Alice Nascimento Silva Lobo,Distraido,2026-03-13 08:24:53,2026-03-13 08:25:40,47.0,2026-03-13,simulated
Escola Estadual Criança Esperança,Português,Professor_Bruno,f1c5e8faebc9ab791d2c562bfd9fda99c4bc10d22e6beff1b40abc554f2000ac,Alice Nascimento Silva Lobo,Perguntando,2026-03-13 08:25:40,2026-03-13 08:25:58,18.0,2026-03-13,simulated
Escola Estadual Criança Esperança,Português,Professor_Bruno,f1c5e8faebc9ab791d2c562bfd9fda99c4bc10d22e6beff1b40abc554f2000ac,Alice Nascimento Silva Lobo,Distraido,2026-03-13 08:25:59,2026-03-13 08:28:08,129.0,2026-03-13,simulated
Escola Estadual Criança Esperança,Português,Professor_Bruno,f1c5e8faebc9ab791d2c562bfd9fda99c4bc10d22e6beff1b40abc554f2000ac,Alice Nascimento Silva Lobo,Atento,2026-03-13 08:28:08,2026-03-13 08:37:03,535.0,2026-03-13,simulated
Escola Estadual Criança Esperança,Português,Professor_Bruno,f1c5e8faebc9ab791d2c562bfd9fda99c4bc10d22e6beff1b40abc554f2000ac,Alice Nascimento Silva Lobo,Perguntando,2026-03-13 08:37:07,2026-03-13 08:37:24,17.0,2026-03-13,simulated
Escola Estadual Criança Esperança,Português,Professor_Bruno,f1c5e8faebc9ab791d2c562bfd9fda99c4bc10d22e6beff1b40abc554f2000ac,Alice Nascimento Silva Lobo,Atento,2026-03-13 08:37:26,2026-03-13 08:49:03,697.0,2026-03-13,simulated
Escola Estadual Criança Esperança,Português,Professor_Bruno,f1c5e8faebc9ab791d2c562bfd9fda99c4bc10d22e6beff1b40abc554f2000ac,Alice Nascimento Silva Lobo,Perguntando,2026-03-13 08:49:04,2026-03-13 08:49:32,28.0,2026-03-13,simulated
Escola Estadual Criança Esperança,Português,Professor_Bruno,f1c5e8faebc9ab791d2c562bfd9fda99c4bc10d22e6beff1b40abc554f2000ac,Alice Nascimento Silva Lobo,Atento,2026-03-13 08:49:34,2026-03-13 08:57:01,447.0,2026-03-13,simulated
Escola Estadual Criança Esperança,Português,Professor_Bruno,f1c5e8faebc9ab791d2c562bfd9fda99c4bc10d22e6beff1b40abc554f2000ac,Alice Nascimento Silva Lobo,Distraido,2026-03-13 08:57:05,2026-03-13 08:58:53,108.0,2026-03-13,simulated
Escola Estadual Criança Esperança,Português,Professor_Bruno,f1c5e8faebc9ab791d2c562bfd9fda99c4bc10d22e6beff1b40abc554f2000ac,Alice Nascimento Silva Lobo,Atento,2026-03-13 08:58:59,2026-03-13 09:09:27,628.0,2026-03-13,simulated
Escola Estadual Criança Esperança,Português,Professor_Bruno,f1c5e8faebc9ab791d2c562bfd9fda99c4bc10d22e6beff1b40abc554f2000ac,Alice Nascimento Silva Lobo,Agitado,2026-03-13 09:09:34,2026-03-13 09:10:53,79.0,2026-03-13,simulated
Escola Estadual Criança Esperança,Português,Professor_Bruno,f1c5e8faebc9ab791d2c562bfd9fda99c4bc10d22e6beff1b40abc554f2000ac,Alice Nascimento Silva Lobo,Distraido,2026-03-13 09:10:57,2026-03-13 09:12:54,117.0,2026-03-13,simulated
Escola Estadual Criança Esperança,Português,Professor_Bruno,f1c5e8faebc9ab791d2c562bfd9fda99c4bc10d22e6beff1b40abc554f2000ac,Alice Nascimento Silva Lobo,Atento,2026-03-13 09:13:02,2026-03-13 09:20:58,476.0,2026-03-13,simulated
Escola Estadual Criança Esperança,Português,Professor_Bruno,f1c5e8faebc9ab791d2c562bfd9fda99c4bc10d22e6beff1b40abc554f2000ac,Alice Nascimento Silva Lobo,Perguntando,2026-03-13 09:21:01,2026-03-13 09:21:17,16.0,2026-03-13,simulated
Escola Estadual Criança Esperança,Português,Professor_Bruno,f1c5e8faebc9ab791d2c562bfd9fda99c4bc10d22e6beff1b40abc554f2000ac,Alice Nascimento Silva Lobo,Distraido,2026-03-13 09:21:19,2026-03-13 09:23:39,140.0,2026-03-13,simulated
Escola Estadual Criança Esperança,Português,Professor_Bruno,f1c5e8faebc9ab791d2c562bfd9fda99c4bc10d22e6beff1b40abc554f2000ac,Alice Nascimento Silva Lobo,Atento,2026-03-13 09:23:42,2026-03-13 09:33:18,576.0,2026-03-13,simulated
Escola Estadual Criança Esperança,Português,Professor_Bruno,f1c5e8faebc9ab791d2c562bfd9fda99c4bc10d22e6beff1b40abc554f2000ac,Alice Nascimento Silva Lobo,Perguntando,2026-03-13 09:33:26,2026-03-13 09:33:48,22.0,2026-03-13,simulated
Escola Estadual Criança Esperança,Português,Professor_Bruno,f1c5e8faebc9ab791d2c562bfd9fda99c4bc10d22e6beff1b40abc554f2000ac,Alice Nascimento Silva Lobo,Atento,2026-03-13 09:33:54,2026-03-13 09:41:54,480.0,2026-03-13,simulated
Escola Estadual Criança Esperança,Português,Professor_Bruno,f1c5e8faebc9ab791d2c562bfd9fda99c4bc10d22e6beff1b40abc554f2000ac,Alice Nascimento Silva Lobo,Distraido,2026-03-13 09:41:55,2026-03-13 09:43:43,108.0,2026-03-13,simulated
Escola Estadual Criança Esperança,Português,Professor_Bruno,f1c5e8faebc9ab791d2c562bfd9fda99c4bc10d22e6beff1b40abc554f2000ac,Alice Nascimento Silva Lobo,Atento,2026-03-13 09:43:49,2026-03-13 09:50:04,375.0,2026-03-13,simulated
Escola Estadual Criança Esperança,Português,Professor_Bruno,f1c5e8faebc9ab791d2c562bfd9fda99c4bc10d22e6beff1b40abc554f2000ac,Alice Nascimento Silva Lobo,Perguntando,2026-03-13 09:50:12,2026-03-13 09:50:41,29.0,2026-03-13,simulated
Escola Estadual Criança Esperança,Português,Professor_Bruno,f1c5e8faebc9ab791d2c562bfd9fda99c4bc10d22e6beff1b40abc554f2000ac,Alice Nascimento Silva Lobo,Atento,2026-03-13 09:50:41,2026-03-13 10:01:27,646.0,2026-03-13,simulated
Escola Estadual Criança Esperança,Português,Professor_Bruno,f1c5e8faebc9ab791d2c562bfd9fda99c4bc10d22e6beff1b40abc554f2000ac,Alice Nascimento Silva Lobo,Agitado,2026-03-13 10:01:30,2026-03-13 10:02:34,64.0,2026-03-13,simulated
Escola Estadual Criança Esperança,Português,Professor_Bruno,f1c5e8faebc9ab791d2c562bfd9fda99c4bc10d22e6beff1b40abc554f2000ac,Alice Nascimento Silva Lobo,Atento,2026-03-13 10:02:37,2026-03-13 10:09:14,397.0,2026-03-13,simulated
Escola Estadual Criança Esperança,Português,Professor_Bruno,f1c5e8faebc9ab791d2c562bfd9fda99c4bc10d22e6beff1b40abc554f2000ac,Alice Nascimento Silva Lobo,Perguntando,2026-03-13 10:09:22,2026-03-13 10:09:50,28.0,2026-03-13,simulated
Escola Estadual Criança Esperança,Português,Professor_Bruno,f1c5e8faebc9ab791d2c562bfd9fda99c4bc10d22e6beff1b40abc554f2000ac,Alice Nascimento Silva Lobo,Atento,2026-03-13 10:09:58,2026-03-13 10:17:34,456.0,2026-03-13,simulated
Escola Estadual Criança Esperança,Português,Professor_Bruno,f1c5e8faebc9ab791d2c562bfd9fda99c4bc10d22e6beff1b40abc554f2000ac,Alice Nascimento Silva Lobo,Distraido,2026-03-13 10:17:41,2026-03-13 10:18:53,72.0,2026-03-13,simulated
Escola Estadual Criança Esperança,Português,Professor_Bruno,f1c5e8faebc9ab791d2c562bfd9fda99c4bc10d22e6beff1b40abc554f2000ac,Alice Nascimento Silva Lobo,Atento,2026-03-13 10:18:53,2026-03-13 10:26:26,453.0,2026-03-13,simulated
Escola Estadual Criança Esperança,Português,Professor_Bruno,f1c5e8faebc9ab791d2c562bfd9fda99c4bc10d22e6beff1b40abc554f2000ac,Alice Nascimento Silva Lobo,Perguntando,2026-03-13 10:26:26,2026-03-13 10:26:48,22.0,2026-03-13,simulated
Escola Estadual Criança Esperança,Português,Professor_Bruno,f1c5e8faebc9ab791d2c562bfd9fda99c4bc10d22e6beff1b40abc554f2000ac,Alice Nascimento Silva Lobo,Atento,2026-03-13 10:26:54,2026-03-13 10:33:32,398.0,2026-03-13,simulated
Escola Estadual Criança Esperança,Português,Professor_Bruno,f1c5e8faebc9ab791d2c562bfd9fda99c4bc10d22e6beff1b40abc554f2000ac,Alice Nascimento Silva Lobo,Perguntando,2026-03-13 10:33:32,2026-03-13 10:33:45,13.0,2026-03-13,simulated
Escola Estadual Criança Esperança,Português,Professor_Bruno,f1c5e8faebc9ab791d2c562bfd9fda99c4bc10d22e6beff1b40abc554f2000ac,Alice Nascimento Silva Lobo,Atento,2026-03-13 10:33:46,2026-03-13 10:45:12,686.0,2026-03-13,simulated
Escola Estadual Criança Esperança,Português,Professor_Bruno,f1c5e8faebc9ab791d2c562bfd9fda99c4bc10d22e6beff1b40abc554f2000ac,Alice Nascimento Silva Lobo,Distraido,2026-03-13 10:45:16,2026-03-13 10:47:02,106.0,2026-03-13,simulated
Escola Estadual Criança Esperança,Português,Professor_Bruno,f1c5e8faebc9ab791d2c562bfd9fda99c4bc10d22e6beff1b40abc554f2000ac,Alice Nascimento Silva Lobo,Atento,2026-03-13 10:47:02,2026-03-13 10:58:52,710.0,2026-03-13,simulated
Escola Estadual Criança Esperança,Português,Professor_Bruno,f1c5e8faebc9ab791d2c562bfd9fda99c4bc10d22e6beff1b40abc554f2000ac,Alice Nascimento Silva Lobo,Agitado,2026-03-13 10:58:57,2026-03-13 11:00:19,82.0,2026-03-13,simulated
Escola Estadual Criança Esperança,Português,Professor_Bruno,f1c5e8faebc9ab791d2c562bfd9fda99c4bc10d22e6beff1b40abc554f2000ac,Alice Nascimento Silva Lobo,Perguntando,2026-03-13 11:00:23,2026-03-13 11:00:33,10.0,2026-03-13,simulated
Escola Estadual Criança Esperança,Português,Professor_Bruno,f1c5e8faebc9ab791d2c562bfd9fda99c4bc10d22e6beff1b40abc554f2000ac,Alice Nascimento Silva Lobo,Distraido,2026-03-13 11:00:40,2026-03-13 11:03:37,177.0,2026-03-13,simulated
Escola Estadual Criança Esperança,Português,Professor_Bruno,f1c5e8faebc9ab791d2c562bfd9fda99c4bc10d22e6beff1b40abc554f2000ac,Alice Nascimento Silva Lobo,Atento,2026-03-13 11:03:40,2026-03-13 11:09:36,356.0,2026-03-13,simulated
Escola Estadual Criança Esperança,Português,Professor_Bruno,f1c5e8faebc9ab791d2c562bfd9fda99c4bc10d22e6beff1b40abc554f2000ac,Alice Nascimento Silva Lobo,Distraido,2026-03-13 11:09:38,2026-03-13 11:11:29,111.0,2026-03-13,simulated
Escola Estadual Criança Esperança,Português,Professor_Bruno,f1c5e8faebc9ab791d2c562bfd9fda99c4bc10d22e6beff1b40abc554f2000ac,Alice Nascimento Silva Lobo,Dormindo,2026-03-13 11:11:33,2026-03-13 11:12:54,81.0,2026-03-13,simulated
Escola Estadual Criança Esperança,Português,Professor_Bruno,f1c5e8faebc9ab791d2c562bfd9fda99c4bc10d22e6beff1b40abc554f2000ac,Alice Nascimento Silva Lobo,Agitado,2026-03-13 11:12:58,2026-03-13 11:14:26,88.0,2026-03-13,simulated
Escola Estadual Criança Esperança,Português,Professor_Bruno,f1c5e8faebc9ab791d2c562bfd9fda99c4bc10d22e6beff1b40abc554f2000ac,Alice Nascimento Silva Lobo,Atento,2026-03-13 11:14:34,2026-03-13 11:23:53,559.0,2026-03-13,simulated
Escola Estadual Criança Esperança,Português,Professor_Bruno,f1c5e8faebc9ab791d2c562bfd9fda99c4bc10d22e6beff1b40abc554f2000ac,Alice Nascimento Silva Lobo,Perguntando,2026-03-13 11:23:56,2026-03-13 11:24:26,30.0,2026-03-13,simulated
Escola Estadual Criança Esperança,Português,Professor_Bruno,f1c5e8faebc9ab791d2c562bfd9fda99c4bc10d22e6beff1b40abc554f2000ac,Alice Nascimento Silva Lobo,Atento,2026-03-13 11:24:29,2026-03-13 11:34:21,592.0,2026-03-13,simulated
Escola Estadual Criança Esperança,Português,Professor_Bruno,f1c5e8faebc9ab791d2c562bfd9fda99c4bc10d22e6beff1b40abc554f2000ac,Alice Nascimento Silva Lobo,Perguntando,2026-03-13 11:34:23,2026-03-13 11:34:48,25.0,2026-03-13,simulated
Escola Estadual Criança Esperança,Português,Professor_Bruno,f1c5e8faebc9ab791d2c562bfd9fda99c4bc10d22e6beff1b40abc554f2000ac,Alice Nascimento Silva Lobo,Distraido,2026-03-13 11:34:50,2026-03-13 11:37:43,173.0,2026-03-13,simulated
Escola Estadual Criança Esperança,Português,Professor_Bruno,f1c5e8faebc9ab791d2c562bfd9fda99c4bc10d22e6beff1b40abc554f2000ac,Alice Nascimento Silva Lobo,Atento,2026-03-13 11:37:43,2026-03-13 11:48:13,630.0,2026-03-13,simulated
Escola Estadual Criança Esperança,Português,Professor_Bruno,f1c5e8faebc9ab791d2c562bfd9fda99c4bc10d22e6beff1b40abc554f2000ac,Alice Nascimento Silva Lobo,Atento,2026-03-13 11:48:18,2026-03-13 11:56:00,462.0,2026-03-13,simulated
