school,discipline,teacher,id_student,student,behavior,start_time,end_time,duration_seconds,date,source
Escola Estadual Criança Esperança,História,Professora_Carla,103cd95d53cd1719703a66a87bad8e14da505b034d046656390724a3abc9cf06,Starley,Agitado,2026-03-16 08:00:00,2026-03-16 08:01:18,78.0,2026-03-16,simulated
Escola Estadual Criança Esperança,História,Professora_Carla,103cd95d53cd1719703a66a87bad8e14da505b034d046656390724a3abc9cf06,Starley,Perguntando,2026-03-16 08:01:21,2026-03-16 08:02:00,39.0,2026-03-16,simulated
Escola Estadual Criança Esperança,História,Professora_Carla,103cd95d53cd1719703a66a87bad8e14da505b034d046656390724a3abc9cf06,Starley,Atento,2026-03-16 08:02:01,2026-03-16 08:10:57,536.0,2026-03-16,simulated
Escola Estadual Criança Esperança,História,Professora_Carla,103cd95d53cd1719703a66a87bad8e14da505b034d046656390724a3abc9cf06,Starley,Distraido,2026-03-16 08:11:02,2026-03-16 08:12:17,75.0,2026-03-16,simulated
Escola Estadual Criança Esperança,História,Professora_Carla,103cd95d53cd1719703a66a87bad8e14da505b034d046656390724a3abc9cf06,Starley,Atento,2026-03-16 08:12:24,2026-03-16 08:19:17,413.0,2026-03-16,simulated
Escola Estadual Criança Esperança,História,Professora_Carla,103cd95d53cd1719703a66a87bad8e14da505b034d046656390724a3abc9cf06,Starley,Agitado,2026-03-16 08:19:17,2026-03-16 08:19:53,36.0,2026-03-16,simulated
Escola Estadual Criança Esperança,História,Professora_Carla,103cd95d53cd1719703a66a87bad8e14da505b034d046656390724a3abc9cf06,Starley,Atento,2026-03-16 08:20:01,2026-03-16 08:31:22,681.0,2026-03-16,simulated
Escola Estadual Criança Esperança,História,Professora_Carla,103cd95d53cd1719703a66a87bad8e14da505b034d046656390724a3abc9cf06,Starley,Perguntando,2026-03-16 08:31:28,2026-03-16 08:31:56,28.0,2026-03-16,simulated
Escola Estadual Criança Esperança,História,Professora_Carla,103cd95d53cd1719703a66a87bad8e14da505b034d046656390724a3abc9cf06,Starley,Atento,2026-03-16 08:32:02,2026-03-16 08:42:38,636.0,2026-03-16,simulated
Escola Estadual Criança Esperança,História,Professora_Carla,103cd95d53cd1719703a66a87bad8e14da505b034d046656390724a3abc9cf06,Starley,Perguntando,2026-03-16 08:42:41,2026-03-16 08:43:07,26.0,2026-03-16,simulated
Escola Estadual Criança Esperança,História,Professora_Carla,103cd95d53cd1719703a66a87bad8e14da505b034d046656390724a3abc9cf06,Starley,Distraido,2026-03-16 08:43:14,2026-03-16 08:46:14,180.0,2026-03-16,simulated
Escola Estadual Criança Esperança,História,Professora_Carla,103cd95d53cd1719703a66a87bad8e14da505b034d046656390724a3abc9cf06,Starley,Atento,2026-03-16 08:46:21,2026-03-16 08:57:23,662.0,2026-03-16,simulated
Escola Estadual Criança Esperança,História,Professora_Carla,103cd95d53cd1719703a66a87bad8e14da505b034d046656390724a3abc9cf06,Starley,Atento,2026-03-16 08:57:31,2026-03-16 09:05:29,478.0,2026-03-16,simulated
Escola Estadual Criança Esperança,História,Professora_Carla,103cd95d53cd1719703a66a87bad8e14da505b034d046656390724a3abc9cf06,Starley,Perguntando,2026-03-16 09:05:30,2026-03-16 09:06:01,31.0,2026-03-16,simulated
Escola Estadual Criança Esperança,História,Professora_Carla,103cd95d53cd1719703a66a87bad8e14da505b034d046656390724a3abc9cf06,Starley,Atento,2026-03-16 09:06:02,2026-03-16 09:16:43,641.0,2026-03-16,simulated
Escola Estadual Criança Esperança,História,Professora_Carla,103cd95d53cd1719703a66a87bad8e14da505b034d046656390724a3abc9cf06,Starley,Agitado,2026-03-16 09:16:44,2026-03-16 09:17:16,32.0,2026-03-16,simulated
Escola Estadual Criança Esperança,História,Professora_Carla,103cd95d53cd1719703a66a87bad8e14da505b034d046656390724a3abc9cf06,Starley,Atento,2026-03-16 09:17:22,2026-03-16 09:27:03,581.0,2026-03-16,simulated
Escola Estadual Criança Esperança,História,Professora_Carla,103cd95d53cd1719703a66a87bad8e14da505b034d046656390724a3abc9cf06,Starley,Perguntando,2026-03-16 09:27:10,2026-03-16 09:27:34,24.0,2026-03-16,simulated
Escola Estadual Criança Esperança,História,Professora_Carla,103cd95d53cd1719703a66a87bad8e14da505b034d046656390724a3abc9cf06,Starley,Atento,2026-03-16 09:27:38,2026-03-16 09:36:25,527.0,2026-03-16,simulated
Escola Estadual Criança Esperança,História,Professora_Carla,103cd95d53cd1719703a66a87bad8e14da505b034d046656390724a3abc9cf06,Starley,Atento,2026-03-16 09:36:25,2026-03-16 09:44:42,497.0,2026-03-16,simulated
Escola Estadual Criança Esperança,História,Professora_Carla,103cd95d53cd1719703a66a87bad8e14da505b034d046656390724a3abc9cf06,Starley,Atento,2026-03-16 09:44:44,2026-03-16 09:55:30,646.0,2026-03-16,simulated
Escola Estadual Criança Esperança,História,Professora_Carla,103cd95d53cd1719703a66a87bad8e14da505b034d046656390724a3abc9cf06,Starley,Perguntando,2026-03-16 09:55:30,2026-03-16 09:55:57,27.0,2026-03-16,simulated
Escola Estadual Criança Esperança,História,Professora_Carla,103cd95d53cd1719703a66a87bad8e14da505b034d046656390724a3abc9cf06,Starley,Agitado,2026-03-16 09:55:58,2026-03-16 09:56:57,59.0,2026-03-16,simulated
Escola Estadual Criança Esperança,História,Professora_Carla,103cd95d53cd1719703a66a87bad8e14da505b034d046656390724a3abc9cf06,Starley,Distraido,2026-03-16 09:57:03,2026-03-16 09:58:34,91.0,2026-03-16,simulated
Escola Estadual Criança Esperança,História,Professora_Carla,103cd95d53cd1719703a66a87bad8e14da505b034d046656390724a3abc9cf06,Starley,Atento,2026-03-16 09:58:38,2026-03-16 10:10:36,718.0,2026-03-16,simulated
Escola Estadual Criança Esperança,História,Professora_Carla,103cd95d53cd1719703a66a87bad8e14da505b034d046656390724a3abc9cf06,Starley,Perguntando,2026-03-16 10:10:36,2026-03-16 10:11:06,30.0,2026-03-16,simulated
Escola Estadual Criança Esperança,História,Professora_Carla,103cd95d53cd1719703a66a87bad8e14da505b034d046656390724a3abc9cf06,Starley,Atento,2026-03-16 10:11:13,2026-03-16 10:19:03,470.0,2026-03-16,simulated
Escola Estadual Criança Esperança,História,Professora_Carla,103cd95d53cd1719703a66a87bad8e14da505b034d046656390724a3abc9cf06,Starley,Perguntando,2026-03-16 10:19:04,2026-03-16 10:19:33,29.0,2026-03-16,simulated
Escola Estadual Criança Esperança,História,Professora_Carla,103cd95d53cd1719703a66a87bad8e14da505b034d046656390724a3abc9cf06,Starley,Atento,2026-03-16 10:19:39,2026-03-16 10:26:02,383.0,2026-03-16,simulated
Escola Estadual Criança Esperança,História,Professora_Carla,103cd95d53cd1719703a66a87bad8e14da505b034d046656390724a3abc9cf06,Starley,Distraido,2026-03-16 10:26:08,2026-03-16 10:28:06,118.0,2026-03-16,simulated
Escola Estadual Criança Esperança,História,Professora_Carla,103cd95d53cd1719703a66a87bad8e14da505b034d046656390724a3abc9cf06,Starley,Atento,2026-03-16 10:28:14,2026-03-16 10:35:23,429.0,2026-03-16,simulated
Escola Estadual Criança Esperança,História,Professora_Carla,103cd95d53cd1719703a66a87bad8e14da505b034d046656390724a3abc9cf06,Starley,Perguntando,2026-03-16 10:35:27,2026-03-16 10:35:50,23.0,2026-03-16,simulated
Escola Estadual Criança Esperança,História,Professora_Carla,103cd95d53cd1719703a66a87bad8e14da505b034d046656390724a3abc9cf06,Starley,Atento,2026-03-16 10:35:52,2026-03-16 10:47:28,696.0,2026-03-16,simulated
Escola Estadual Criança Esperança,História,Professora_Carla,103cd95d53cd1719703a66a87bad8e14da505b034d046656390724a3abc9cf06,Starley,Distraido,2026-03-16 10:47:35,2026-03-16 10:48:22,47.0,2026-03-16,simulated
Escola Estadual Criança Esperança,História,Professora_Carla,103cd95d53cd1719703a66a87bad8e14da505b034d046656390724a3abc9cf06,Starley,Atento,2026-03-16 10:48:23,2026-03-16 10:53:32,309.0,2026-03-16,simulated
Escola Estadual Criança Esperança,História,Professora_Carla,103cd95d53cd1719703a66a87bad8e14da505b034d046656390724a3abc9cf06,Starley,Perguntando,2026-03-16 10:53:37,2026-03-16 10:53:59,22.0,2026-03-16,simulated
Escola Estadual Criança Esperança,História,Professora_Carla,103cd95d53cd1719703a66a87bad8e14da505b034d046656390724a3abc9cf06,Starley,Atento,2026-03-16 10:54:00,2026-03-16 10:59:06,306.0,2026-03-16,simulated
Escola Estadual Criança Esperança,História,Professora_Carla,103cd95d53cd1719703a66a87bad8e14da505b034d046656390724a3abc9cf06,Starley,Perguntando,2026-03-16 10:59:14,2026-03-16 10:59:25,11.0,2026-03-16,simulated
Escola Estadual Criança Esperança,História,Professora_Carla,103cd95d53cd1719703a66a87bad8e14da505b034d046656390724a3abc9cf06,Starley,Atento,2026-03-16 10:59:33,2026-03-16 11:06:39,426.0,2026-03-16,simulated
Escola Estadual Criança Esperança,História,Professora_Carla,103cd95d53cd1719703a66a87bad8e14da505b034d046656390724a3abc9cf06,Starley,Perguntando,2026-03-16 11:06:43,2026-03-16 11:07:18,35.0,2026-03-16,simulated
Escola Estadual Criança Esperança,História,Professora_Carla,103cd95d53cd1719703a66a87bad8e14da505b034d046656390724a3abc9cf06,Starley,Atento,2026-03-16 11:07:22,2026-03-16 11:16:26,544.0,2026-03-16,simulated
Escola Estadual Criança Esperança,História,Professora_Carla,103cd95d53cd1719703a66a87bad8e14da505b034d046656390724a3abc9cf06,Starley,Perguntando,2026-03-16 11:16:30,2026-03-16 11:16:47,17.0,2026-03-16,simulated
Escola Estadual Criança Esperança,História,Professora_Carla,103cd95d53cd1719703a66a87bad8e14da505b034d046656390724a3abc9cf06,Starley,Atento,2026-03-16 11:16:52,2026-03-16 11:24:19,447.0,2026-03-16,simulated
Escola Estadual Criança Esperança,História,Professora_Carla,103cd95d53cd1719703a66a87bad8e14da505b034d046656390724a3abc9cf06,Starley,Distraido,2026-03-16 11:24:27,2026-03-16 11:27:09,162.0,2026-03-16,simulated
Escola Estadual Criança Esperança,História,Professora_Carla,103cd95d53cd1719703a66a87bad8e14da505b034d046656390724a3abc9cf06,Starley,Perguntando,2026-03-16 11:27:15,2026-03-16 11:27:26,11.0,2026-03-16,simulated
Escola Estadual Criança Esperança,História,Professora_Carla,103cd95d53cd1719703a66a87bad8e14da505b034d046656390724a3abc9cf06,Starley,Atento,2026-03-16 11:27:30,2026-03-16 11:33:38,368.0,2026-03-16,simulated
Escola Estadual Criança Esperança,História,Professora_Carla,103cd95d53cd1719703a66a87bad8e14da505b034d046656390724a3abc9cf06,Starley,Dormindo,2026-03-16 11:33:40,2026-03-16 11:37:15,215.0,2026-03-16,simulated
Escola Estadual Criança Esperança,História,Professora_Carla,103cd95d53cd1719703a66a87bad8e14da505b034d046656390724a3abc9cf06,Starley,Atento,2026-03-16 11:37:18,2026-03-16 11:40:00,162.0,2026-03-16,simulated
Escola Estadual Criança Esperança,História,Professora_Carla,51e028c29914c6103719ccf21258789707dbb3234a716394f10de9ae5349d033,Pedro Vitor Sousa Santos,Perguntando,2026-03-16 08:02:00,2026-03-16 08:02:20,20.0,2026-03-16,simulated
Escola Estadual Criança Esperança,História,Professora_Carla,51e028c29914c6103719ccf21258789707dbb3234a716394f10de9ae5349d033,Pedro Vitor Sousa Santos,Atento,2026-03-16 08:02:23,2026-03-16 08:07:57,334.0,2026-03-16,simulated
Escola Estadual Criança Esperança,História,Professora_Carla,51e028c29914c6103719ccf21258789707dbb3234a716394f10de9ae5349d033,Pedro Vitor Sousa Santos,Distraido,2026-03-16 08:08:02,2026-03-16 08:09:57,115.0,2026-03-16,simulated
Escola Estadual Criança Esperança,História,Professora_Carla,51e028c29914c6103719ccf21258789707dbb3234a716394f10de9ae5349d033,Pedro Vitor Sousa Santos,Perguntando,2026-03-16 08:09:59,2026-03-16 08:10:19,20.0,2026-03-16,simulated
Escola Estadual Criança Esperança,História,Professora_Carla,51e028c29914c6103719ccf21258789707dbb3234a716394f10de9ae5349d033,Pedro Vitor Sousa Santos,Atento,2026-03-16 08:10:24,2026-03-16 08:20:11,587.0,2026-03-16,simulated
Escola Estadual Criança Esperança,História,Professora_Carla,51e028c29914c6103719ccf21258789707dbb3234a716394f10de9ae5349d033,Pedro Vitor Sousa Santos,Dormindo,2026-03-16 08:20:17,2026-03-16 08:22:33,136.0,2026-03-16,simulated
Escola Estadual Criança Esperança,História,Professora_Carla,51e028c29914c6103719ccf21258789707dbb3234a716394f10de9ae5349d033,Pedro Vitor Sousa Santos,Atento,2026-03-16 08:22:37,2026-03-16 08:33:52,675.0,2026-03-16,simulated
Escola Estadual Criança Esperança,História,Professora_Carla,51e028c29914c6103719ccf21258789707dbb3234a716394f10de9ae5349d033,Pedro Vitor Sousa Santos,Perguntando,2026-03-16 08:33:59,2026-03-16 08:34:19,20.0,2026-03-16,simulated
Escola Estadual Criança Esperança,História,Professora_Carla,51e028c29914c6103719ccf21258789707dbb3234a716394f10de9ae5349d033,Pedro Vitor Sousa Santos,Atento,2026-03-16 08:34:26,2026-03-16 08:40:38,372.0,2026-03-16,simulated
Escola Estadual Criança Esperança,História,Professora_Carla,51e028c29914c6103719ccf21258789707dbb3234a716394f10de9ae5349d033,Pedro Vitor Sousa Santos,Perguntando,2026-03-16 08:40:45,2026-03-16 08:41:08,23.0,2026-03-16,simulated
Escola Estadual Criança Esperança,História,Professora_Carla,51e028c29914c6103719ccf21258789707dbb3234a716394f10de9ae5349d033,Pedro Vitor Sousa Santos,Agitado,2026-03-16 08:41:08,2026-03-16 08:42:12,64.0,2026-03-16,simulated
Escola Estadual Criança Esperança,História,Professora_Carla,51e028c29914c6103719ccf21258789707dbb3234a716394f10de9ae5349d033,Pedro Vitor Sousa Santos,Atento,2026-03-16 08:42:18,2026-03-16 08:50:18,480.0,2026-03-16,simulated
Escola Estadual Criança Esperança,História,Professora_Carla,51e028c29914c6103719ccf21258789707dbb3234a716394f10de9ae5349d033,Pedro Vitor Sousa Santos,Perguntando,2026-03-16 08:50:19,2026-03-16 08:50:51,32.0,2026-03-16,simulated
Escola Estadual Criança Esperança,História,Professora_Carla,51e028c29914c6103719ccf21258789707dbb3234a716394f10de9ae5349d033,Pedro Vitor Sousa Santos,Atento,2026-03-16 08:50:59,2026-03-16 08:56:13,314.0,2026-03-16,simulated
Escola Estadual Criança Esperança,História,Professora_Carla,51e028c29914c6103719ccf21258789707dbb3234a716394f10de9ae5349d033,Pedro Vitor Sousa Santos,Agitado,2026-03-16 08:56:20,2026-03-16 08:57:04,44.0,2026-03-16,simulated
Escola Estadual Criança Esperança,História,Professora_Carla,51e028c29914c6103719ccf21258789707dbb3234a716394f10de9ae5349d033,Pedro Vitor Sousa Santos,Atento,2026-03-16 08:57:09,2026-03-16 09:04:59,470.0,2026-03-16,simulated
Escola Estadual Criança Esperança,História,Professora_Carla,51e028c29914c6103719ccf21258789707dbb3234a716394f10de9ae5349d033,Pedro Vitor Sousa Santos,Perguntando,2026-03-16 09:05:03,2026-03-16 09:05:24,21.0,2026-03-16,simulated
Escola Estadual Criança Esperança,História,Professora_Carla,51e028c29914c6103719ccf21258789707dbb3234a716394f10de9ae5349d033,Pedro Vitor Sousa Santos,Atento,2026-03-16 09:05:26,2026-03-16 09:13:00,454.0,2026-03-16,simulated
Escola Estadual Criança Esperança,História,Professora_Carla,51e028c29914c6103719ccf21258789707dbb3234a716394f10de9ae5349d033,Pedro Vitor Sousa Santos,Agitado,2026-03-16 09:13:06,2026-03-16 09:13:53,47.0,2026-03-16,simulated
Escola Estadual Criança Esperança,História,Professora_Carla,51e028c29914c6103719ccf21258789707dbb3234a716394f10de9ae5349d033,Pedro Vitor Sousa Santos,Perguntando,2026-03-16 09:13:57,2026-03-16 09:14:31,34.0,2026-03-16,simulated
Escola Estadual Criança Esperança,História,Professora_Carla,51e028c29914c6103719ccf21258789707dbb3234a716394f10de9ae5349d033,Pedro Vitor Sousa Santos,Atento,2026-03-16 09:14:38,2026-03-16 09:20:21,343.0,2026-03-16,simulated
Escola Estadual Criança Esperança,História,Professora_Carla,51e028c29914c6103719ccf21258789707dbb3234a716394f10de9ae5349d033,Pedro Vitor Sousa Santos,Perguntando,2026-03-16 09:20:23,2026-03-16 09:20:47,24.0,2026-03-16,simulated
Escola Estadual Criança Esperança,História,Professora_Carla,51e028c29914c6103719ccf21258789707dbb3234a716394f10de9ae5349d033,Pedro Vitor Sousa Santos,Atento,2026-03-16 09:20:51,2026-03-16 09:32:11,680.0,2026-03-16,simulated
Escola Estadual Criança Esperança,História,Professora_Carla,51e028c29914c6103719ccf21258789707dbb3234a716394f10de9ae5349d033,Pedro Vitor Sousa Santos,Perguntando,2026-03-16 09:32:13,2026-03-16 09:32:30,17.0,2026-03-16,simulated
Escola Estadual Criança Esperança,História,Professora_Carla,51e028c29914c6103719ccf21258789707dbb3234a716394f10de9ae5349d033,Pedro Vitor Sousa Santos,Distraido,2026-03-16 09:32:31,2026-03-16 09:35:17,166.0,2026-03-16,simulated
Escola Estadual Criança Esperança,História,Professora_Carla,51e028c29914c6103719ccf21258789707dbb3234a716394f10de9ae5349d033,Pedro Vitor Sousa Santos,Atento,2026-03-16 09:35:25,2026-03-16 09:42:16,411.0,2026-03-16,simulated
Escola Estadual Criança Esperança,História,Professora_Carla,51e028c29914c6103719ccf21258789707dbb3234a716394f10de9ae5349d033,Pedro Vitor Sousa Santos,Perguntando,2026-03-16 09:42:16,2026-03-16 09:42:26,10.0,2026-03-16,simulated
Escola Estadual Criança Esperança,História,Professora_Carla,51e028c29914c6103719ccf21258789707dbb3234a716394f10de9ae5349d033,Pedro Vitor Sousa Santos,Atento,2026-03-16 09:42:31,2026-03-16 09:53:38,667.0,2026-03-16,simulated
Escola Estadual Criança Esperança,História,Professora_Carla,51e028c29914c6103719ccf21258789707dbb3234a716394f10de9ae5349d033,Pedro Vitor Sousa Santos,Agitado,2026-03-16 09:53:43,2026-03-16 09:55:00,77.0,2026-03-16,simulated
Escola Estadual Criança Esperança,História,Professora_Carla,51e028c29914c6103719ccf21258789707dbb3234a716394f10de9ae5349d033,Pedro Vitor Sousa Santos,Atento,2026-03-16 09:55:00,2026-03-16 10:00:41,341.0,2026-03-16,simulated
Escola Estadual Criança Esperança,História,Professora_Carla,51e028c29914c6103719ccf21258789707dbb3234a716394f10de9ae5349d033,Pedro Vitor Sousa Santos,Perguntando,2026-03-16 10:00:47,2026-03-16 10:01:08,21.0,2026-03-16,simulated
Escola Estadual Criança Esperança,História,Professora_Carla,51e028c29914c6103719ccf21258789707dbb3234a716394f10de9ae5349d033,Pedro Vitor Sousa Santos,Distraido,2026-03-16 10:01:15,2026-03-16 10:02:13,58.0,2026-03-16,simulated
Escola Estadual Criança Esperança,História,Professora_Carla,51e028c29914c6103719ccf21258789707dbb3234a716394f10de9ae5349d033,Pedro Vitor Sousa Santos,Perguntando,2026-03-16 10:02:19,2026-03-16 10:02:47,28.0,2026-03-16,simulated
Escola Estadual Criança Esperança,História,Professora_Carla,51e028c29914c6103719ccf21258789707dbb3234a716394f10de9ae5349d033,Pedro Vitor Sousa Santos,Atento,2026-03-16 10:02:48,2026-03-16 10:11:57,549.0,2026-03-16,simulated
Escola Estadual Criança Esperança,História,Professora_Carla,51e028c29914c6103719ccf21258789707dbb3234a716394f10de9ae5349d033,Pedro Vitor Sousa Santos,Perguntando,2026-03-16 10:12:03,2026-03-16 10:12:20,17.0,2026-03-16,simulated
Escola Estadual Criança Esperança,História,Professora_Carla,51e028c29914c6103719ccf21258789707dbb3234a716394f10de9ae5349d033,Pedro Vitor Sousa Santos,Atento,2026-03-16 10:12:20,2026-03-16 10:23:14,654.0,2026-03-16,simulated
Escola Estadual Criança Esperança,História,Professora_Carla,51e028c29914c6103719ccf21258789707dbb3234a716394f10de9ae5349d033,Pedro Vitor Sousa Santos,Distraido,2026-03-16 10:23:15,2026-03-16 10:25:17,122.0,2026-03-16,simulated
Escola Estadual Criança Esperança,História,Professora_Carla,51e028c29914c6103719ccf21258789707dbb3234a716394f10de9ae5349d033,Pedro Vitor Sousa Santos,Agitado,2026-03-16 10:25:20,2026-03-16 10:25:42,22.0,2026-03-16,simulated
Escola Estadual Criança Esperança,História,Professora_Carla,51e028c29914c6103719ccf21258789707dbb3234a716394f10de9ae5349d033,Pedro Vitor Sousa Santos,Distraido,2026-03-16 10:25:43,2026-03-16 10:28:35,172.0,2026-03-16,simulated
Escola Estadual Criança Esperança,História,Professora_Carla,51e028c29914c6103719ccf21258789707dbb3234a716394f10de9ae5349d033,Pedro Vitor Sousa Santos,Atento,2026-03-16 10:28:39,2026-03-16 10:38:12,573.0,2026-03-16,simulated
Escola Estadual Criança Esperança,História,Professora_Carla,51e028c29914c6103719ccf21258789707dbb3234a716394f10de9ae5349d033,Pedro Vitor Sousa Santos,Perguntando,2026-03-16 10:38:17,2026-03-16 10:38:45,28.0,2026-03-16,simulated
Escola Estadual Criança Esperança,História,Professora_Carla,51e028c29914c6103719ccf21258789707dbb3234a716394f10de9ae5349d033,Pedro Vitor Sousa Santos,Distraido,2026-03-16 10:38:51,2026-03-16 10:40:54,123.0,2026-03-16,simulated
Escola Estadual Criança Esperança,História,Professora_Carla,51e028c29914c6103719ccf21258789707dbb3234a716394f10de9ae5349d033,Pedro Vitor Sousa Santos,Perguntando,2026-03-16 10:40:54,2026-03-16 10:41:34,40.0,2026-03-16,simulated
Escola Estadual Criança Esperança,História,Professora_Carla,51e028c29914c6103719ccf21258789707dbb3234a716394f10de9ae5349d033,Pedro Vitor Sousa Santos,Atento,2026-03-16 10:41:38,2026-03-16 10:49:52,494.0,2026-03-16,simulated
Escola Estadual Criança Esperança,História,Professora_Carla,51e028c29914c6103719ccf21258789707dbb3234a716394f10de9ae5349d033,Pedro Vitor Sousa Santos,Agitado,2026-03-16 10:49:59,2026-03-16 10:51:23,84.0,2026-03-16,simulated
Escola Estadual Criança Esperança,História,Professora_Carla,51e028c29914c6103719ccf21258789707dbb3234a716394f10de9ae5349d033,Pedro Vitor Sousa Santos,Atento,2026-03-16 10:51:25,2026-03-16 11:02:48,683.0,2026-03-16,simulated
Escola Estadual Criança Esperança,História,Professora_Carla,51e028c29914c6103719ccf21258789707dbb3234a716394f10de9ae5349d033,Pedro Vitor Sousa Santos,Distraido,2026-03-16 11:02:54,2026-03-16 11:04:38,104.0,2026-03-16,simulated
Escola Estadual Criança Esperança,História,Professora_Carla,51e028c29914c6103719ccf21258789707dbb3234a716394f10de9ae5349d033,Pedro Vitor Sousa Santos,Dormindo,2026-03-16 11:04:43,2026-03-16 11:05:52,69.0,2026-03-16,simulated
Escola Estadual Criança Esperança,História,Professora_Carla,51e028c29914c6103719ccf21258789707dbb3234a716394f10de9ae5349d033,Pedro Vitor Sousa Santos,Perguntando,2026-03-16 11:05:59,2026-03-16 11:06:29,30.0,2026-03-16,simulated
Escola Estadual Criança Esperança,História,Professora_Carla,51e028c29914c6103719ccf21258789707dbb3234a716394f10de9ae5349d033,Pedro Vitor Sousa Santos,Dormindo,2026-03-16 11:06:33,2026-03-16 11:11:25,292.0,2026-03-16,simulated
Escola Estadual Criança Esperança,História,Professora_Carla,51e028c29914c6103719ccf21258789707dbb3234a716394f10de9ae5349d033,Pedro Vitor Sousa Santos,Perguntando,2026-03-16 11:11:26,2026-03-16 11:12:02,36.0,2026-03-16,simulated
Escola Estadual Criança Esperança,História,Professora_Carla,51e028c29914c6103719ccf21258789707dbb3234a716394f10de9ae5349d033,Pedro Vitor Sousa Santos,Agitado,2026-03-16 11:12:04,2026-03-16 11:13:19,75.0,2026-03-16,simulated
Escola Estadual Criança Esperança,História,Professora_Carla,51e028c29914c6103719ccf21258789707dbb3234a716394f10de9ae5349d033,Pedro Vitor Sousa Santos,Perguntando,2026-03-16 11:13:25,2026-03-16 11:14:05,40.0,2026-03-16,simulated
Escola Estadual Criança Esperança,História,Professora_Carla,51e028c29914c6103719ccf21258789707dbb3234a716394f10de9ae5349d033,Pedro Vitor Sousa Santos,Atento,2026-03-16 11:14:11,2026-03-16 11:24:11,600.0,2026-03-16,simulated
Escola Estadual Criança Esperança,História,Professora_Carla,51e028c29914c6103719ccf21258789707dbb3234a716394f10de9ae5349d033,Pedro Vitor Sousa Santos,Perguntando,2026-03-16 11:24:18,2026-03-16 11:24:38,20.0,2026-03-16,simulated
Escola Estadual Criança Esperança,História,Professora_Carla,51e028c29914c6103719ccf21258789707dbb3234a716394f10de9ae5349d033,Pedro Vitor Sousa Santos,Agitado,2026-03-16 11:24:38,2026-03-16 11:25:28,50.0,2026-03-16,simulated
Escola Estadual Criança Esperança,História,Professora_Carla,51e028c29914c6103719ccf21258789707dbb3234a716394f10de9ae5349d033,Pedro Vitor Sousa Santos,Atento,2026-03-16 11:25:33,2026-03-16 11:34:31,538.0,2026-03-16,simulated
Escola Estadual Criança Esperança,História,Professora_Carla,51e028c29914c6103719ccf21258789707dbb3234a716394f10de9ae5349d033,Pedro Vitor Sousa Santos,Perguntando,2026-03-16 11:34:37,2026-03-16 11:35:15,38.0,2026-03-16,simulated
Escola Estadual Criança Esperança,História,Professora_Carla,51e028c29914c6103719ccf21258789707dbb3234a716394f10de9ae5349d033,Pedro Vitor Sousa Santos,Atento,2026-03-16 11:35:17,2026-03-16 11:42:00,403.0,2026-03-16,simulated
Escola Estadual Criança Esperança,História,Professora_Carla,eb3c72a0bb37fffc786f4ab3c5d9dcfeff614019a87ad1548133b55826c3b9fa,Bruno Dias,Distraido,2026-03-16 08:04:00,2026-03-16 08:06:20,140.0,2026-03-16,simulated
Escola Estadual Criança Esperança,História,Professora_Carla,eb3c72a0bb37fffc786f4ab3c5d9dcfeff614019a87ad1548133b55826c3b9fa,Bruno Dias,Dormindo,2026-03-16 08:06:21,2026-03-16 08:10:20,239.0,2026-03-16,simulated
Escola Estadual Criança Esperança,História,Professora_Carla,eb3c72a0bb37fffc786f4ab3c5d9dcfeff614019a87ad1548133b55826c3b9fa,Bruno Dias,Distraido,2026-03-16 08:10:25,2026-03-16 08:12:46,141.0,2026-03-16,simulated
Escola Estadual Criança Esperança,História,Professora_Carla,eb3c72a0bb37fffc786f4ab3c5d9dcfeff614019a87ad1548133b55826c3b9fa,Bruno Dias,Agitado,2026-03-16 08:12:48,2026-03-16 08:13:51,63.0,2026-03-16,simulated
Escola Estadual Criança Esperança,História,Professora_Carla,eb3c72a0bb37fffc786f4ab3c5d9dcfeff614019a87ad1548133b55826c3b9fa,Bruno Dias,Distraido,2026-03-16 08:13:59,2026-03-16 08:15:31,92.0,2026-03-16,simulated
Escola Estadual Criança Esperança,História,Professora_Carla,eb3c72a0bb37fffc786f4ab3c5d9dcfeff614019a87ad1548133b55826c3b9fa,Bruno Dias,Atento,2026-03-16 08:15:39,2026-03-16 08:21:03,324.0,2026-03-16,simulated
Escola Estadual Criança Esperança,História,Professora_Carla,eb3c72a0bb37fffc786f4ab3c5d9dcfeff614019a87ad1548133b55826c3b9fa,Bruno Dias,Distraido,2026-03-16 08:21:07,2026-03-16 08:23:30,143.0,2026-03-16,simulated
Escola Estadual Criança Esperança,História,Professora_Carla,eb3c72a0bb37fffc786f4ab3c5d9dcfeff614019a87ad1548133b55826c3b9fa,Bruno Dias,Dormindo,2026-03-16 08:23:38,2026-03-16 08:26:36,178.0,2026-03-16,simulated
Escola Estadual Criança Esperança,História,Professora_Carla,eb3c72a0bb37fffc786f4ab3c5d9dcfeff614019a87ad1548133b55826c3b9fa,Bruno Dias,Atento,2026-03-16 08:26:36,2026-03-16 08:33:08,392.0,2026-03-16,simulated
Escola Estadual Criança Esperança,História,Professora_Carla,eb3c72a0bb37fffc786f4ab3c5d9dcfeff614019a87ad1548133b55826c3b9fa,Bruno Dias,Distraido,2026-03-16 08:33:10,2026-03-16 08:34:20,70.0,2026-03-16,simulated
Escola Estadual Criança Esperança,História,Professora_Carla,eb3c72a0bb37fffc786f4ab3c5d9dcfeff614019a87ad1548133b55826c3b9fa,Bruno Dias,Atento,2026-03-16 08:34:25,2026-03-16 08:43:15,530.0,2026-03-16,simulated
Escola Estadual Criança Esperança,História,Professora_Carla,eb3c72a0bb37fffc786f4ab3c5d9dcfeff614019a87ad1548133b55826c3b9fa,Bruno Dias,Dormindo,2026-03-16 08:43:17,2026-03-16 08:47:31,254.0,2026-03-16,simulated
Escola Estadual Criança Esperança,História,Professora_Carla,eb3c72a0bb37fffc786f4ab3c5d9dcfeff614019a87ad1548133b55826c3b9fa,Bruno Dias,Agitado,2026-03-16 08:47:35,2026-03-16 08:48:42,67.0,2026-03-16,simulated
Escola Estadual Criança Esperança,História,Professora_Carla,eb3c72a0bb37fffc786f4ab3c5d9dcfeff614019a87ad1548133b55826c3b9fa,Bruno Dias,Distraido,2026-03-16 08:48:47,2026-03-16 08:49:44,57.0,2026-03-16,simulated
Escola Estadual Criança Esperança,História,Professora_Carla,eb3c72a0bb37fffc786f4ab3c5d9dcfeff614019a87ad1548133b55826c3b9fa,Bruno Dias,Agitado,2026-03-16 08:49:46,2026-03-16 08:50:07,21.0,2026-03-16,simulated
Escola Estadual Criança Esperança,História,Professora_Carla,eb3c72a0bb37fffc786f4ab3c5d9dcfeff614019a87ad1548133b55826c3b9fa,Bruno Dias,Dormindo,2026-03-16 08:50:10,2026-03-16 08:54:04,234.0,2026-03-16,simulated
Escola Estadual Criança Esperança,História,Professora_Carla,eb3c72a0bb37fffc786f4ab3c5d9dcfeff614019a87ad1548133b55826c3b9fa,Bruno Dias,Distraido,2026-03-16 08:54:09,2026-03-16 08:55:32,83.0,2026-03-16,simulated
Escola Estadual Criança Esperança,História,Professora_Carla,eb3c72a0bb37fffc786f4ab3c5d9dcfeff614019a87ad1548133b55826c3b9fa,Bruno Dias,Atento,2026-03-16 08:55:39,2026-03-16 09:05:17,578.0,2026-03-16,simulated
Escola Estadual Criança Esperança,História,Professora_Carla,eb3c72a0bb37fffc786f4ab3c5d9dcfeff614019a87ad1548133b55826c3b9fa,Bruno Dias,Dormindo,2026-03-16 09:05:25,2026-03-16 09:07:35,130.0,2026-03-16,simulated
Escola Estadual Criança Esperança,História,Professora_Carla,eb3c72a0bb37fffc786f4ab3c5d9dcfeff614019a87ad1548133b55826c3b9fa,Bruno Dias,Atento,2026-03-16 09:07:42,2026-03-16 09:17:34,592.0,2026-03-16,simulated
Escola Estadual Criança Esperança,História,Professora_Carla,eb3c72a0bb37fffc786f4ab3c5d9dcfeff614019a87ad1548133b55826c3b9fa,Bruno Dias,Distraido,2026-03-16 09:17:39,2026-03-16 09:18:41,62.0,2026-03-16,simulated
Escola Estadual Criança Esperança,História,Professora_Carla,eb3c72a0bb37fffc786f4ab3c5d9dcfeff614019a87ad1548133b55826c3b9fa,Bruno Dias,Agitado,2026-03-16 09:18:47,2026-03-16 09:20:06,79.0,2026-03-16,simulated
Escola Estadual Criança Esperança,História,Professora_Carla,eb3c72a0bb37fffc786f4ab3c5d9dcfeff614019a87ad1548133b55826c3b9fa,Bruno Dias,Distraido,2026-03-16 09:20:10,2026-03-16 09:22:42,152.0,2026-03-16,simulated
Escola Estadual Criança Esperança,História,Professora_Carla,eb3c72a0bb37fffc786f4ab3c5d9dcfeff614019a87ad1548133b55826c3b9fa,Bruno Dias,Perguntando,2026-03-16 09:22:42,2026-03-16 09:23:06,24.0,2026-03-16,simulated
Escola Estadual Criança Esperança,História,Professora_Carla,eb3c72a0bb37fffc786f4ab3c5d9dcfeff614019a87ad1548133b55826c3b9fa,Bruno Dias,Dormindo,2026-03-16 09:23:14,2026-03-16 09:24:58,104.0,2026-03-16,simulated
Escola Estadual Criança Esperança,História,Professora_Carla,eb3c72a0bb37fffc786f4ab3c5d9dcfeff614019a87ad1548133b55826c3b9fa,Bruno Dias,Agitado,2026-03-16 09:25:00,2026-03-16 09:26:07,67.0,2026-03-16,simulated
Escola Estadual Criança Esperança,História,Professora_Carla,eb3c72a0bb37fffc786f4ab3c5d9dcfeff614019a87ad1548133b55826c3b9fa,Bruno Dias,Dormindo,2026-03-16 09:26:14,2026-03-16 09:31:02,288.0,2026-03-16,simulated
Escola Estadual Criança Esperança,História,Professora_Carla,eb3c72a0bb37fffc786f4ab3c5d9dcfeff614019a87ad1548133b55826c3b9fa,Bruno Dias,Perguntando,2026-03-16 09:31:09,2026-03-16 09:31:47,38.0,2026-03-16,simulated
Escola Estadual Criança Esperança,História,Professora_Carla,eb3c72a0bb37fffc786f4ab3c5d9dcfeff614019a87ad1548133b55826c3b9fa,Bruno Dias,Atento,2026-03-16 09:31:55,2026-03-16 09:41:31,576.0,2026-03-16,simulated
Escola Estadual Criança Esperança,História,Professora_Carla,eb3c72a0bb37fffc786f4ab3c5d9dcfeff614019a87ad1548133b55826c3b9fa,Bruno Dias,Perguntando,2026-03-16 09:41:39,2026-03-16 09:42:09,30.0,2026-03-16,simulated
Escola Estadual Criança Esperança,História,Professora_Carla,eb3c72a0bb37fffc786f4ab3c5d9dcfeff614019a87ad1548133b55826c3b9fa,Bruno Dias,Distraido,2026-03-16 09:42:14,2026-03-16 09:43:18,64.0,2026-03-16,simulated
Escola Estadual Criança Esperança,História,Professora_Carla,eb3c72a0bb37fffc786f4ab3c5d9dcfeff614019a87ad1548133b55826c3b9fa,Bruno Dias,Atento,2026-03-16 09:43:26,2026-03-16 09:52:14,528.0,2026-03-16,simulated
Escola Estadual Criança Esperança,História,Professora_Carla,eb3c72a0bb37fffc786f4ab3c5d9dcfeff614019a87ad1548133b55826c3b9fa,Bruno Dias,Distraido,2026-03-16 09:52:19,2026-03-16 09:53:45,86.0,2026-03-16,simulated
Escola Estadual Criança Esperança,História,Professora_Carla,eb3c72a0bb37fffc786f4ab3c5d9dcfeff614019a87ad1548133b55826c3b9fa,Bruno Dias,Atento,2026-03-16 09:53:53,2026-03-16 10:03:06,553.0,2026-03-16,simulated
Escola Estadual Criança Esperança,História,Professora_Carla,eb3c72a0bb37fffc786f4ab3c5d9dcfeff614019a87ad1548133b55826c3b9fa,Bruno Dias,Distraido,2026-03-16 10:03:13,2026-03-16 10:04:54,101.0,2026-03-16,simulated
Escola Estadual Criança Esperança,História,Professora_Carla,eb3c72a0bb37fffc786f4ab3c5d9dcfeff614019a87ad1548133b55826c3b9fa,Bruno Dias,Atento,2026-03-16 10:04:55,2026-03-16 10:16:18,683.0,2026-03-16,simulated
Escola Estadual Criança Esperança,História,Professora_Carla,eb3c72a0bb37fffc786f4ab3c5d9dcfeff614019a87ad1548133b55826c3b9fa,Bruno Dias,Distraido,2026-03-16 10:16:23,2026-03-16 10:18:51,148.0,2026-03-16,simulated
Escola Estadual Criança Esperança,História,Professora_Carla,eb3c72a0bb37fffc786f4ab3c5d9dcfeff614019a87ad1548133b55826c3b9fa,Bruno Dias,Atento,2026-03-16 10:18:55,2026-03-16 10:30:26,691.0,2026-03-16,simulated
Escola Estadual Criança Esperança,História,Professora_Carla,eb3c72a0bb37fffc786f4ab3c5d9dcfeff614019a87ad1548133b55826c3b9fa,Bruno Dias,Agitado,2026-03-16 10:30:31,2026-03-16 10:31:08,37.0,2026-03-16,simulated
Escola Estadual Criança Esperança,História,Professora_Carla,eb3c72a0bb37fffc786f4ab3c5d9dcfeff614019a87ad1548133b55826c3b9fa,Bruno Dias,Distraido,2026-03-16 10:31:16,2026-03-16 10:32:41,85.0,2026-03-16,simulated
Escola Estadual Criança Esperança,História,Professora_Carla,eb3c72a0bb37fffc786f4ab3c5d9dcfeff614019a87ad1548133b55826c3b9fa,Bruno Dias,Atento,2026-03-16 10:32:43,2026-03-16 10:40:39,476.0,2026-03-16,simulated
Escola Estadual Criança Esperança,História,Professora_Carla,eb3c72a0bb37fffc786f4ab3c5d9dcfeff614019a87ad1548133b55826c3b9fa,Bruno Dias,Distraido,2026-03-16 10:40:47,2026-03-16 10:43:44,177.0,2026-03-16,simulated
Escola Estadual Criança Esperança,História,Professora_Carla,eb3c72a0bb37fffc786f4ab3c5d9dcfeff614019a87ad1548133b55826c3b9fa,Bruno Dias,Atento,2026-03-16 10:43:51,2026-03-16 10:55:44,713.0,2026-03-16,simulated
Escola Estadual Criança Esperança,História,Professora_Carla,eb3c72a0bb37fffc786f4ab3c5d9dcfeff614019a87ad1548133b55826c3b9fa,Bruno Dias,Distraido,2026-03-16 10:55:50,2026-03-16 10:57:27,97.0,2026-03-16,simulated
Escola Estadual Criança Esperança,História,Professora_Carla,eb3c72a0bb37fffc786f4ab3c5d9dcfeff614019a87ad1548133b55826c3b9fa,Bruno Dias,Atento,2026-03-16 10:57:29,2026-03-16 11:04:20,411.0,2026-03-16,simulated
Escola Estadual Criança Esperança,História,Professora_Carla,eb3c72a0bb37fffc786f4ab3c5d9dcfeff614019a87ad1548133b55826c3b9fa,Bruno Dias,Agitado,2026-03-16 11:04:21,2026-03-16 11:04:50,29.0,2026-03-16,simulated
Escola Estadual Criança Esperança,História,Professora_Carla,eb3c72a0bb37fffc786f4ab3c5d9dcfeff614019a87ad1548133b55826c3b9fa,Bruno Dias,Distraido,2026-03-16 11:04:56,2026-03-16 11:06:39,103.0,2026-03-16,simulated
Escola Estadual Criança Esperança,História,Professora_Carla,eb3c72a0bb37fffc786f4ab3c5d9dcfeff614019a87ad1548133b55826c3b9fa,Bruno Dias,Dormindo,2026-03-16 11:06:46,2026-03-16 11:08:31,105.0,2026-03-16,simulated
Escola Estadual Criança Esperança,História,Professora_Carla,eb3c72a0bb37fffc786f4ab3c5d9dcfeff614019a87ad1548133b55826c3b9fa,Bruno Dias,Atento,2026-03-16 11:08:32,2026-03-16 11:16:58,506.0,2026-03-16,simulated
Escola Estadual Criança Esperança,História,Professora_Carla,eb3c72a0bb37fffc786f4ab3c5d9dcfeff614019a87ad1548133b55826c3b9fa,Bruno Dias,Distraido,2026-03-16 11:17:05,2026-03-16 11:18:58,113.0,2026-03-16,simulated
Escola Estadual Criança Esperança,História,Professora_Carla,eb3c72a0bb37fffc786f4ab3c5d9dcfeff614019a87ad1548133b55826c3b9fa,Bruno Dias,Dormindo,2026-03-16 11:18:59,2026-03-16 11:22:46,227.0,2026-03-16,simulated
Escola Estadual Criança Esperança,História,Professora_Carla,eb3c72a0bb37fffc786f4ab3c5d9dcfeff614019a87ad1548133b55826c3b9fa,Bruno Dias,Distraido,2026-03-16 11:22:50,2026-03-16 11:24:38,108.0,2026-03-16,simulated
Escola Estadual Criança Esperança,História,Professora_Carla,eb3c72a0bb37fffc786f4ab3c5d9dcfeff614019a87ad1548133b55826c3b9fa,Bruno Dias,Perguntando,2026-03-16 11:24:39,2026-03-16 11:24:57,18.0,2026-03-16,simulated
Escola Estadual Criança Esperança,História,Professora_Carla,eb3c72a0bb37fffc786f4ab3c5d9dcfeff614019a87ad1548133b55826c3b9fa,Bruno Dias,Distraido,2026-03-16 11:25:01,2026-03-16 11:25:58,57.0,2026-03-16,simulated
Escola Estadual Criança Esperança,História,Professora_Carla,eb3c72a0bb37fffc786f4ab3c5d9dcfeff614019a87ad1548133b55826c3b9fa,Bruno Dias,Atento,2026-03-16 11:25:58,2026-03-16 11:33:34,456.0,2026-03-16,simulated
Escola Estadual Criança Esperança,História,Professora_Carla,eb3c72a0bb37fffc786f4ab3c5d9dcfeff614019a87ad1548133b55826c3b9fa,Bruno Dias,Distraido,2026-03-16 11:33:39,2026-03-16 11:35:49,130.0,2026-03-16,simulated
Escola Estadual Criança Esperança,História,Professora_Carla,eb3c72a0bb37fffc786f4ab3c5d9dcfeff614019a87ad1548133b55826c3b9fa,Bruno Dias,Dormindo,2026-03-16 11:35:52,2026-03-16 11:39:57,245.0,2026-03-16,simulated
Escola Estadual Criança Esperança,História,Professora_Carla,eb3c72a0bb37fffc786f4ab3c5d9dcfeff614019a87ad1548133b55826c3b9fa,Bruno Dias,Distraido,2026-03-16 11:40:05,2026-03-16 11:42:46,161.0,2026-03-16,simulated
Escola Estadual Criança Esperança,História,Professora_Carla,eb3c72a0bb37fffc786f4ab3c5d9dcfeff614019a87ad1548133b55826c3b9fa,Bruno Dias,Agitado,2026-03-16 11:42:49,2026-03-16 11:43:50,61.0,2026-03-16,simulated
Escola Estadual Criança Esperança,História,Professora_Carla,eb3c72a0bb37fffc786f4ab3c5d9dcfeff614019a87ad1548133b55826c3b9fa,Bruno Dias,Distraido,2026-03-16 11:43:50,2026-03-16 11:44:00,10.0,2026-03-16,simulated
Escola Estadual Criança Esperança,História,Professora_Carla,dc9a95b5ba8bb57ac1e73ab7f8c125406ac4da1026d061aaf30426faf91b662f,Ruti da Costa Lima,Dormindo,2026-03-16 08:06:00,2026-03-16 08:10:05,245.0,2026-03-16,simulated
Escola Estadual Criança Esperança,História,Professora_Carla,dc9a95b5ba8bb57ac1e73ab7f8c125406ac4da1026d061aaf30426faf91b662f,Ruti da Costa Lima,Perguntando,2026-03-16 08:10:13,2026-03-16 08:10:51,38.0,2026-03-16,simulated
Escola Estadual Criança Esperança,História,Professora_Carla,dc9a95b5ba8bb57ac1e73ab7f8c125406ac4da1026d061aaf30426faf91b662f,Ruti da Costa Lima,Dormindo,2026-03-16 08:10:56,2026-03-16 08:13:51,175.0,2026-03-16,simulated
Escola Estadual Criança Esperança,História,Professora_Carla,dc9a95b5ba8bb57ac1e73ab7f8c125406ac4da1026d061aaf30426faf91b662f,Ruti da Costa Lima,Perguntando,2026-03-16 08:13:53,2026-03-16 08:14:22,29.0,2026-03-16,simulated
Escola Estadual Criança Esperança,História,Professora_Carla,dc9a95b5ba8bb57ac1e73ab7f8c125406ac4da1026d061aaf30426faf91b662f,Ruti da Costa Lima,Distraido,2026-03-16 08:14:25,2026-03-16 08:16:17,112.0,2026-03-16,simulated
Escola Estadual Criança Esperança,História,Professora_Carla,dc9a95b5ba8bb57ac1e73ab7f8c125406ac4da1026d061aaf30426faf91b662f,Ruti da Costa Lima,Atento,2026-03-16 08:16:18,2026-03-16 08:27:03,645.0,2026-03-16,simulated
Escola Estadual Criança Esperança,História,Professora_Carla,dc9a95b5ba8bb57ac1e73ab7f8c125406ac4da1026d061aaf30426faf91b662f,Ruti da Costa Lima,Distraido,2026-03-16 08:27:09,2026-03-16 08:28:26,77.0,2026-03-16,simulated
Escola Estadual Criança Esperança,História,Professora_Carla,dc9a95b5ba8bb57ac1e73ab7f8c125406ac4da1026d061aaf30426faf91b662f,Ruti da Costa Lima,Atento,2026-03-16 08:28:33,2026-03-16 08:39:17,644.0,2026-03-16,simulated
Escola Estadual Criança Esperança,História,Professora_Carla,dc9a95b5ba8bb57ac1e73ab7f8c125406ac4da1026d061aaf30426faf91b662f,Ruti da Costa Lima,Perguntando,2026-03-16 08:39:19,2026-03-16 08:39:49,30.0,2026-03-16,simulated
Escola Estadual Criança Esperança,História,Professora_Carla,dc9a95b5ba8bb57ac1e73ab7f8c125406ac4da1026d061aaf30426faf91b662f,Ruti da Costa Lima,Distraido,2026-03-16 08:39:52,2026-03-16 08:42:16,144.0,2026-03-16,simulated
Escola Estadual Criança Esperança,História,Professora_Carla,dc9a95b5ba8bb57ac1e73ab7f8c125406ac4da1026d061aaf30426faf91b662f,Ruti da Costa Lima,Atento,2026-03-16 08:42:23,2026-03-16 08:47:54,331.0,2026-03-16,simulated
Escola Estadual Criança Esperança,História,Professora_Carla,dc9a95b5ba8bb57ac1e73ab7f8c125406ac4da1026d061aaf30426faf91b662f,Ruti da Costa Lima,Dormindo,2026-03-16 08:47:54,2026-03-16 08:52:01,247.0,2026-03-16,simulated
Escola Estadual Criança Esperança,História,Professora_Carla,dc9a95b5ba8bb57ac1e73ab7f8c125406ac4da1026d061aaf30426faf91b662f,Ruti da Costa Lima,Atento,2026-03-16 08:52:09,2026-03-16 08:59:08,419.0,2026-03-16,simulated
Escola Estadual Criança Esperança,História,Professora_Carla,dc9a95b5ba8bb57ac1e73ab7f8c125406ac4da1026d061aaf30426faf91b662f,Ruti da Costa Lima,Dormindo,2026-03-16 08:59:11,2026-03-16 09:03:57,286.0,2026-03-16,simulated
Escola Estadual Criança Esperança,História,Professora_Carla,dc9a95b5ba8bb57ac1e73ab7f8c125406ac4da1026d061aaf30426faf91b662f,Ruti da Costa Lima,Agitado,2026-03-16 09:03:57,2026-03-16 09:04:42,45.0,2026-03-16,simulated
Escola Estadual Criança Esperança,História,Professora_Carla,dc9a95b5ba8bb57ac1e73ab7f8c125406ac4da1026d061aaf30426faf91b662f,Ruti da Costa Lima,Dormindo,2026-03-16 09:04:45,2026-03-16 09:08:12,207.0,2026-03-16,simulated
Escola Estadual Criança Esperança,História,Professora_Carla,dc9a95b5ba8bb57ac1e73ab7f8c125406ac4da1026d061aaf30426faf91b662f,Ruti da Costa Lima,Agitado,2026-03-16 09:08:15,2026-03-16 09:08:49,34.0,2026-03-16,simulated
Escola Estadual Criança Esperança,História,Professora_Carla,dc9a95b5ba8bb57ac1e73ab7f8c125406ac4da1026d061aaf30426faf91b662f,Ruti da Costa Lima,Dormindo,2026-03-16 09:08:56,2026-03-16 09:11:01,125.0,2026-03-16,simulated
Escola Estadual Criança Esperança,História,Professora_Carla,dc9a95b5ba8bb57ac1e73ab7f8c125406ac4da1026d061aaf30426faf91b662f,Ruti da Costa Lima,Atento,2026-03-16 09:11:04,2026-03-16 09:20:20,556.0,2026-03-16,simulated
Escola Estadual Criança Esperança,História,Professora_Carla,dc9a95b5ba8bb57ac1e73ab7f8c125406ac4da1026d061aaf30426faf91b662f,Ruti da Costa Lima,Dormindo,2026-03-16 09:20:20,2026-03-16 09:23:08,168.0,2026-03-16,simulated
Escola Estadual Criança Esperança,História,Professora_Carla,dc9a95b5ba8bb57ac1e73ab7f8c125406ac4da1026d061aaf30426faf91b662f,Ruti da Costa Lima,Distraido,2026-03-16 09:23:08,2026-03-16 09:24:04,56.0,2026-03-16,simulated
Escola Estadual Criança Esperança,História,Professora_Carla,dc9a95b5ba8bb57ac1e73ab7f8c125406ac4da1026d061aaf30426faf91b662f,Ruti da Costa Lima,Atento,2026-03-16 09:24:08,2026-03-16 09:29:08,300.0,2026-03-16,simulated
Escola Estadual Criança Esperança,História,Professora_Carla,dc9a95b5ba8bb57ac1e73ab7f8c125406ac4da1026d061aaf30426faf91b662f,Ruti da Costa Lima,Perguntando,2026-03-16 09:29:09,2026-03-16 09:29:19,10.0,2026-03-16,simulated
Escola Estadual Criança Esperança,História,Professora_Carla,dc9a95b5ba8bb57ac1e73ab7f8c125406ac4da1026d061aaf30426faf91b662f,Ruti da Costa Lima,Dormindo,2026-03-16 09:29:19,2026-03-16 09:33:39,260.0,2026-03-16,simulated
Escola Estadual Criança Esperança,História,Professora_Carla,dc9a95b5ba8bb57ac1e73ab7f8c125406ac4da1026d061aaf30426faf91b662f,Ruti da Costa Lima,Agitado,2026-03-16 09:33:44,2026-03-16 09:34:13,29.0,2026-03-16,simulated
Escola Estadual Criança Esperança,História,Professora_Carla,dc9a95b5ba8bb57ac1e73ab7f8c125406ac4da1026d061aaf30426faf91b662f,Ruti da Costa Lima,Perguntando,2026-03-16 09:34:20,2026-03-16 09:34:34,14.0,2026-03-16,simulated
Escola Estadual Criança Esperança,História,Professora_Carla,dc9a95b5ba8bb57ac1e73ab7f8c125406ac4da1026d061aaf30426faf91b662f,Ruti da Costa Lima,Atento,2026-03-16 09:34:38,2026-03-16 09:39:40,302.0,2026-03-16,simulated
Escola Estadual Criança Esperança,História,Professora_Carla,dc9a95b5ba8bb57ac1e73ab7f8c125406ac4da1026d061aaf30426faf91b662f,Ruti da Costa Lima,Agitado,2026-03-16 09:39:42,2026-03-16 09:40:02,20.0,2026-03-16,simulated
Escola Estadual Criança Esperança,História,Professora_Carla,dc9a95b5ba8bb57ac1e73ab7f8c125406ac4da1026d061aaf30426faf91b662f,Ruti da Costa Lima,Atento,2026-03-16 09:40:05,2026-03-16 09:46:04,359.0,2026-03-16,simulated
Escola Estadual Criança Esperança,História,Professora_Carla,dc9a95b5ba8bb57ac1e73ab7f8c125406ac4da1026d061aaf30426faf91b662f,Ruti da Costa Lima,Distraido,2026-03-16 09:46:05,2026-03-16 09:47:07,62.0,2026-03-16,simulated
Escola Estadual Criança Esperança,História,Professora_Carla,dc9a95b5ba8bb57ac1e73ab7f8c125406ac4da1026d061aaf30426faf91b662f,Ruti da Costa Lima,Atento,2026-03-16 09:47:08,2026-03-16 09:58:12,664.0,2026-03-16,simulated
Escola Estadual Criança Esperança,História,Professora_Carla,dc9a95b5ba8bb57ac1e73ab7f8c125406ac4da1026d061aaf30426faf91b662f,Ruti da Costa Lima,Dormindo,2026-03-16 09:58:14,2026-03-16 10:02:11,237.0,2026-03-16,simulated
Escola Estadual Criança Esperança,História,Professora_Carla,dc9a95b5ba8bb57ac1e73ab7f8c125406ac4da1026d061aaf30426faf91b662f,Ruti da Costa Lima,Perguntando,2026-03-16 10:02:13,2026-03-16 10:02:37,24.0,2026-03-16,simulated
Escola Estadual Criança Esperança,História,Professora_Carla,dc9a95b5ba8bb57ac1e73ab7f8c125406ac4da1026d061aaf30426faf91b662f,Ruti da Costa Lima,Dormindo,2026-03-16 10:02:45,2026-03-16 10:07:26,281.0,2026-03-16,simulated
Escola Estadual Criança Esperança,História,Professora_Carla,dc9a95b5ba8bb57ac1e73ab7f8c125406ac4da1026d061aaf30426faf91b662f,Ruti da Costa Lima,Atento,2026-03-16 10:07:34,2026-03-16 10:15:59,505.0,2026-03-16,simulated
Escola Estadual Criança Esperança,História,Professora_Carla,dc9a95b5ba8bb57ac1e73ab7f8c125406ac4da1026d061aaf30426faf91b662f,Ruti da Costa Lima,Agitado,2026-03-16 10:16:05,2026-03-16 10:17:00,55.0,2026-03-16,simulated
Escola Estadual Criança Esperança,História,Professora_Carla,dc9a95b5ba8bb57ac1e73ab7f8c125406ac4da1026d061aaf30426faf91b662f,Ruti da Costa Lima,Dormindo,2026-03-16 10:17:06,2026-03-16 10:20:41,215.0,2026-03-16,simulated
Escola Estadual Criança Esperança,História,Professora_Carla,dc9a95b5ba8bb57ac1e73ab7f8c125406ac4da1026d061aaf30426faf91b662f,Ruti da Costa Lima,Distraido,2026-03-16 10:20:46,2026-03-16 10:23:39,173.0,2026-03-16,simulated
Escola Estadual Criança Esperança,História,Professora_Carla,dc9a95b5ba8bb57ac1e73ab7f8c125406ac4da1026d061aaf30426faf91b662f,Ruti da Costa Lima,Perguntando,2026-03-16 10:23:43,2026-03-16 10:24:01,18.0,2026-03-16,simulated
Escola Estadual Criança Esperança,História,Professora_Carla,dc9a95b5ba8bb57ac1e73ab7f8c125406ac4da1026d061aaf30426faf91b662f,Ruti da Costa Lima,Dormindo,2026-03-16 10:24:09,2026-03-16 10:25:40,91.0,2026-03-16,simulated
Escola Estadual Criança Esperança,História,Professora_Carla,dc9a95b5ba8bb57ac1e73ab7f8c125406ac4da1026d061aaf30426faf91b662f,Ruti da Costa Lima,Atento,2026-03-16 10:25:47,2026-03-16 10:37:40,713.0,2026-03-16,simulated
Escola Estadual Criança Esperança,História,Professora_Carla,dc9a95b5ba8bb57ac1e73ab7f8c125406ac4da1026d061aaf30426faf91b662f,Ruti da Costa Lima,Dormindo,2026-03-16 10:37:43,2026-03-16 10:40:46,183.0,2026-03-16,simulated
Escola Estadual Criança Esperança,História,Professora_Carla,dc9a95b5ba8bb57ac1e73ab7f8c125406ac4da1026d061aaf30426faf91b662f,Ruti da Costa Lima,Agitado,2026-03-16 10:40:47,2026-03-16 10:41:22,35.0,2026-03-16,simulated
Escola Estadual Criança Esperança,História,Professora_Carla,dc9a95b5ba8bb57ac1e73ab7f8c125406ac4da1026d061aaf30426faf91b662f,Ruti da Costa Lima,Dormindo,2026-03-16 10:41:29,2026-03-16 10:45:20,231.0,2026-03-16,simulated
Escola Estadual Criança Esperança,História,Professora_Carla,dc9a95b5ba8bb57ac1e73ab7f8c125406ac4da1026d061aaf30426faf91b662f,Ruti da Costa Lima,Agitado,2026-03-16 10:45:22,2026-03-16 10:46:10,48.0,2026-03-16,simulated
Escola Estadual Criança Esperança,História,Professora_Carla,dc9a95b5ba8bb57ac1e73ab7f8c125406ac4da1026d061aaf30426faf91b662f,Ruti da Costa Lima,Distraido,2026-03-16 10:46:16,2026-03-16 10:47:04,48.0,2026-03-16,simulated
Escola Estadual Criança Esperança,História,Professora_Carla,dc9a95b5ba8bb57ac1e73ab7f8c125406ac4da1026d061aaf30426faf91b662f,Ruti da Costa Lima,Atento,2026-03-16 10:47:06,2026-03-16 10:52:45,339.0,2026-03-16,simulated
Escola Estadual Criança Esperança,História,Professora_Carla,dc9a95b5ba8bb57ac1e73ab7f8c125406ac4da1026d061aaf30426faf91b662f,Ruti da Costa Lima,Distraido,2026-03-16 10:52:50,2026-03-16 10:54:04,74.0,2026-03-16,simulated
Escola Estadual Criança Esperança,História,Professora_Carla,dc9a95b5ba8bb57ac1e73ab7f8c125406ac4da1026d061aaf30426faf91b662f,Ruti da Costa Lima,Atento,2026-03-16 10:54:05,2026-03-16 10:59:23,318.0,2026-03-16,simulated
Escola Estadual Criança Esperança,História,Professora_Carla,dc9a95b5ba8bb57ac1e73ab7f8c125406ac4da1026d061aaf30426faf91b662f,Ruti da Costa Lima,Dormindo,2026-03-16 10:59:25,2026-03-16 11:03:40,255.0,2026-03-16,simulated
Escola Estadual Criança Esperança,História,Professora_Carla,dc9a95b5ba8bb57ac1e73ab7f8c125406ac4da1026d061aaf30426faf91b662f,Ruti da Costa Lima,Perguntando,2026-03-16 11:03:45,2026-03-16 11:04:02,17.0,2026-03-16,simulated
Escola Estadual Criança Esperança,História,Professora_Carla,dc9a95b5ba8bb57ac1e73ab7f8c125406ac4da1026d061aaf30426faf91b662f,Ruti da Costa Lima,Atento,2026-03-16 11:04:03,2026-03-16 11:15:45,702.0,2026-03-16,simulated
Escola Estadual Criança Esperança,História,Professora_Carla,dc9a95b5ba8bb57ac1e73ab7f8c125406ac4da1026d061aaf30426faf91b662f,Ruti da Costa Lima,Agitado,2026-03-16 11:15:45,2026-03-16 11:16:35,50.0,2026-03-16,simulated
Escola Estadual Criança Esperança,História,Professora_Carla,dc9a95b5ba8bb57ac1e73ab7f8c125406ac4da1026d061aaf30426faf91b662f,Ruti da Costa Lima,Distraido,2026-03-16 11:16:37,2026-03-16 11:17:30,53.0,2026-03-16,simulated
Escola Estadual Criança Esperança,História,Professora_Carla,dc9a95b5ba8bb57ac1e73ab7f8c125406ac4da1026d061aaf30426faf91b662f,Ruti da Costa Lima,Dormindo,2026-03-16 11:17:32,2026-03-16 11:18:38,66.0,2026-03-16,simulated
Escola Estadual Criança Esperança,História,Professora_Carla,dc9a95b5ba8bb57ac1e73ab7f8c125406ac4da1026d061aaf30426faf91b662f,Ruti da Costa Lima,Distraido,2026-03-16 11:18:41,2026-03-16 11:19:55,74.0,2026-03-16,simulated
Escola Estadual Criança Esperança,História,Professora_Carla,dc9a95b5ba8bb57ac1e73ab7f8c125406ac4da1026d061aaf30426faf91b662f,Ruti da Costa Lima,Dormindo,2026-03-16 11:19:59,2026-03-16 11:21:24,85.0,2026-03-16,simulated
Escola Estadual Criança Esperança,História,Professora_Carla,dc9a95b5ba8bb57ac1e73ab7f8c125406ac4da1026d061aaf30426faf91b662f,Ruti da Costa Lima,Distraido,2026-03-16 11:21:31,2026-03-16 11:22:37,66.0,2026-03-16,simulated
Escola Estadual Criança Esperança,História,Professora_Carla,dc9a95b5ba8bb57ac1e73ab7f8c125406ac4da1026d061aaf30426faf91b662f,Ruti da Costa Lima,Agitado,2026-03-16 11:22:40,2026-03-16 11:23:40,60.0,2026-03-16,simulated
Escola Estadual Criança Esperança,História,Professora_Carla,dc9a95b5ba8bb57ac1e73ab7f8c125406ac4da1026d061aaf30426faf91b662f,Ruti da Costa Lima,Atento,2026-03-16 11:23:40,2026-03-16 11:34:33,653.0,2026-03-16,simulated
Escola Estadual Criança Esperança,História,Professora_Carla,dc9a95b5ba8bb57ac1e73ab7f8c125406ac4da1026d061aaf30426faf91b662f,Ruti da Costa Lima,Agitado,2026-03-16 11:34:35,2026-03-16 11:35:32,57.0,2026-03-16,simulated
Escola Estadual Criança Esperança,História,Professora_Carla,dc9a95b5ba8bb57ac1e73ab7f8c125406ac4da1026d061aaf30426faf91b662f,Ruti da Costa Lima,Atento,2026-03-16 11:35:40,2026-03-16 11:45:34,594.0,2026-03-16,simulated
Escola Estadual Criança Esperança,História,Professora_Carla,dc9a95b5ba8bb57ac1e73ab7f8c125406ac4da1026d061aaf30426faf91b662f,Ruti da Costa Lima,Distraido,2026-03-16 11:45:39,2026-03-16 11:46:00,21.0,2026-03-16,simulated
Escola Estadual Criança Esperança,História,Professora_Carla,1f5624d608f5310226c28aebea723be5755bef49bd56f7361fb66357f10133e5,Paullo Geovanne,Perguntando,2026-03-16 08:08:00,2026-03-16 08:08:22,22.0,2026-03-16,simulated
Escola Estadual Criança Esperança,História,Professora_Carla,1f5624d608f5310226c28aebea723be5755bef49bd56f7361fb66357f10133e5,Paullo Geovanne,Distraido,2026-03-16 08:08:22,2026-03-16 08:11:01,159.0,2026-03-16,simulated
Escola Estadual Criança Esperança,História,Professora_Carla,1f5624d608f5310226c28aebea723be5755bef49bd56f7361fb66357f10133e5,Paullo Geovanne,Dormindo,2026-03-16 08:11:01,2026-03-16 08:15:50,289.0,2026-03-16,simulated
Escola Estadual Criança Esperança,História,Professora_Carla,1f5624d608f5310226c28aebea723be5755bef49bd56f7361fb66357f10133e5,Paullo Geovanne,Distraido,2026-03-16 08:15:56,2026-03-16 08:18:38,162.0,2026-03-16,simulated
Escola Estadual Criança Esperança,História,Professora_Carla,1f5624d608f5310226c28aebea723be5755bef49bd56f7361fb66357f10133e5,Paullo Geovanne,Atento,2026-03-16 08:18:42,2026-03-16 08:24:14,332.0,2026-03-16,simulated
Escola Estadual Criança Esperança,História,Professora_Carla,1f5624d608f5310226c28aebea723be5755bef49bd56f7361fb66357f10133e5,Paullo Geovanne,Perguntando,2026-03-16 08:24:14,2026-03-16 08:24:31,17.0,2026-03-16,simulated
Escola Estadual Criança Esperança,História,Professora_Carla,1f5624d608f5310226c28aebea723be5755bef49bd56f7361fb66357f10133e5,Paullo Geovanne,Atento,2026-03-16 08:24:35,2026-03-16 08:32:38,483.0,2026-03-16,simulated
Escola Estadual Criança Esperança,História,Professora_Carla,1f5624d608f5310226c28aebea723be5755bef49bd56f7361fb66357f10133e5,Paullo Geovanne,Perguntando,2026-03-16 08:32:44,2026-03-16 08:33:12,28.0,2026-03-16,simulated
Escola Estadual Criança Esperança,História,Professora_Carla,1f5624d608f5310226c28aebea723be5755bef49bd56f7361fb66357f10133e5,Paullo Geovanne,Atento,2026-03-16 08:33:14,2026-03-16 08:38:52,338.0,2026-03-16,simulated
Escola Estadual Criança Esperança,História,Professora_Carla,1f5624d608f5310226c28aebea723be5755bef49bd56f7361fb66357f10133e5,Paullo Geovanne,Perguntando,2026-03-16 08:38:54,2026-03-16 08:39:25,31.0,2026-03-16,simulated
Escola Estadual Criança Esperança,História,Professora_Carla,1f5624d608f5310226c28aebea723be5755bef49bd56f7361fb66357f10133e5,Paullo Geovanne,Distraido,2026-03-16 08:39:25,2026-03-16 08:40:15,50.0,2026-03-16,simulated
Escola Estadual Criança Esperança,História,Professora_Carla,1f5624d608f5310226c28aebea723be5755bef49bd56f7361fb66357f10133e5,Paullo Geovanne,Atento,2026-03-16 08:40:22,2026-03-16 08:49:39,557.0,2026-03-16,simulated
Escola Estadual Criança Esperança,História,Professora_Carla,1f5624d608f5310226c28aebea723be5755bef49bd56f7361fb66357f10133e5,Paullo Geovanne,Perguntando,2026-03-16 08:49:45,2026-03-16 08:50:16,31.0,2026-03-16,simulated
Escola Estadual Criança Esperança,História,Professora_Carla,1f5624d608f5310226c28aebea723be5755bef49bd56f7361fb66357f10133e5,Paullo Geovanne,Atento,2026-03-16 08:50:23,2026-03-16 08:59:56,573.0,2026-03-16,simulated
Escola Estadual Criança Esperança,História,Professora_Carla,1f5624d608f5310226c28aebea723be5755bef49bd56f7361fb66357f10133e5,Paullo Geovanne,Distraido,2026-03-16 09:00:04,2026-03-16 09:02:06,122.0,2026-03-16,simulated
Escola Estadual Criança Esperança,História,Professora_Carla,1f5624d608f5310226c28aebea723be5755bef49bd56f7361fb66357f10133e5,Paullo Geovanne,Atento,2026-03-16 09:02:06,2026-03-16 09:09:54,468.0,2026-03-16,simulated
Escola Estadual Criança Esperança,História,Professora_Carla,1f5624d608f5310226c28aebea723be5755bef49bd56f7361fb66357f10133e5,Paullo Geovanne,Perguntando,2026-03-16 09:09:55,2026-03-16 09:10:34,39.0,2026-03-16,simulated
Escola Estadual Criança Esperança,História,Professora_Carla,1f5624d608f5310226c28aebea723be5755bef49bd56f7361fb66357f10133e5,Paullo Geovanne,Atento,2026-03-16 09:10:40,2026-03-16 09:17:06,386.0,2026-03-16,simulated
Escola Estadual Criança Esperança,História,Professora_Carla,1f5624d608f5310226c28aebea723be5755bef49bd56f7361fb66357f10133e5,Paullo Geovanne,Distraido,2026-03-16 09:17:07,2026-03-16 09:18:30,83.0,2026-03-16,simulated
Escola Estadual Criança Esperança,História,Professora_Carla,1f5624d608f5310226c28aebea723be5755bef49bd56f7361fb66357f10133e5,Paullo Geovanne,Atento,2026-03-16 09:18:37,2026-03-16 09:28:48,611.0,2026-03-16,simulated
Escola Estadual Criança Esperança,História,Professora_Carla,1f5624d608f5310226c28aebea723be5755bef49bd56f7361fb66357f10133e5,Paullo Geovanne,Perguntando,2026-03-16 09:28:49,2026-03-16 09:29:08,19.0,2026-03-16,simulated
Escola Estadual Criança Esperança,História,Professora_Carla,1f5624d608f5310226c28aebea723be5755bef49bd56f7361fb66357f10133e5,Paullo Geovanne,Atento,2026-03-16 09:29:15,2026-03-16 09:35:05,350.0,2026-03-16,simulated
Escola Estadual Criança Esperança,História,Professora_Carla,1f5624d608f5310226c28aebea723be5755bef49bd56f7361fb66357f10133e5,Paullo Geovanne,Atento,2026-03-16 09:35:09,2026-03-16 09:41:02,353.0,2026-03-16,simulated
Escola Estadual Criança Esperança,História,Professora_Carla,1f5624d608f5310226c28aebea723be5755bef49bd56f7361fb66357f10133e5,Paullo Geovanne,Perguntando,2026-03-16 09:41:04,2026-03-16 09:41:41,37.0,2026-03-16,simulated
Escola Estadual Criança Esperança,História,Professora_Carla,1f5624d608f5310226c28aebea723be5755bef49bd56f7361fb66357f10133e5,Paullo Geovanne,Atento,2026-03-16 09:41:41,2026-03-16 09:48:20,399.0,2026-03-16,simulated
Escola Estadual Criança Esperança,História,Professora_Carla,1f5624d608f5310226c28aebea723be5755bef49bd56f7361fb66357f10133e5,Paullo Geovanne,Distraido,2026-03-16 09:48:22,2026-03-16 09:50:11,109.0,2026-03-16,simulated
Escola Estadual Criança Esperança,História,Professora_Carla,1f5624d608f5310226c28aebea723be5755bef49bd56f7361fb66357f10133e5,Paullo Geovanne,Atento,2026-03-16 09:50:15,2026-03-16 09:56:05,350.0,2026-03-16,simulated
Escola Estadual Criança Esperança,História,Professora_Carla,1f5624d608f5310226c28aebea723be5755bef49bd56f7361fb66357f10133e5,Paullo Geovanne,Distraido,2026-03-16 09:56:11,2026-03-16 09:58:27,136.0,2026-03-16,simulated
Escola Estadual Criança Esperança,História,Professora_Carla,1f5624d608f5310226c28aebea723be5755bef49bd56f7361fb66357f10133e5,Paullo Geovanne,Perguntando,2026-03-16 09:58:32,2026-03-16 09:58:43,11.0,2026-03-16,simulated
Escola Estadual Criança Esperança,História,Professora_Carla,1f5624d608f5310226c28aebea723be5755bef49bd56f7361fb66357f10133e5,Paullo Geovanne,Atento,2026-03-16 09:58:51,2026-03-16 10:09:02,611.0,2026-03-16,simulated
Escola Estadual Criança Esperança,História,Professora_Carla,1f5624d608f5310226c28aebea723be5755bef49bd56f7361fb66357f10133e5,Paullo Geovanne,Atento,2026-03-16 10:09:06,2026-03-16 10:14:38,332.0,2026-03-16,simulated
Escola Estadual Criança Esperança,História,Professora_Carla,1f5624d608f5310226c28aebea723be5755bef49bd56f7361fb66357f10133e5,Paullo Geovanne,Distraido,2026-03-16 10:14:42,2026-03-16 10:17:14,152.0,2026-03-16,simulated
Escola Estadual Criança Esperança,História,Professora_Carla,1f5624d608f5310226c28aebea723be5755bef49bd56f7361fb66357f10133e5,Paullo Geovanne,Atento,2026-03-16 10:17:20,2026-03-16 10:26:07,527.0,2026-03-16,simulated
Escola Estadual Criança Esperança,História,Professora_Carla,1f5624d608f5310226c28aebea723be5755bef49bd56f7361fb66357f10133e5,Paullo Geovanne,Dormindo,2026-03-16 10:26:14,2026-03-16 10:27:18,64.0,2026-03-16,simulated
Escola Estadual Criança Esperança,História,Professora_Carla,1f5624d608f5310226c28aebea723be5755bef49bd56f7361fb66357f10133e5,Paullo Geovanne,Atento,2026-03-16 10:27:25,2026-03-16 10:36:40,555.0,2026-03-16,simulated
Escola Estadual Criança Esperança,História,Professora_Carla,1f5624d608f5310226c28aebea723be5755bef49bd56f7361fb66357f10133e5,Paullo Geovanne,Perguntando,2026-03-16 10:36:46,2026-03-16 10:37:16,30.0,2026-03-16,simulated
Escola Estadual Criança Esperança,História,Professora_Carla,1f5624d608f5310226c28aebea723be5755bef49bd56f7361fb66357f10133e5,Paullo Geovanne,Atento,2026-03-16 10:37:22,2026-03-16 10:46:25,543.0,2026-03-16,simulated
Escola Estadual Criança Esperança,História,Professora_Carla,1f5624d608f5310226c28aebea723be5755bef49bd56f7361fb66357f10133e5,Paullo Geovanne,Agitado,2026-03-16 10:46:31,2026-03-16 10:47:44,73.0,2026-03-16,simulated
Escola Estadual Criança Esperança,História,Professora_Carla,1f5624d608f5310226c28aebea723be5755bef49bd56f7361fb66357f10133e5,Paullo Geovanne,Atento,2026-03-16 10:47:50,2026-03-16 10:58:21,631.0,2026-03-16,simulated
Escola Estadual Criança Esperança,História,Professora_Carla,1f5624d608f5310226c28aebea723be5755bef49bd56f7361fb66357f10133e5,Paullo Geovanne,Distraido,2026-03-16 10:58:25,2026-03-16 11:00:57,152.0,2026-03-16,simulated
Escola Estadual Criança Esperança,História,Professora_Carla,1f5624d608f5310226c28aebea723be5755bef49bd56f7361fb66357f10133e5,Paullo Geovanne,Atento,2026-03-16 11:01:02,2026-03-16 11:10:43,581.0,2026-03-16,simulated
Escola Estadual Criança Esperança,História,Professora_Carla,1f5624d608f5310226c28aebea723be5755bef49bd56f7361fb66357f10133e5,Paullo Geovanne,Perguntando,2026-03-16 11:10:47,2026-03-16 11:11:04,17.0,2026-03-16,simulated
Escola Estadual Criança Esperança,História,Professora_Carla,1f5624d608f5310226c28aebea723be5755bef49bd56f7361fb66357f10133e5,Paullo Geovanne,Atento,2026-03-16 11:11:06,2026-03-16 11:18:36,450.0,2026-03-16,simulated
Escola Estadual Criança Esperança,História,Professora_Carla,1f5624d608f5310226c28aebea723be5755bef49bd56f7361fb66357f10133e5,Paullo Geovanne,Atento,2026-03-16 11:18:38,2026-03-16 11:29:46,668.0,2026-03-16,simulated
Escola Estadual Criança Esperança,História,Professora_Carla,1f5624d608f5310226c28aebea723be5755bef49bd56f7361fb66357f10133e5,Paullo Geovanne,Perguntando,2026-03-16 11:29:48,2026-03-16 11:30:22,34.0,2026-03-16,simulated
Escola Estadual Criança Esperança,História,Professora_Carla,1f5624d608f5310226c28aebea723be5755bef49bd56f7361fb66357f10133e5,Paullo Geovanne,Atento,2026-03-16 11:30:29,2026-03-16 11:39:57,568.0,2026-03-16,simulated
Escola Estadual Criança Esperança,História,Professora_Carla,1f5624d608f5310226c28aebea723be5755bef49bd56f7361fb66357f10133e5,Paullo Geovanne,Perguntando,2026-03-16 11:39:58,2026-03-16 11:40:34,36.0,2026-03-16,simulated
Escola Estadual Criança Esperança,História,Professora_Carla,1f5624d608f5310226c28aebea723be5755bef49bd56f7361fb66357f10133e5,Paullo Geovanne,Atento,2026-03-16 11:40:38,2026-03-16 11:46:20,342.0,2026-03-16,simulated
Escola Estadual Criança Esperança,História,Professora_Carla,1f5624d608f5310226c28aebea723be5755bef49bd56f7361fb66357f10133e5,Paullo Geovanne,Perguntando,2026-03-16 11:46:22,2026-03-16 11:46:43,21.0,2026-03-16,simulated
Escola Estadual Criança Esperança,História,Professora_Carla,1f5624d608f5310226c28aebea723be5755bef49bd56f7361fb66357f10133e5,Paullo Geovanne,Atento,2026-03-16 11:46:46,2026-03-16 11:48:00,74.0,2026-03-16,simulated
Escola Estadual Criança Esperança,História,Professora_Carla,1dd437c73ff9fac4d9f9c9c4ba29924a8d14d31aa348772e1944c31cacebce98,Thiago Campos,Atento,2026-03-16 08:10:00,2026-03-16 08:16:37,397.0,2026-03-16,simulated
Escola Estadual Criança Esperança,História,Professora_Carla,1dd437c73ff9fac4d9f9c9c4ba29924a8d14d31aa348772e1944c31cacebce98,Thiago Campos,Perguntando,2026-03-16 08:16:44,2026-03-16 08:17:05,21.0,2026-03-16,simulated
Escola Estadual Criança Esperança,História,Professora_Carla,1dd437c73ff9fac4d9f9c9c4ba29924a8d14d31aa348772e1944c31cacebce98,Thiago Campos,Atento,2026-03-16 08:17:07,2026-03-16 08:28:49,702.0,2026-03-16,simulated
Escola Estadual Criança Esperança,História,Professora_Carla,1dd437c73ff9fac4d9f9c9c4ba29924a8d14d31aa348772e1944c31cacebce98,Thiago Campos,Distraido,2026-03-16 08:28:57,2026-03-16 08:30:51,114.0,2026-03-16,simulated
Escola Estadual Criança Esperança,História,Professora_Carla,1dd437c73ff9fac4d9f9c9c4ba29924a8d14d31aa348772e1944c31cacebce98,Thiago Campos,Atento,2026-03-16 08:30:57,2026-03-16 08:37:38,401.0,2026-03-16,simulated
Escola Estadual Criança Esperança,História,Professora_Carla,1dd437c73ff9fac4d9f9c9c4ba29924a8d14d31aa348772e1944c31cacebce98,Thiago Campos,Perguntando,2026-03-16 08:37:44,2026-03-16 08:38:22,38.0,2026-03-16,simulated
Escola Estadual Criança Esperança,História,Professora_Carla,1dd437c73ff9fac4d9f9c9c4ba29924a8d14d31aa348772e1944c31cacebce98,Thiago Campos,Agitado,2026-03-16 08:38:28,2026-03-16 08:39:30,62.0,2026-03-16,simulated
Escola Estadual Criança Esperança,História,Professora_Carla,1dd437c73ff9fac4d9f9c9c4ba29924a8d14d31aa348772e1944c31cacebce98,Thiago Campos,Distraido,2026-03-16 08:39:30,2026-03-16 08:41:29,119.0,2026-03-16,simulated
Escola Estadual Criança Esperança,História,Professora_Carla,1dd437c73ff9fac4d9f9c9c4ba29924a8d14d31aa348772e1944c31cacebce98,Thiago Campos,Atento,2026-03-16 08:41:32,2026-03-16 08:51:27,595.0,2026-03-16,simulated
Escola Estadual Criança Esperança,História,Professora_Carla,1dd437c73ff9fac4d9f9c9c4ba29924a8d14d31aa348772e1944c31cacebce98,Thiago Campos,Perguntando,2026-03-16 08:51:27,2026-03-16 08:51:40,13.0,2026-03-16,simulated
Escola Estadual Criança Esperança,História,Professora_Carla,1dd437c73ff9fac4d9f9c9c4ba29924a8d14d31aa348772e1944c31cacebce98,Thiago Campos,Atento,2026-03-16 08:51:44,2026-03-16 09:01:24,580.0,2026-03-16,simulated
Escola Estadual Criança Esperança,História,Professora_Carla,1dd437c73ff9fac4d9f9c9c4ba29924a8d14d31aa348772e1944c31cacebce98,Thiago Campos,Agitado,2026-03-16 09:01:32,2026-03-16 09:02:27,55.0,2026-03-16,simulated
Escola Estadual Criança Esperança,História,Professora_Carla,1dd437c73ff9fac4d9f9c9c4ba29924a8d14d31aa348772e1944c31cacebce98,Thiago Campos,Perguntando,2026-03-16 09:02:32,2026-03-16 09:03:02,30.0,2026-03-16,simulated
Escola Estadual Criança Esperança,História,Professora_Carla,1dd437c73ff9fac4d9f9c9c4ba29924a8d14d31aa348772e1944c31cacebce98,Thiago Campos,Atento,2026-03-16 09:03:06,2026-03-16 09:11:34,508.0,2026-03-16,simulated
Escola Estadual Criança Esperança,História,Professora_Carla,1dd437c73ff9fac4d9f9c9c4ba29924a8d14d31aa348772e1944c31cacebce98,Thiago Campos,Dormindo,2026-03-16 09:11:41,2026-03-16 09:13:29,108.0,2026-03-16,simulated
Escola Estadual Criança Esperança,História,Professora_Carla,1dd437c73ff9fac4d9f9c9c4ba29924a8d14d31aa348772e1944c31cacebce98,Thiago Campos,Distraido,2026-03-16 09:13:37,2026-03-16 09:15:36,119.0,2026-03-16,simulated
Escola Estadual Criança Esperança,História,Professora_Carla,1dd437c73ff9fac4d9f9c9c4ba29924a8d14d31aa348772e1944c31cacebce98,Thiago Campos,Perguntando,2026-03-16 09:15:39,2026-03-16 09:15:54,15.0,2026-03-16,simulated
Escola Estadual Criança Esperança,História,Professora_Carla,1dd437c73ff9fac4d9f9c9c4ba29924a8d14d31aa348772e1944c31cacebce98,Thiago Campos,Atento,2026-03-16 09:16:00,2026-03-16 09:27:27,687.0,2026-03-16,simulated
Escola Estadual Criança Esperança,História,Professora_Carla,1dd437c73ff9fac4d9f9c9c4ba29924a8d14d31aa348772e1944c31cacebce98,Thiago Campos,Perguntando,2026-03-16 09:27:28,2026-03-16 09:27:58,30.0,2026-03-16,simulated
Escola Estadual Criança Esperança,História,Professora_Carla,1dd437c73ff9fac4d9f9c9c4ba29924a8d14d31aa348772e1944c31cacebce98,Thiago Campos,Distraido,2026-03-16 09:28:06,2026-03-16 09:29:10,64.0,2026-03-16,simulated
Escola Estadual Criança Esperança,História,Professora_Carla,1dd437c73ff9fac4d9f9c9c4ba29924a8d14d31aa348772e1944c31cacebce98,Thiago Campos,Atento,2026-03-16 09:29:10,2026-03-16 09:34:46,336.0,2026-03-16,simulated
Escola Estadual Criança Esperança,História,Professora_Carla,1dd437c73ff9fac4d9f9c9c4ba29924a8d14d31aa348772e1944c31cacebce98,Thiago Campos,Perguntando,2026-03-16 09:34:54,2026-03-16 09:35:04,10.0,2026-03-16,simulated
Escola Estadual Criança Esperança,História,Professora_Carla,1dd437c73ff9fac4d9f9c9c4ba29924a8d14d31aa348772e1944c31cacebce98,Thiago Campos,Agitado,2026-03-16 09:35:07,2026-03-16 09:36:32,85.0,2026-03-16,simulated
Escola Estadual Criança Esperança,História,Professora_Carla,1dd437c73ff9fac4d9f9c9c4ba29924a8d14d31aa348772e1944c31cacebce98,Thiago Campos,Distraido,2026-03-16 09:36:33,2026-03-16 09:37:26,53.0,2026-03-16,simulated
Escola Estadual Criança Esperança,História,Professora_Carla,1dd437c73ff9fac4d9f9c9c4ba29924a8d14d31aa348772e1944c31cacebce98,Thiago Campos,Agitado,2026-03-16 09:37:30,2026-03-16 09:38:26,56.0,2026-03-16,simulated
Escola Estadual Criança Esperança,História,Professora_Carla,1dd437c73ff9fac4d9f9c9c4ba29924a8d14d31aa348772e1944c31cacebce98,Thiago Campos,Perguntando,2026-03-16 09:38:32,2026-03-16 09:38:44,12.0,2026-03-16,simulated
Escola Estadual Criança Esperança,História,Professora_Carla,1dd437c73ff9fac4d9f9c9c4ba29924a8d14d31aa348772e1944c31cacebce98,Thiago Campos,Distraido,2026-03-16 09:38:48,2026-03-16 09:39:42,54.0,2026-03-16,simulated
Escola Estadual Criança Esperança,História,Professora_Carla,1dd437c73ff9fac4d9f9c9c4ba29924a8d14d31aa348772e1944c31cacebce98,Thiago Campos,Perguntando,2026-03-16 09:39:43,2026-03-16 09:40:02,19.0,2026-03-16,simulated
Escola Estadual Criança Esperança,História,Professora_Carla,1dd437c73ff9fac4d9f9c9c4ba29924a8d14d31aa348772e1944c31cacebce98,Thiago Campos,Atento,2026-03-16 09:40:08,2026-03-16 09:50:45,637.0,2026-03-16,simulated
Escola Estadual Criança Esperança,História,Professora_Carla,1dd437c73ff9fac4d9f9c9c4ba29924a8d14d31aa348772e1944c31cacebce98,Thiago Campos,Perguntando,2026-03-16 09:50:51,2026-03-16 09:51:18,27.0,2026-03-16,simulated
Escola Estadual Criança Esperança,História,Professora_Carla,1dd437c73ff9fac4d9f9c9c4ba29924a8d14d31aa348772e1944c31cacebce98,Thiago Campos,Distraido,2026-03-16 09:51:26,2026-03-16 09:52:24,58.0,2026-03-16,simulated
Escola Estadual Criança Esperança,História,Professora_Carla,1dd437c73ff9fac4d9f9c9c4ba29924a8d14d31aa348772e1944c31cacebce98,Thiago Campos,Dormindo,2026-03-16 09:52:32,2026-03-16 09:55:33,181.0,2026-03-16,simulated
Escola Estadual Criança Esperança,História,Professora_Carla,1dd437c73ff9fac4d9f9c9c4ba29924a8d14d31aa348772e1944c31cacebce98,Thiago Campos,Perguntando,2026-03-16 09:55:41,2026-03-16 09:55:52,11.0,2026-03-16,simulated
Escola Estadual Criança Esperança,História,Professora_Carla,1dd437c73ff9fac4d9f9c9c4ba29924a8d14d31aa348772e1944c31cacebce98,Thiago Campos,Atento,2026-03-16 09:55:53,2026-03-16 10:07:05,672.0,2026-03-16,simulated
Escola Estadual Criança Esperança,História,Professora_Carla,1dd437c73ff9fac4d9f9c9c4ba29924a8d14d31aa348772e1944c31cacebce98,Thiago Campos,Perguntando,2026-03-16 10:07:09,2026-03-16 10:07:46,37.0,2026-03-16,simulated
Escola Estadual Criança Esperança,História,Professora_Carla,1dd437c73ff9fac4d9f9c9c4ba29924a8d14d31aa348772e1944c31cacebce98,Thiago Campos,Dormindo,2026-03-16 10:07:54,2026-03-16 10:09:32,98.0,2026-03-16,simulated
Escola Estadual Criança Esperança,História,Professora_Carla,1dd437c73ff9fac4d9f9c9c4ba29924a8d14d31aa348772e1944c31cacebce98,Thiago Campos,Perguntando,2026-03-16 10:09:35,2026-03-16 10:10:08,33.0,2026-03-16,simulated
Escola Estadual Criança Esperança,História,Professora_Carla,1dd437c73ff9fac4d9f9c9c4ba29924a8d14d31aa348772e1944c31cacebce98,Thiago Campos,Distraido,2026-03-16 10:10:11,2026-03-16 10:12:24,133.0,2026-03-16,simulated
Escola Estadual Criança Esperança,História,Professora_Carla,1dd437c73ff9fac4d9f9c9c4ba29924a8d14d31aa348772e1944c31cacebce98,Thiago Campos,Atento,2026-03-16 10:12:29,2026-03-16 10:21:31,542.0,2026-03-16,simulated
Escola Estadual Criança Esperança,História,Professora_Carla,1dd437c73ff9fac4d9f9c9c4ba29924a8d14d31aa348772e1944c31cacebce98,Thiago Campos,Distraido,2026-03-16 10:21:34,2026-03-16 10:23:12,98.0,2026-03-16,simulated
Escola Estadual Criança Esperança,História,Professora_Carla,1dd437c73ff9fac4d9f9c9c4ba29924a8d14d31aa348772e1944c31cacebce98,Thiago Campos,Dormindo,2026-03-16 10:23:19,2026-03-16 10:26:07,168.0,2026-03-16,simulated
Escola Estadual Criança Esperança,História,Professora_Carla,1dd437c73ff9fac4d9f9c9c4ba29924a8d14d31aa348772e1944c31cacebce98,Thiago Campos,Atento,2026-03-16 10:26:12,2026-03-16 10:33:18,426.0,2026-03-16,simulated
Escola Estadual Criança Esperança,História,Professora_Carla,1dd437c73ff9fac4d9f9c9c4ba29924a8d14d31aa348772e1944c31cacebce98,Thiago Campos,Perguntando,2026-03-16 10:33:20,2026-03-16 10:33:51,31.0,2026-03-16,simulated
Escola Estadual Criança Esperança,História,Professora_Carla,1dd437c73ff9fac4d9f9c9c4ba29924a8d14d31aa348772e1944c31cacebce98,Thiago Campos,Distraido,2026-03-16 10:33:58,2026-03-16 10:36:05,127.0,2026-03-16,simulated
Escola Estadual Criança Esperança,História,Professora_Carla,1dd437c73ff9fac4d9f9c9c4ba29924a8d14d31aa348772e1944c31cacebce98,Thiago Campos,Dormindo,2026-03-16 10:36:10,2026-03-16 10:39:06,176.0,2026-03-16,simulated
Escola Estadual Criança Esperança,História,Professora_Carla,1dd437c73ff9fac4d9f9c9c4ba29924a8d14d31aa348772e1944c31cacebce98,Thiago Campos,Atento,2026-03-16 10:39:08,2026-03-16 10:50:10,662.0,2026-03-16,simulated
Escola Estadual Criança Esperança,História,Professora_Carla,1dd437c73ff9fac4d9f9c9c4ba29924a8d14d31aa348772e1944c31cacebce98,Thiago Campos,Perguntando,2026-03-16 10:50:16,2026-03-16 10:50:36,20.0,2026-03-16,simulated
Escola Estadual Criança Esperança,História,Professora_Carla,1dd437c73ff9fac4d9f9c9c4ba29924a8d14d31aa348772e1944c31cacebce98,Thiago Campos,Atento,2026-03-16 10:50:40,2026-03-16 10:58:09,449.0,2026-03-16,simulated
Escola Estadual Criança Esperança,História,Professora_Carla,1dd437c73ff9fac4d9f9c9c4ba29924a8d14d31aa348772e1944c31cacebce98,Thiago Campos,Agitado,2026-03-16 10:58:17,2026-03-16 10:59:21,64.0,2026-03-16,simulated
Escola Estadual Criança Esperança,História,Professora_Carla,1dd437c73ff9fac4d9f9c9c4ba29924a8d14d31aa348772e1944c31cacebce98,Thiago Campos,Atento,2026-03-16 10:59:25,2026-03-16 11:06:34,429.0,2026-03-16,simulated
Escola Estadual Criança Esperança,História,Professora_Carla,1dd437c73ff9fac4d9f9c9c4ba29924a8d14d31aa348772e1944c31cacebce98,Thiago Campos,Dormindo,2026-03-16 11:06:34,2026-03-16 11:10:28,234.0,2026-03-16,simulated
Escola Estadual Criança Esperança,História,Professora_Carla,1dd437c73ff9fac4d9f9c9c4ba29924a8d14d31aa348772e1944c31cacebce98,Thiago Campos,Agitado,2026-03-16 11:10:28,2026-03-16 11:11:50,82.0,2026-03-16,simulated
Escola Estadual Criança Esperança,História,Professora_Carla,1dd437c73ff9fac4d9f9c9c4ba29924a8d14d31aa348772e1944c31cacebce98,Thiago Campos,Atento,2026-03-16 11:11:54,2026-03-16 11:18:56,422.0,2026-03-16,simulated
Escola Estadual Criança Esperança,História,Professora_Carla,1dd437c73ff9fac4d9f9c9c4ba29924a8d14d31aa348772e1944c31cacebce98,Thiago Campos,Agitado,2026-03-16 11:19:01,2026-03-16 11:19:28,27.0,2026-03-16,simulated
Escola Estadual Criança Esperança,História,Professora_Carla,1dd437c73ff9fac4d9f9c9c4ba29924a8d14d31aa348772e1944c31cacebce98,Thiago Campos,Atento,2026-03-16 11:19:36,2026-03-16 11:27:54,498.0,2026-03-16,simulated
Escola Estadual Criança Esperança,História,Professora_Carla,1dd437c73ff9fac4d9f9c9c4ba29924a8d14d31aa348772e1944c31cacebce98,Thiago Campos,Atento,2026-03-16 11:27:59,2026-03-16 11:37:26,567.0,2026-03-16,simulated
Escola Estadual Criança Esperança,História,Professora_Carla,1dd437c73ff9fac4d9f9c9c4ba29924a8d14d31aa348772e1944c31cacebce98,Thiago Campos,Perguntando,2026-03-16 11:37:30,2026-03-16 11:38:03,33.0,2026-03-16,simulated
Escola Estadual Criança Esperança,História,Professora_Carla,1dd437c73ff9fac4d9f9c9c4ba29924a8d14d31aa348772e1944c31cacebce98,Thiago Campos,Atento,2026-03-16 11:38:04,2026-03-16 11:43:33,329.0,2026-03-16,simulated
Escola Estadual Criança Esperança,História,Professora_Carla,1dd437c73ff9fac4d9f9c9c4ba29924a8d14d31aa348772e1944c31cacebce98,Thiago Campos,Perguntando,2026-03-16 11:43:36,2026-03-16 11:44:03,27.0,2026-03-16,simulated
Escola Estadual Criança Esperança,História,Professora_Carla,1dd437c73ff9fac4d9f9c9c4ba29924a8d14d31aa348772e1944c31cacebce98,Thiago Campos,Atento,2026-03-16 11:44:04,2026-03-16 11:50:00,356.0,2026-03-16,simulated
Escola Estadual Criança Esperança,História,Professora_Carla,a281db1412a68e509731fb8e1e72fe47c8ea3e7c367d7d10cbb968feff7ac523,Paula Kamily,Distraido,2026-03-16 08:12:00,2026-03-16 08:14:44,164.0,2026-03-16,simulated
Escola Estadual Criança Esperança,História,Professora_Carla,a281db1412a68e509731fb8e1e72fe47c8ea3e7c367d7d10cbb968feff7ac523,Paula Kamily,Atento,2026-03-16 08:14:50,2026-03-16 08:26:04,674.0,2026-03-16,simulated
Escola Estadual Criança Esperança,História,Professora_Carla,a281db1412a68e509731fb8e1e72fe47c8ea3e7c367d7d10cbb968feff7ac523,Paula Kamily,Distraido,2026-03-16 08:26:06,2026-03-16 08:27:29,83.0,2026-03-16,simulated
Escola Estadual Criança Esperança,História,Professora_Carla,a281db1412a68e509731fb8e1e72fe47c8ea3e7c367d7d10cbb968feff7ac523,Paula Kamily,Atento,2026-03-16 08:27:33,2026-03-16 08:38:41,668.0,2026-03-16,simulated
Escola Estadual Criança Esperança,História,Professora_Carla,a281db1412a68e509731fb8e1e72fe47c8ea3e7c367d7d10cbb968feff7ac523,Paula Kamily,Dormindo,2026-03-16 08:38:44,2026-03-16 08:41:51,187.0,2026-03-16,simulated
Escola Estadual Criança Esperança,História,Professora_Carla,a281db1412a68e509731fb8e1e72fe47c8ea3e7c367d7d10cbb968feff7ac523,Paula Kamily,Perguntando,2026-03-16 08:41:54,2026-03-16 08:42:30,36.0,2026-03-16,simulated
Escola Estadual Criança Esperança,História,Professora_Carla,a281db1412a68e509731fb8e1e72fe47c8ea3e7c367d7d10cbb968feff7ac523,Paula Kamily,Atento,2026-03-16 08:42:37,2026-03-16 08:53:41,664.0,2026-03-16,simulated
Escola Estadual Criança Esperança,História,Professora_Carla,a281db1412a68e509731fb8e1e72fe47c8ea3e7c367d7d10cbb968feff7ac523,Paula Kamily,Distraido,2026-03-16 08:53:44,2026-03-16 08:56:06,142.0,2026-03-16,simulated
Escola Estadual Criança Esperança,História,Professora_Carla,a281db1412a68e509731fb8e1e72fe47c8ea3e7c367d7d10cbb968feff7ac523,Paula Kamily,Dormindo,2026-03-16 08:56:06,2026-03-16 08:57:28,82.0,2026-03-16,simulated
Escola Estadual Criança Esperança,História,Professora_Carla,a281db1412a68e509731fb8e1e72fe47c8ea3e7c367d7d10cbb968feff7ac523,Paula Kamily,Atento,2026-03-16 08:57:35,2026-03-16 09:07:21,586.0,2026-03-16,simulated
Escola Estadual Criança Esperança,História,Professora_Carla,a281db1412a68e509731fb8e1e72fe47c8ea3e7c367d7d10cbb968feff7ac523,Paula Kamily,Dormindo,2026-03-16 09:07:24,2026-03-16 09:11:33,249.0,2026-03-16,simulated
Escola Estadual Criança Esperança,História,Professora_Carla,a281db1412a68e509731fb8e1e72fe47c8ea3e7c367d7d10cbb968feff7ac523,Paula Kamily,Distraido,2026-03-16 09:11:35,2026-03-16 09:14:30,175.0,2026-03-16,simulated
Escola Estadual Criança Esperança,História,Professora_Carla,a281db1412a68e509731fb8e1e72fe47c8ea3e7c367d7d10cbb968feff7ac523,Paula Kamily,Atento,2026-03-16 09:14:31,2026-03-16 09:25:05,634.0,2026-03-16,simulated
Escola Estadual Criança Esperança,História,Professora_Carla,a281db1412a68e509731fb8e1e72fe47c8ea3e7c367d7d10cbb968feff7ac523,Paula Kamily,Distraido,2026-03-16 09:25:13,2026-03-16 09:25:58,45.0,2026-03-16,simulated
Escola Estadual Criança Esperança,História,Professora_Carla,a281db1412a68e509731fb8e1e72fe47c8ea3e7c367d7d10cbb968feff7ac523,Paula Kamily,Agitado,2026-03-16 09:25:58,2026-03-16 09:27:16,78.0,2026-03-16,simulated
Escola Estadual Criança Esperança,História,Professora_Carla,a281db1412a68e509731fb8e1e72fe47c8ea3e7c367d7d10cbb968feff7ac523,Paula Kamily,Dormindo,2026-03-16 09:27:24,2026-03-16 09:28:25,61.0,2026-03-16,simulated
Escola Estadual Criança Esperança,História,Professora_Carla,a281db1412a68e509731fb8e1e72fe47c8ea3e7c367d7d10cbb968feff7ac523,Paula Kamily,Distraido,2026-03-16 09:28:32,2026-03-16 09:30:48,136.0,2026-03-16,simulated
Escola Estadual Criança Esperança,História,Professora_Carla,a281db1412a68e509731fb8e1e72fe47c8ea3e7c367d7d10cbb968feff7ac523,Paula Kamily,Agitado,2026-03-16 09:30:56,2026-03-16 09:31:16,20.0,2026-03-16,simulated
Escola Estadual Criança Esperança,História,Professora_Carla,a281db1412a68e509731fb8e1e72fe47c8ea3e7c367d7d10cbb968feff7ac523,Paula Kamily,Distraido,2026-03-16 09:31:20,2026-03-16 09:33:12,112.0,2026-03-16,simulated
Escola Estadual Criança Esperança,História,Professora_Carla,a281db1412a68e509731fb8e1e72fe47c8ea3e7c367d7d10cbb968feff7ac523,Paula Kamily,Agitado,2026-03-16 09:33:15,2026-03-16 09:34:45,90.0,2026-03-16,simulated
Escola Estadual Criança Esperança,História,Professora_Carla,a281db1412a68e509731fb8e1e72fe47c8ea3e7c367d7d10cbb968feff7ac523,Paula Kamily,Dormindo,2026-03-16 09:34:49,2026-03-16 09:38:40,231.0,2026-03-16,simulated
Escola Estadual Criança Esperança,História,Professora_Carla,a281db1412a68e509731fb8e1e72fe47c8ea3e7c367d7d10cbb968feff7ac523,Paula Kamily,Distraido,2026-03-16 09:38:40,2026-03-16 09:39:46,66.0,2026-03-16,simulated
Escola Estadual Criança Esperança,História,Professora_Carla,a281db1412a68e509731fb8e1e72fe47c8ea3e7c367d7d10cbb968feff7ac523,Paula Kamily,Atento,2026-03-16 09:39:46,2026-03-16 09:50:21,635.0,2026-03-16,simulated
Escola Estadual Criança Esperança,História,Professora_Carla,a281db1412a68e509731fb8e1e72fe47c8ea3e7c367d7d10cbb968feff7ac523,Paula Kamily,Agitado,2026-03-16 09:50:24,2026-03-16 09:50:52,28.0,2026-03-16,simulated
Escola Estadual Criança Esperança,História,Professora_Carla,a281db1412a68e509731fb8e1e72fe47c8ea3e7c367d7d10cbb968feff7ac523,Paula Kamily,Dormindo,2026-03-16 09:50:59,2026-03-16 09:52:29,90.0,2026-03-16,simulated
Escola Estadual Criança Esperança,História,Professora_Carla,a281db1412a68e509731fb8e1e72fe47c8ea3e7c367d7d10cbb968feff7ac523,Paula Kamily,Distraido,2026-03-16 09:52:35,2026-03-16 09:54:47,132.0,2026-03-16,simulated
Escola Estadual Criança Esperança,História,Professora_Carla,a281db1412a68e509731fb8e1e72fe47c8ea3e7c367d7d10cbb968feff7ac523,Paula Kamily,Atento,2026-03-16 09:54:48,2026-03-16 09:59:58,310.0,2026-03-16,simulated
Escola Estadual Criança Esperança,História,Professora_Carla,a281db1412a68e509731fb8e1e72fe47c8ea3e7c367d7d10cbb968feff7ac523,Paula Kamily,Dormindo,2026-03-16 09:59:59,2026-03-16 10:03:04,185.0,2026-03-16,simulated
Escola Estadual Criança Esperança,História,Professora_Carla,a281db1412a68e509731fb8e1e72fe47c8ea3e7c367d7d10cbb968feff7ac523,Paula Kamily,Distraido,2026-03-16 10:03:10,2026-03-16 10:04:41,91.0,2026-03-16,simulated
Escola Estadual Criança Esperança,História,Professora_Carla,a281db1412a68e509731fb8e1e72fe47c8ea3e7c367d7d10cbb968feff7ac523,Paula Kamily,Agitado,2026-03-16 10:04:44,2026-03-16 10:05:15,31.0,2026-03-16,simulated
Escola Estadual Criança Esperança,História,Professora_Carla,a281db1412a68e509731fb8e1e72fe47c8ea3e7c367d7d10cbb968feff7ac523,Paula Kamily,Distraido,2026-03-16 10:05:19,2026-03-16 10:07:26,127.0,2026-03-16,simulated
Escola Estadual Criança Esperança,História,Professora_Carla,a281db1412a68e509731fb8e1e72fe47c8ea3e7c367d7d10cbb968feff7ac523,Paula Kamily,Atento,2026-03-16 10:07:28,2026-03-16 10:18:45,677.0,2026-03-16,simulated
Escola Estadual Criança Esperança,História,Professora_Carla,a281db1412a68e509731fb8e1e72fe47c8ea3e7c367d7d10cbb968feff7ac523,Paula Kamily,Distraido,2026-03-16 10:18:52,2026-03-16 10:20:04,72.0,2026-03-16,simulated
Escola Estadual Criança Esperança,História,Professora_Carla,a281db1412a68e509731fb8e1e72fe47c8ea3e7c367d7d10cbb968feff7ac523,Paula Kamily,Atento,2026-03-16 10:20:08,2026-03-16 10:27:45,457.0,2026-03-16,simulated
Escola Estadual Criança Esperança,História,Professora_Carla,a281db1412a68e509731fb8e1e72fe47c8ea3e7c367d7d10cbb968feff7ac523,Paula Kamily,Agitado,2026-03-16 10:27:46,2026-03-16 10:28:36,50.0,2026-03-16,simulated
Escola Estadual Criança Esperança,História,Professora_Carla,a281db1412a68e509731fb8e1e72fe47c8ea3e7c367d7d10cbb968feff7ac523,Paula Kamily,Perguntando,2026-03-16 10:28:38,2026-03-16 10:28:52,14.0,2026-03-16,simulated
Escola Estadual Criança Esperança,História,Professora_Carla,a281db1412a68e509731fb8e1e72fe47c8ea3e7c367d7d10cbb968feff7ac523,Paula Kamily,Atento,2026-03-16 10:28:53,2026-03-16 10:40:47,714.0,2026-03-16,simulated
Escola Estadual Criança Esperança,História,Professora_Carla,a281db1412a68e509731fb8e1e72fe47c8ea3e7c367d7d10cbb968feff7ac523,Paula Kamily,Distraido,2026-03-16 10:40:53,2026-03-16 10:43:40,167.0,2026-03-16,simulated
Escola Estadual Criança Esperança,História,Professora_Carla,a281db1412a68e509731fb8e1e72fe47c8ea3e7c367d7d10cbb968feff7ac523,Paula Kamily,Agitado,2026-03-16 10:43:47,2026-03-16 10:45:01,74.0,2026-03-16,simulated
Escola Estadual Criança Esperança,História,Professora_Carla,a281db1412a68e509731fb8e1e72fe47c8ea3e7c367d7d10cbb968feff7ac523,Paula Kamily,Atento,2026-03-16 10:45:06,2026-03-16 10:50:28,322.0,2026-03-16,simulated
Escola Estadual Criança Esperança,História,Professora_Carla,a281db1412a68e509731fb8e1e72fe47c8ea3e7c367d7d10cbb968feff7ac523,Paula Kamily,Distraido,2026-03-16 10:50:28,2026-03-16 10:51:13,45.0,2026-03-16,simulated
Escola Estadual Criança Esperança,História,Professora_Carla,a281db1412a68e509731fb8e1e72fe47c8ea3e7c367d7d10cbb968feff7ac523,Paula Kamily,Agitado,2026-03-16 10:51:21,2026-03-16 10:52:39,78.0,2026-03-16,simulated
Escola Estadual Criança Esperança,História,Professora_Carla,a281db1412a68e509731fb8e1e72fe47c8ea3e7c367d7d10cbb968feff7ac523,Paula Kamily,Perguntando,2026-03-16 10:52:44,2026-03-16 10:52:55,11.0,2026-03-16,simulated
Escola Estadual Criança Esperança,História,Professora_Carla,a281db1412a68e509731fb8e1e72fe47c8ea3e7c367d7d10cbb968feff7ac523,Paula Kamily,Agitado,2026-03-16 10:52:59,2026-03-16 10:54:04,65.0,2026-03-16,simulated
Escola Estadual Criança Esperança,História,Professora_Carla,a281db1412a68e509731fb8e1e72fe47c8ea3e7c367d7d10cbb968feff7ac523,Paula Kamily,Atento,2026-03-16 10:54:04,2026-03-16 11:01:29,445.0,2026-03-16,simulated
Escola Estadual Criança Esperança,História,Professora_Carla,a281db1412a68e509731fb8e1e72fe47c8ea3e7c367d7d10cbb968feff7ac523,Paula Kamily,Distraido,2026-03-16 11:01:31,2026-03-16 11:04:22,171.0,2026-03-16,simulated
Escola Estadual Criança Esperança,História,Professora_Carla,a281db1412a68e509731fb8e1e72fe47c8ea3e7c367d7d10cbb968feff7ac523,Paula Kamily,Agitado,2026-03-16 11:04:25,2026-03-16 11:05:14,49.0,2026-03-16,simulated
Escola Estadual Criança Esperança,História,Professora_Carla,a281db1412a68e509731fb8e1e72fe47c8ea3e7c367d7d10cbb968feff7ac523,Paula Kamily,Atento,2026-03-16 11:05:15,2026-03-16 11:16:24,669.0,2026-03-16,simulated
Escola Estadual Criança Esperança,História,Professora_Carla,a281db1412a68e509731fb8e1e72fe47c8ea3e7c367d7d10cbb968feff7ac523,Paula Kamily,Distraido,2026-03-16 11:16:27,2026-03-16 11:17:42,75.0,2026-03-16,simulated
Escola Estadual Criança Esperança,História,Professora_Carla,a281db1412a68e509731fb8e1e72fe47c8ea3e7c367d7d10cbb968feff7ac523,Paula Kamily,Atento,2026-03-16 11:17:46,2026-03-16 11:26:35,529.0,2026-03-16,simulated
Escola Estadual Criança Esperança,História,Professora_Carla,a281db1412a68e509731fb8e1e72fe47c8ea3e7c367d7d10cbb968feff7ac523,Paula Kamily,Distraido,2026-03-16 11:26:43,2026-03-16 11:28:32,109.0,2026-03-16,simulated
Escola Estadual Criança Esperança,História,Professora_Carla,a281db1412a68e509731fb8e1e72fe47c8ea3e7c367d7d10cbb968feff7ac523,Paula Kamily,Perguntando,2026-03-16 11:28:37,2026-03-16 11:28:51,14.0,2026-03-16,simulated
Escola Estadual Criança Esperança,História,Professora_Carla,a281db1412a68e509731fb8e1e72fe47c8ea3e7c367d7d10cbb968feff7ac523,Paula Kamily,Atento,2026-03-16 11:28:57,2026-03-16 11:38:16,559.0,2026-03-16,simulated
Escola Estadual Criança Esperança,História,Professora_Carla,a281db1412a68e509731fb8e1e72fe47c8ea3e7c367d7d10cbb968feff7ac523,Paula Kamily,Agitado,2026-03-16 11:38:24,2026-03-16 11:39:23,59.0,2026-03-16,simulated
Escola Estadual Criança Esperança,História,Professora_Carla,a281db1412a68e509731fb8e1e72fe47c8ea3e7c367d7d10cbb968feff7ac523,Paula Kamily,Atento,2026-03-16 11:39:26,2026-03-16 11:49:22,596.0,2026-03-16,simulated
Escola Estadual Criança Esperança,História,Professora_Carla,a281db1412a68e509731fb8e1e72fe47c8ea3e7c367d7d10cbb968feff7ac523,Paula Kamily,Agitado,2026-03-16 11:49:25,2026-03-16 11:49:46,21.0,2026-03-16,simulated
Escola Estadual Criança Esperança,História,Professora_Carla,a281db1412a68e509731fb8e1e72fe47c8ea3e7c367d7d10cbb968feff7ac523,Paula Kamily,Distraido,2026-03-16 11:49:48,2026-03-16 11:52:00,132.0,2026-03-16,simulated
Escola Estadual Criança Esperança,História,Professora_Carla,536dcd4eafc272cd6777ad15a7b067f4240b6b682361c6460b64398069ec87ac,Maria Eduarda,Dormindo,2026-03-16 08:14:00,2026-03-16 08:17:04,184.0,2026-03-16,simulated
Escola Estadual Criança Esperança,História,Professora_Carla,536dcd4eafc272cd6777ad15a7b067f4240b6b682361c6460b64398069ec87ac,Maria Eduarda,Distraido,2026-03-16 08:17:07,2026-03-16 08:19:00,113.0,2026-03-16,simulated
Escola Estadual Criança Esperança,História,Professora_Carla,536dcd4eafc272cd6777ad15a7b067f4240b6b682361c6460b64398069ec87ac,Maria Eduarda,Dormindo,2026-03-16 08:19:04,2026-03-16 08:20:31,87.0,2026-03-16,simulated
Escola Estadual Criança Esperança,História,Professora_Carla,536dcd4eafc272cd6777ad15a7b067f4240b6b682361c6460b64398069ec87ac,Maria Eduarda,Agitado,2026-03-16 08:20:37,2026-03-16 08:21:52,75.0,2026-03-16,simulated
Escola Estadual Criança Esperança,História,Professora_Carla,536dcd4eafc272cd6777ad15a7b067f4240b6b682361c6460b64398069ec87ac,Maria Eduarda,Dormindo,2026-03-16 08:22:00,2026-03-16 08:24:33,153.0,2026-03-16,simulated
Escola Estadual Criança Esperança,História,Professora_Carla,536dcd4eafc272cd6777ad15a7b067f4240b6b682361c6460b64398069ec87ac,Maria Eduarda,Distraido,2026-03-16 08:24:37,2026-03-16 08:26:33,116.0,2026-03-16,simulated
Escola Estadual Criança Esperança,História,Professora_Carla,536dcd4eafc272cd6777ad15a7b067f4240b6b682361c6460b64398069ec87ac,Maria Eduarda,Dormindo,2026-03-16 08:26:38,2026-03-16 08:29:42,184.0,2026-03-16,simulated
Escola Estadual Criança Esperança,História,Professora_Carla,536dcd4eafc272cd6777ad15a7b067f4240b6b682361c6460b64398069ec87ac,Maria Eduarda,Atento,2026-03-16 08:29:44,2026-03-16 08:37:36,472.0,2026-03-16,simulated
Escola Estadual Criança Esperança,História,Professora_Carla,536dcd4eafc272cd6777ad15a7b067f4240b6b682361c6460b64398069ec87ac,Maria Eduarda,Dormindo,2026-03-16 08:37:44,2026-03-16 08:42:06,262.0,2026-03-16,simulated
Escola Estadual Criança Esperança,História,Professora_Carla,536dcd4eafc272cd6777ad15a7b067f4240b6b682361c6460b64398069ec87ac,Maria Eduarda,Distraido,2026-03-16 08:42:09,2026-03-16 08:43:24,75.0,2026-03-16,simulated
Escola Estadual Criança Esperança,História,Professora_Carla,536dcd4eafc272cd6777ad15a7b067f4240b6b682361c6460b64398069ec87ac,Maria Eduarda,Dormindo,2026-03-16 08:43:30,2026-03-16 08:44:33,63.0,2026-03-16,simulated
Escola Estadual Criança Esperança,História,Professora_Carla,536dcd4eafc272cd6777ad15a7b067f4240b6b682361c6460b64398069ec87ac,Maria Eduarda,Atento,2026-03-16 08:44:38,2026-03-16 08:52:47,489.0,2026-03-16,simulated
Escola Estadual Criança Esperança,História,Professora_Carla,536dcd4eafc272cd6777ad15a7b067f4240b6b682361c6460b64398069ec87ac,Maria Eduarda,Dormindo,2026-03-16 08:52:51,2026-03-16 08:55:22,151.0,2026-03-16,simulated
Escola Estadual Criança Esperança,História,Professora_Carla,536dcd4eafc272cd6777ad15a7b067f4240b6b682361c6460b64398069ec87ac,Maria Eduarda,Distraido,2026-03-16 08:55:26,2026-03-16 08:56:43,77.0,2026-03-16,simulated
Escola Estadual Criança Esperança,História,Professora_Carla,536dcd4eafc272cd6777ad15a7b067f4240b6b682361c6460b64398069ec87ac,Maria Eduarda,Perguntando,2026-03-16 08:56:44,2026-03-16 08:57:02,18.0,2026-03-16,simulated
Escola Estadual Criança Esperança,História,Professora_Carla,536dcd4eafc272cd6777ad15a7b067f4240b6b682361c6460b64398069ec87ac,Maria Eduarda,Dormindo,2026-03-16 08:57:07,2026-03-16 09:00:40,213.0,2026-03-16,simulated
Escola Estadual Criança Esperança,História,Professora_Carla,536dcd4eafc272cd6777ad15a7b067f4240b6b682361c6460b64398069ec87ac,Maria Eduarda,Distraido,2026-03-16 09:00:48,2026-03-16 09:01:41,53.0,2026-03-16,simulated
Escola Estadual Criança Esperança,História,Professora_Carla,536dcd4eafc272cd6777ad15a7b067f4240b6b682361c6460b64398069ec87ac,Maria Eduarda,Atento,2026-03-16 09:01:44,2026-03-16 09:07:01,317.0,2026-03-16,simulated
Escola Estadual Criança Esperança,História,Professora_Carla,536dcd4eafc272cd6777ad15a7b067f4240b6b682361c6460b64398069ec87ac,Maria Eduarda,Distraido,2026-03-16 09:07:08,2026-03-16 09:08:41,93.0,2026-03-16,simulated
Escola Estadual Criança Esperança,História,Professora_Carla,536dcd4eafc272cd6777ad15a7b067f4240b6b682361c6460b64398069ec87ac,Maria Eduarda,Dormindo,2026-03-16 09:08:47,2026-03-16 09:10:38,111.0,2026-03-16,simulated
Escola Estadual Criança Esperança,História,Professora_Carla,536dcd4eafc272cd6777ad15a7b067f4240b6b682361c6460b64398069ec87ac,Maria Eduarda,Perguntando,2026-03-16 09:10:39,2026-03-16 09:11:12,33.0,2026-03-16,simulated
Escola Estadual Criança Esperança,História,Professora_Carla,536dcd4eafc272cd6777ad15a7b067f4240b6b682361c6460b64398069ec87ac,Maria Eduarda,Agitado,2026-03-16 09:11:15,2026-03-16 09:12:44,89.0,2026-03-16,simulated
Escola Estadual Criança Esperança,História,Professora_Carla,536dcd4eafc272cd6777ad15a7b067f4240b6b682361c6460b64398069ec87ac,Maria Eduarda,Dormindo,2026-03-16 09:12:45,2026-03-16 09:15:19,154.0,2026-03-16,simulated
Escola Estadual Criança Esperança,História,Professora_Carla,536dcd4eafc272cd6777ad15a7b067f4240b6b682361c6460b64398069ec87ac,Maria Eduarda,Atento,2026-03-16 09:15:22,2026-03-16 09:22:52,450.0,2026-03-16,simulated
Escola Estadual Criança Esperança,História,Professora_Carla,536dcd4eafc272cd6777ad15a7b067f4240b6b682361c6460b64398069ec87ac,Maria Eduarda,Distraido,2026-03-16 09:22:55,2026-03-16 09:25:24,149.0,2026-03-16,simulated
Escola Estadual Criança Esperança,História,Professora_Carla,536dcd4eafc272cd6777ad15a7b067f4240b6b682361c6460b64398069ec87ac,Maria Eduarda,Dormindo,2026-03-16 09:25:27,2026-03-16 09:28:27,180.0,2026-03-16,simulated
Escola Estadual Criança Esperança,História,Professora_Carla,536dcd4eafc272cd6777ad15a7b067f4240b6b682361c6460b64398069ec87ac,Maria Eduarda,Atento,2026-03-16 09:28:32,2026-03-16 09:34:40,368.0,2026-03-16,simulated
Escola Estadual Criança Esperança,História,Professora_Carla,536dcd4eafc272cd6777ad15a7b067f4240b6b682361c6460b64398069ec87ac,Maria Eduarda,Dormindo,2026-03-16 09:34:44,2026-03-16 09:36:11,87.0,2026-03-16,simulated
Escola Estadual Criança Esperança,História,Professora_Carla,536dcd4eafc272cd6777ad15a7b067f4240b6b682361c6460b64398069ec87ac,Maria Eduarda,Agitado,2026-03-16 09:36:15,2026-03-16 09:36:45,30.0,2026-03-16,simulated
Escola Estadual Criança Esperança,História,Professora_Carla,536dcd4eafc272cd6777ad15a7b067f4240b6b682361c6460b64398069ec87ac,Maria Eduarda,Dormindo,2026-03-16 09:36:46,2026-03-16 09:41:03,257.0,2026-03-16,simulated
Escola Estadual Criança Esperança,História,Professora_Carla,536dcd4eafc272cd6777ad15a7b067f4240b6b682361c6460b64398069ec87ac,Maria Eduarda,Atento,2026-03-16 09:41:06,2026-03-16 09:47:54,408.0,2026-03-16,simulated
Escola Estadual Criança Esperança,História,Professora_Carla,536dcd4eafc272cd6777ad15a7b067f4240b6b682361c6460b64398069ec87ac,Maria Eduarda,Distraido,2026-03-16 09:48:01,2026-03-16 09:48:58,57.0,2026-03-16,simulated
Escola Estadual Criança Esperança,História,Professora_Carla,536dcd4eafc272cd6777ad15a7b067f4240b6b682361c6460b64398069ec87ac,Maria Eduarda,Atento,2026-03-16 09:48:58,2026-03-16 09:58:19,561.0,2026-03-16,simulated
Escola Estadual Criança Esperança,História,Professora_Carla,536dcd4eafc272cd6777ad15a7b067f4240b6b682361c6460b64398069ec87ac,Maria Eduarda,Distraido,2026-03-16 09:58:22,2026-03-16 10:01:18,176.0,2026-03-16,simulated
Escola Estadual Criança Esperança,História,Professora_Carla,536dcd4eafc272cd6777ad15a7b067f4240b6b682361c6460b64398069ec87ac,Maria Eduarda,Dormindo,2026-03-16 10:01:20,2026-03-16 10:04:27,187.0,2026-03-16,simulated
Escola Estadual Criança Esperança,História,Professora_Carla,536dcd4eafc272cd6777ad15a7b067f4240b6b682361c6460b64398069ec87ac,Maria Eduarda,Distraido,2026-03-16 10:04:29,2026-03-16 10:06:59,150.0,2026-03-16,simulated
Escola Estadual Criança Esperança,História,Professora_Carla,536dcd4eafc272cd6777ad15a7b067f4240b6b682361c6460b64398069ec87ac,Maria Eduarda,Dormindo,2026-03-16 10:07:07,2026-03-16 10:11:22,255.0,2026-03-16,simulated
Escola Estadual Criança Esperança,História,Professora_Carla,536dcd4eafc272cd6777ad15a7b067f4240b6b682361c6460b64398069ec87ac,Maria Eduarda,Atento,2026-03-16 10:11:26,2026-03-16 10:22:08,642.0,2026-03-16,simulated
Escola Estadual Criança Esperança,História,Professora_Carla,536dcd4eafc272cd6777ad15a7b067f4240b6b682361c6460b64398069ec87ac,Maria Eduarda,Distraido,2026-03-16 10:22:16,2026-03-16 10:24:01,105.0,2026-03-16,simulated
Escola Estadual Criança Esperança,História,Professora_Carla,536dcd4eafc272cd6777ad15a7b067f4240b6b682361c6460b64398069ec87ac,Maria Eduarda,Dormindo,2026-03-16 10:24:07,2026-03-16 10:29:04,297.0,2026-03-16,simulated
Escola Estadual Criança Esperança,História,Professora_Carla,536dcd4eafc272cd6777ad15a7b067f4240b6b682361c6460b64398069ec87ac,Maria Eduarda,Perguntando,2026-03-16 10:29:05,2026-03-16 10:29:29,24.0,2026-03-16,simulated
Escola Estadual Criança Esperança,História,Professora_Carla,536dcd4eafc272cd6777ad15a7b067f4240b6b682361c6460b64398069ec87ac,Maria Eduarda,Distraido,2026-03-16 10:29:36,2026-03-16 10:31:31,115.0,2026-03-16,simulated
Escola Estadual Criança Esperança,História,Professora_Carla,536dcd4eafc272cd6777ad15a7b067f4240b6b682361c6460b64398069ec87ac,Maria Eduarda,Atento,2026-03-16 10:31:35,2026-03-16 10:36:39,304.0,2026-03-16,simulated
Escola Estadual Criança Esperança,História,Professora_Carla,536dcd4eafc272cd6777ad15a7b067f4240b6b682361c6460b64398069ec87ac,Maria Eduarda,Distraido,2026-03-16 10:36:45,2026-03-16 10:38:12,87.0,2026-03-16,simulated
Escola Estadual Criança Esperança,História,Professora_Carla,536dcd4eafc272cd6777ad15a7b067f4240b6b682361c6460b64398069ec87ac,Maria Eduarda,Dormindo,2026-03-16 10:38:15,2026-03-16 10:43:00,285.0,2026-03-16,simulated
Escola Estadual Criança Esperança,História,Professora_Carla,536dcd4eafc272cd6777ad15a7b067f4240b6b682361c6460b64398069ec87ac,Maria Eduarda,Agitado,2026-03-16 10:43:03,2026-03-16 10:44:06,63.0,2026-03-16,simulated
Escola Estadual Criança Esperança,História,Professora_Carla,536dcd4eafc272cd6777ad15a7b067f4240b6b682361c6460b64398069ec87ac,Maria Eduarda,Distraido,2026-03-16 10:44:11,2026-03-16 10:46:09,118.0,2026-03-16,simulated
Escola Estadual Criança Esperança,História,Professora_Carla,536dcd4eafc272cd6777ad15a7b067f4240b6b682361c6460b64398069ec87ac,Maria Eduarda,Atento,2026-03-16 10:46:14,2026-03-16 10:51:48,334.0,2026-03-16,simulated
Escola Estadual Criança Esperança,História,Professora_Carla,536dcd4eafc272cd6777ad15a7b067f4240b6b682361c6460b64398069ec87ac,Maria Eduarda,Agitado,2026-03-16 10:51:56,2026-03-16 10:52:55,59.0,2026-03-16,simulated
Escola Estadual Criança Esperança,História,Professora_Carla,536dcd4eafc272cd6777ad15a7b067f4240b6b682361c6460b64398069ec87ac,Maria Eduarda,Perguntando,2026-03-16 10:53:00,2026-03-16 10:53:15,15.0,2026-03-16,simulated
Escola Estadual Criança Esperança,História,Professora_Carla,536dcd4eafc272cd6777ad15a7b067f4240b6b682361c6460b64398069ec87ac,Maria Eduarda,Dormindo,2026-03-16 10:53:17,2026-03-16 10:56:54,217.0,2026-03-16,simulated
Escola Estadual Criança Esperança,História,Professora_Carla,536dcd4eafc272cd6777ad15a7b067f4240b6b682361c6460b64398069ec87ac,Maria Eduarda,Perguntando,2026-03-16 10:57:00,2026-03-16 10:57:33,33.0,2026-03-16,simulated
Escola Estadual Criança Esperança,História,Professora_Carla,536dcd4eafc272cd6777ad15a7b067f4240b6b682361c6460b64398069ec87ac,Maria Eduarda,Dormindo,2026-03-16 10:57:40,2026-03-16 11:00:47,187.0,2026-03-16,simulated
Escola Estadual Criança Esperança,História,Professora_Carla,536dcd4eafc272cd6777ad15a7b067f4240b6b682361c6460b64398069ec87ac,Maria Eduarda,Atento,2026-03-16 11:00:47,2026-03-16 11:11:14,627.0,2026-03-16,simulated
Escola Estadual Criança Esperança,História,Professora_Carla,536dcd4eafc272cd6777ad15a7b067f4240b6b682361c6460b64398069ec87ac,Maria Eduarda,Agitado,2026-03-16 11:11:14,2026-03-16 11:12:31,77.0,2026-03-16,simulated
Escola Estadual Criança Esperança,História,Professora_Carla,536dcd4eafc272cd6777ad15a7b067f4240b6b682361c6460b64398069ec87ac,Maria Eduarda,Perguntando,2026-03-16 11:12:31,2026-03-16 11:13:07,36.0,2026-03-16,simulated
Escola Estadual Criança Esperança,História,Professora_Carla,536dcd4eafc272cd6777ad15a7b067f4240b6b682361c6460b64398069ec87ac,Maria Eduarda,Distraido,2026-03-16 11:13:14,2026-03-16 11:15:51,157.0,2026-03-16,simulated
Escola Estadual Criança Esperança,História,Professora_Carla,536dcd4eafc272cd6777ad15a7b067f4240b6b682361c6460b64398069ec87ac,Maria Eduarda,Agitado,2026-03-16 11:15:58,2026-03-16 11:17:17,79.0,2026-03-16,simulated
Escola Estadual Criança Esperança,História,Professora_Carla,536dcd4eafc272cd6777ad15a7b067f4240b6b682361c6460b64398069ec87ac,Maria Eduarda,Distraido,2026-03-16 11:17:23,2026-03-16 11:19:11,108.0,2026-03-16,simulated
Escola Estadual Criança Esperança,História,Professora_Carla,536dcd4eafc272cd6777ad15a7b067f4240b6b682361c6460b64398069ec87ac,Maria Eduarda,Atento,2026-03-16 11:19:15,2026-03-16 11:24:51,336.0,2026-03-16,simulated
Escola Estadual Criança Esperança,História,Professora_Carla,536dcd4eafc272cd6777ad15a7b067f4240b6b682361c6460b64398069ec87ac,Maria Eduarda,Dormindo,2026-03-16 11:24:52,2026-03-16 11:26:10,78.0,2026-03-16,simulated
Escola Estadual Criança Esperança,História,Professora_Carla,536dcd4eafc272cd6777ad15a7b067f4240b6b682361c6460b64398069ec87ac,Maria Eduarda,Perguntando,2026-03-16 11:26:14,2026-03-16 11:26:26,12.0,2026-03-16,simulated
Escola Estadual Criança Esperança,História,Professora_Carla,536dcd4eafc272cd6777ad15a7b067f4240b6b682361c6460b64398069ec87ac,Maria Eduarda,Dormindo,2026-03-16 11:26:27,2026-03-16 11:29:51,204.0,2026-03-16,simulated
Escola Estadual Criança Esperança,História,Professora_Carla,536dcd4eafc272cd6777ad15a7b067f4240b6b682361c6460b64398069ec87ac,Maria Eduarda,Perguntando,2026-03-16 11:29:54,2026-03-16 11:30:24,30.0,2026-03-16,simulated
Escola Estadual Criança Esperança,História,Professora_Carla,536dcd4eafc272cd6777ad15a7b067f4240b6b682361c6460b64398069ec87ac,Maria Eduarda,Atento,2026-03-16 11:30:31,2026-03-16 11:38:44,493.0,2026-03-16,simulated
Escola Estadual Criança Esperança,História,Professora_Carla,536dcd4eafc272cd6777ad15a7b067f4240b6b682361c6460b64398069ec87ac,Maria Eduarda,Dormindo,2026-03-16 11:38:48,2026-03-16 11:42:06,198.0,2026-03-16,simulated
Escola Estadual Criança Esperança,História,Professora_Carla,536dcd4eafc272cd6777ad15a7b067f4240b6b682361c6460b64398069ec87ac,Maria Eduarda,Agitado,2026-03-16 11:42:11,2026-03-16 11:43:41,90.0,2026-03-16,simulated
Escola Estadual Criança Esperança,História,Professora_Carla,536dcd4eafc272cd6777ad15a7b067f4240b6b682361c6460b64398069ec87ac,Maria Eduarda,Distraido,2026-03-16 11:43:46,2026-03-16 11:45:33,107.0,2026-03-16,simulated
Escola Estadual Criança Esperança,História,Professora_Carla,536dcd4eafc272cd6777ad15a7b067f4240b6b682361c6460b64398069ec87ac,Maria Eduarda,Agitado,2026-03-16 11:45:34,2026-03-16 11:46:01,27.0,2026-03-16,simulated
Escola Estadual Criança Esperança,História,Professora_Carla,536dcd4eafc272cd6777ad15a7b067f4240b6b682361c6460b64398069ec87ac,Maria Eduarda,Dormindo,2026-03-16 11:46:04,2026-03-16 11:49:16,192.0,2026-03-16,simulated
Escola Estadual Criança Esperança,História,Professora_Carla,536dcd4eafc272cd6777ad15a7b067f4240b6b682361c6460b64398069ec87ac,Maria Eduarda,Perguntando,2026-03-16 11:49:19,2026-03-16 11:49:47,28.0,2026-03-16,simulated
Escola Estadual Criança Esperança,História,Professora_Carla,536dcd4eafc272cd6777ad15a7b067f4240b6b682361c6460b64398069ec87ac,Maria Eduarda,Atento,2026-03-16 11:49:49,2026-03-16 11:54:00,251.0,2026-03-16,simulated
Escola Estadual Criança Esperança,História,Professora_Carla,f1c5e8faebc9ab791d2c562bfd9fda99c4bc10d22e6beff1b40abc554f2000ac,Alice Nascimento Silva Lobo,Perguntando,2026-03-16 08:16:00,2026-03-16 08:16:27,27.0,2026-03-16,simulated
Escola Estadual Criança Esperança,História,Professora_Carla,f1c5e8faebc9ab791d2c562bfd9fda99c4bc10d22e6beff1b40abc554f2000ac,Alice Nascimento Silva Lobo,Atento,2026-03-16 08:16:33,2026-03-16 08:25:08,515.0,2026-03-16,simulated
Escola Estadual Criança Esperança,História,Professora_Carla,f1c5e8faebc9ab791d2c562bfd9fda99c4bc10d22e6beff1b40abc554f2000ac,Alice Nascimento Silva Lobo,Atento,2026-03-16 08:25:11,2026-03-16 08:32:25,434.0,2026-03-16,simulated
Escola Estadual Criança Esperança,História,Professora_Carla,f1c5e8faebc9ab791d2c562bfd9fda99c4bc10d22e6beff1b40abc554f2000ac,Alice Nascimento Silva Lobo,Perguntando,2026-03-16 08:32:27,2026-03-16 08:33:04,37.0,2026-03-16,simulated
Escola Estadual Criança Esperança,História,Professora_Carla,f1c5e8faebc9ab791d2c562bfd9fda99c4bc10d22e6beff1b40abc554f2000ac,Alice Nascimento Silva Lobo,Atento,2026-03-16 08:33:10,2026-03-16 08:41:09,479.0,2026-03-16,simulated
Escola Estadual Criança Esperança,História,Professora_Carla,f1c5e8faebc9ab791d2c562bfd9fda99c4bc10d22e6beff1b40abc554f2000ac,Alice Nascimento Silva Lobo,Perguntando,2026-03-16 08:41:17,2026-03-16 08:41:34,17.0,2026-03-16,simulated
Escola Estadual Criança Esperança,História,Professora_Carla,f1c5e8faebc9ab791d2c562bfd9fda99c4bc10d22e6beff1b40abc554f2000ac,Alice Nascimento Silva Lobo,Atento,2026-03-16 08:41:35,2026-03-16 08:50:37,542.0,2026-03-16,simulated
Escola Estadual Criança Esperança,História,Professora_Carla,f1c5e8faebc9ab791d2c562bfd9fda99c4bc10d22e6beff1b40abc554f2000ac,Alice Nascimento Silva Lobo,Distraido,2026-03-16 08:50:41,2026-03-16 08:52:49,128.0,2026-03-16,simulated
Escola Estadual Criança Esperança,História,Professora_Carla,f1c5e8faebc9ab791d2c562bfd9fda99c4bc10d22e6beff1b40abc554f2000ac,Alice Nascimento Silva Lobo,Perguntando,2026-03-16 08:52:56,2026-03-16 08:53:14,18.0,2026-03-16,simulated
Escola Estadual Criança Esperança,História,Professora_Carla,f1c5e8faebc9ab791d2c562bfd9fda99c4bc10d22e6beff1b40abc554f2000ac,Alice Nascimento Silva Lobo,Atento,2026-03-16 08:53:22,2026-03-16 08:59:58,396.0,2026-03-16,simulated
Escola Estadual Criança Esperança,História,Professora_Carla,f1c5e8faebc9ab791d2c562bfd9fda99c4bc10d22e6beff1b40abc554f2000ac,Alice Nascimento Silva Lobo,Atento,2026-03-16 08:59:58,2026-03-16 09:10:41,643.0,2026-03-16,simulated
Escola Estadual Criança Esperança,História,Professora_Carla,f1c5e8faebc9ab791d2c562bfd9fda99c4bc10d22e6beff1b40abc554f2000ac,Alice Nascimento Silva Lobo,Atento,2026-03-16 09:10:46,2026-03-16 09:19:12,506.0,2026-03-16,simulated
Escola Estadual Criança Esperança,História,Professora_Carla,f1c5e8faebc9ab791d2c562bfd9fda99c4bc10d22e6beff1b40abc554f2000ac,Alice Nascimento Silva Lobo,Perguntando,2026-03-16 09:19:16,2026-03-16 09:19:27,11.0,2026-03-16,simulated
Escola Estadual Criança Esperança,História,Professora_Carla,f1c5e8faebc9ab791d2c562bfd9fda99c4bc10d22e6beff1b40abc554f2000ac,Alice Nascimento Silva Lobo,Distraido,2026-03-16 09:19:35,2026-03-16 09:22:17,162.0,2026-03-16,simulated
Escola Estadual Criança Esperança,História,Professora_Carla,f1c5e8faebc9ab791d2c562bfd9fda99c4bc10d22e6beff1b40abc554f2000ac,Alice Nascimento Silva Lobo,Atento,2026-03-16 09:22:25,2026-03-16 09:31:58,573.0,2026-03-16,simulated
Escola Estadual Criança Esperança,História,Professora_Carla,f1c5e8faebc9ab791d2c562bfd9fda99c4bc10d22e6beff1b40abc554f2000ac,Alice Nascimento Silva Lobo,Distraido,2026-03-16 09:31:59,2026-03-16 09:33:15,76.0,2026-03-16,simulated
Escola Estadual Criança Esperança,História,Professora_Carla,f1c5e8faebc9ab791d2c562bfd9fda99c4bc10d22e6beff1b40abc554f2000ac,Alice Nascimento Silva Lobo,Atento,2026-03-16 09:33:16,2026-03-16 09:38:31,315.0,2026-03-16,simulated
Escola Estadual Criança Esperança,História,Professora_Carla,f1c5e8faebc9ab791d2c562bfd9fda99c4bc10d22e6beff1b40abc554f2000ac,Alice Nascimento Silva Lobo,Atento,2026-03-16 09:38:36,2026-03-16 09:44:25,349.0,2026-03-16,simulated
Escola Estadual Criança Esperança,História,Professora_Carla,f1c5e8faebc9ab791d2c562bfd9fda99c4bc10d22e6beff1b40abc554f2000ac,Alice Nascimento Silva Lobo,Distraido,2026-03-16 09:44:27,2026-03-16 09:45:48,81.0,2026-03-16,simulated
Escola Estadual Criança Esperança,História,Professora_Carla,f1c5e8faebc9ab791d2c562bfd9fda99c4bc10d22e6beff1b40abc554f2000ac,Alice Nascimento Silva Lobo,Atento,2026-03-16 09:45:51,2026-03-16 09:55:57,606.0,2026-03-16,simulated
Escola Estadual Criança Esperança,História,Professora_Carla,f1c5e8faebc9ab791d2c562bfd9fda99c4bc10d22e6beff1b40abc554f2000ac,Alice Nascimento Silva Lobo,Distraido,2026-03-16 09:56:01,2026-03-16 09:58:36,155.0,2026-03-16,simulated
Escola Estadual Criança Esperança,História,Professora_Carla,f1c5e8faebc9ab791d2c562bfd9fda99c4bc10d22e6beff1b40abc554f2000ac,Alice Nascimento Silva Lobo,Atento,2026-03-16 09:58:39,2026-03-16 10:05:12,393.0,2026-03-16,simulated
Escola Estadual Criança Esperança,História,Professora_Carla,f1c5e8faebc9ab791d2c562bfd9fda99c4bc10d22e6beff1b40abc554f2000ac,Alice Nascimento Silva Lobo,Perguntando,2026-03-16 10:05:18,2026-03-16 10:05:46,28.0,2026-03-16,simulated
Escola Estadual Criança Esperança,História,Professora_Carla,f1c5e8faebc9ab791d2c562bfd9fda99c4bc10d22e6beff1b40abc554f2000ac,Alice Nascimento Silva Lobo,Distraido,2026-03-16 10:05:48,2026-03-16 10:07:38,110.0,2026-03-16,simulated
Escola Estadual Criança Esperança,História,Professora_Carla,f1c5e8faebc9ab791d2c562bfd9fda99c4bc10d22e6beff1b40abc554f2000ac,Alice Nascimento Silva Lobo,Atento,2026-03-16 10:07:38,2026-03-16 10:16:54,556.0,2026-03-16,simulated
Escola Estadual Criança Esperança,História,Professora_Carla,f1c5e8faebc9ab791d2c562bfd9fda99c4bc10d22e6beff1b40abc554f2000ac,Alice Nascimento Silva Lobo,Perguntando,2026-03-16 10:16:56,2026-03-16 10:17:24,28.0,2026-03-16,simulated
Escola Estadual Criança Esperança,História,Professora_Carla,f1c5e8faebc9ab791d2c562bfd9fda99c4bc10d22e6beff1b40abc554f2000ac,Alice Nascimento Silva Lobo,Atento,2026-03-16 10:17:26,2026-03-16 10:22:36,310.0,2026-03-16,simulated
Escola Estadual Criança Esperança,História,Professora_Carla,f1c5e8faebc9ab791d2c562bfd9fda99c4bc10d22e6beff1b40abc554f2000ac,Alice Nascimento Silva Lobo,Agitado,2026-03-16 10:22:40,2026-03-16 10:23:56,76.0,2026-03-16,simulated
Escola Estadual Criança Esperança,História,Professora_Carla,f1c5e8faebc9ab791d2c562bfd9fda99c4bc10d22e6beff1b40abc554f2000ac,Alice Nascimento Silva Lobo,Atento,2026-03-16 10:24:01,2026-03-16 10:32:02,481.0,2026-03-16,simulated
Escola Estadual Criança Esperança,História,Professora_Carla,f1c5e8faebc9ab791d2c562bfd9fda99c4bc10d22e6beff1b40abc554f2000ac,Alice Nascimento Silva Lobo,Distraido,2026-03-16 10:32:04,2026-03-16 10:34:43,159.0,2026-03-16,simulated
Escola Estadual Criança Esperança,História,Professora_Carla,f1c5e8faebc9ab791d2c562bfd9fda99c4bc10d22e6beff1b40abc554f2000ac,Alice Nascimento Silva Lobo,Perguntando,2026-03-16 10:34:48,2026-03-16 10:34:59,11.0,2026-03-16,simulated
Escola Estadual Criança Esperança,História,Professora_Carla,f1c5e8faebc9ab791d2c562bfd9fda99c4bc10d22e6beff1b40abc554f2000ac,Alice Nascimento Silva Lobo,Atento,2026-03-16 10:35:05,2026-03-16 10:42:48,463.0,2026-03-16,simulated
Escola Estadual Criança Esperança,História,Professora_Carla,f1c5e8faebc9ab791d2c562bfd9fda99c4bc10d22e6beff1b40abc554f2000ac,Alice Nascimento Silva Lobo,Distraido,2026-03-16 10:42:52,2026-03-16 10:43:38,46.0,2026-03-16,simulated
Escola Estadual Criança Esperança,História,Professora_Carla,f1c5e8faebc9ab791d2c562bfd9fda99c4bc10d22e6beff1b40abc554f2000ac,Alice Nascimento Silva Lobo,Atento,2026-03-16 10:43:44,2026-03-16 10:49:26,342.0,2026-03-16,simulated
Escola Estadual Criança Esperança,História,Professora_Carla,f1c5e8faebc9ab791d2c562bfd9fda99c4bc10d22e6beff1b40abc554f2000ac,Alice Nascimento Silva Lobo,Perguntando,2026-03-16 10:49:34,2026-03-16 10:50:14,40.0,2026-03-16,simulated
Escola Estadual Criança Esperança,História,Professora_Carla,f1c5e8faebc9ab791d2c562bfd9fda99c4bc10d22e6beff1b40abc554f2000ac,Alice Nascimento Silva Lobo,Atento,2026-03-16 10:50:19,2026-03-16 10:58:54,515.0,2026-03-16,simulated
Escola Estadual Criança Esperança,História,Professora_Carla,f1c5e8faebc9ab791d2c562bfd9fda99c4bc10d22e6beff1b40abc554f2000ac,Alice Nascimento Silva Lobo,Perguntando,2026-03-16 10:58:54,2026-03-16 10:59:21,27.0,2026-03-16,simulated
Escola Estadual Criança Esperança,História,Professora_Carla,f1c5e8faebc9ab791d2c562bfd9fda99c4bc10d22e6beff1b40abc554f2000ac,Alice Nascimento Silva Lobo,Atento,2026-03-16 10:59:25,2026-03-16 11:08:54,569.0,2026-03-16,simulated
Escola Estadual Criança Esperança,História,Professora_Carla,f1c5e8faebc9ab791d2c562bfd9fda99c4bc10d22e6beff1b40abc554f2000ac,Alice Nascimento Silva Lobo,Distraido,2026-03-16 11:08:54,2026-03-16 11:10:35,101.0,2026-03-16,simulated
Escola Estadual Criança Esperança,História,Professora_Carla,f1c5e8faebc9ab791d2c562bfd9fda99c4bc10d22e6beff1b40abc554f2000ac,Alice Nascimento Silva Lobo,Atento,2026-03-16 11:10:43,2026-03-16 11:17:10,387.0,2026-03-16,simulated
Escola Estadual Criança Esperança,História,Professora_Carla,f1c5e8faebc9ab791d2c562bfd9fda99c4bc10d22e6beff1b40abc554f2000ac,Alice Nascimento Silva Lobo,Distraido,2026-03-16 11:17:10,2026-03-16 11:18:31,81.0,2026-03-16,simulated
Escola Estadual Criança Esperança,História,Professora_Carla,f1c5e8faebc9ab791d2c562bfd9fda99c4bc10d22e6beff1b40abc554f2000ac,Alice Nascimento Silva Lobo,Atento,2026-03-16 11:18:39,2026-03-16 11:24:58,379.0,2026-03-16,simulated
Escola Estadual Criança Esperança,História,Professora_Carla,f1c5e8faebc9ab791d2c562bfd9fda99c4bc10d22e6beff1b40abc554f2000ac,Alice Nascimento Silva Lobo,Distraido,2026-03-16 11:25:00,2026-03-16 11:26:05,65.0,2026-03-16,simulated
Escola Estadual Criança Esperança,História,Professora_Carla,f1c5e8faebc9ab791d2c562bfd9fda99c4bc10d22e6beff1b40abc554f2000ac,Alice Nascimento Silva Lobo,Atento,2026-03-16 11:26:08,2026-03-16 11:35:03,535.0,2026-03-16,simulated
Escola Estadual Criança Esperança,História,Professora_Carla,f1c5e8faebc9ab791d2c562bfd9fda99c4bc10d22e6beff1b40abc554f2000ac,Alice Nascimento Silva Lobo,Atento,2026-03-16 11:35:03,2026-03-16 11:43:40,517.0,2026-03-16,simulated
Escola Estadual Criança Esperança,História,Professora_Carla,f1c5e8faebc9ab791d2c562bfd9fda99c4bc10d22e6beff1b40abc554f2000ac,Alice Nascimento Silva Lobo,Perguntando,2026-03-16 11:43:45,2026-03-16 11:44:01,16.0,2026-03-16,simulated
Escola Estadual Criança Esperança,História,Professora_Carla,f1c5e8faebc9ab791d2c562bfd9fda99c4bc10d22e6beff1b40abc554f2000ac,Alice Nascimento Silva Lobo,Atento,2026-03-16 11:44:02,2026-03-16 11:49:54,352.0,2026-03-16,simulated
Escola Estadual Criança Esperança,História,Professora_Carla,f1c5e8faebc9ab791d2c562bfd9fda99c4bc10d22e6beff1b40abc554f2000ac,Alice Nascimento Silva Lobo,Distraido,2026-03-16 11:50:01,2026-03-16 11:53:01,180.0,2026-03-16,simulated
Escola Estadual Criança Esperança,História,Professora_Carla,f1c5e8faebc9ab791d2c562bfd9fda99c4bc10d22e6beff1b40abc554f2000ac,Alice Nascimento Silva Lobo,Atento,2026-03-16 11:53:02,2026-03-16 11:56:00,178.0,2026-03-16,simulated
