school,discipline,teacher,id_student,student,behavior,start_time,end_time,duration_seconds,date,source
Escola Estadual Criança Esperança,Geografia,Professor_Diego,103cd95d53cd1719703a66a87bad8e14da505b034d046656390724a3abc9cf06,Starley,Atento,2026-03-24 08:00:00,2026-03-24 08:08:55,535.0,2026-03-24,simulated
Escola Estadual Criança Esperança,Geografia,Professor_Diego,103cd95d53cd1719703a66a87bad8e14da505b034d046656390724a3abc9cf06,Starley,Dormindo,2026-03-24 08:09:02,2026-03-24 08:12:26,204.0,2026-03-24,simulated
Escola Estadual Criança Esperança,Geografia,Professor_Diego,103cd95d53cd1719703a66a87bad8e14da505b034d046656390724a3abc9cf06,Starley,Atento,2026-03-24 08:12:34,2026-03-24 08:19:34,420.0,2026-03-24,simulated
Escola Estadual Criança Esperança,Geografia,Professor_Diego,103cd95d53cd1719703a66a87bad8e14da505b034d046656390724a3abc9cf06,Starley,Distraido,2026-03-24 08:19:41,2026-03-24 08:21:44,123.0,2026-03-24,simulated
Escola Estadual Criança Esperança,Geografia,Professor_Diego,103cd95d53cd1719703a66a87bad8e14da505b034d046656390724a3abc9cf06,Starley,Atento,2026-03-24 08:21:52,2026-03-24 08:31:19,567.0,2026-03-24,simulated
Escola Estadual Criança Esperança,Geografia,Professor_Diego,103cd95d53cd1719703a66a87bad8e14da505b034d046656390724a3abc9cf06,Starley,Atento,2026-03-24 08:31:21,2026-03-24 08:39:48,507.0,2026-03-24,simulated
Escola Estadual Criança Esperança,Geografia,Professor_Diego,103cd95d53cd1719703a66a87bad8e14da505b034d046656390724a3abc9cf06,Starley,Perguntando,2026-03-24 08:39:55,2026-03-24 08:40:05,10.0,2026-03-24,simulated
Escola Estadual Criança Esperança,Geografia,Professor_Diego,103cd95d53cd1719703a66a87bad8e14da505b034d046656390724a3abc9cf06,Starley,Distraido,2026-03-24 08:40:11,2026-03-24 08:42:59,168.0,2026-03-24,simulated
Escola Estadual Criança Esperança,Geografia,Professor_Diego,103cd95d53cd1719703a66a87bad8e14da505b034d046656390724a3abc9cf06,Starley,Agitado,2026-03-24 08:43:00,2026-03-24 08:43:54,54.0,2026-03-24,simulated
Escola Estadual Criança Esperança,Geografia,Professor_Diego,103cd95d53cd1719703a66a87bad8e14da505b034d046656390724a3abc9cf06,Starley,Perguntando,2026-03-24 08:43:57,2026-03-24 08:44:23,26.0,2026-03-24,simulated
Escola Estadual Criança Esperança,Geografia,Professor_Diego,103cd95d53cd1719703a66a87bad8e14da505b034d046656390724a3abc9cf06,Starley,Atento,2026-03-24 08:44:24,2026-03-24 08:49:49,325.0,2026-03-24,simulated
Escola Estadual Criança Esperança,Geografia,Professor_Diego,103cd95d53cd1719703a66a87bad8e14da505b034d046656390724a3abc9cf06,Starley,Distraido,2026-03-24 08:49:53,2026-03-24 08:50:53,60.0,2026-03-24,simulated
Escola Estadual Criança Esperança,Geografia,Professor_Diego,103cd95d53cd1719703a66a87bad8e14da505b034d046656390724a3abc9cf06,Starley,Atento,2026-03-24 08:50:59,2026-03-24 08:58:36,457.0,2026-03-24,simulated
Escola Estadual Criança Esperança,Geografia,Professor_Diego,103cd95d53cd1719703a66a87bad8e14da505b034d046656390724a3abc9cf06,Starley,Perguntando,2026-03-24 08:58:39,2026-03-24 08:59:02,23.0,2026-03-24,simulated
Escola Estadual Criança Esperança,Geografia,Professor_Diego,103cd95d53cd1719703a66a87bad8e14da505b034d046656390724a3abc9cf06,Starley,Atento,2026-03-24 08:59:06,2026-03-24 09:05:48,402.0,2026-03-24,simulated
Escola Estadual Criança Esperança,Geografia,Professor_Diego,103cd95d53cd1719703a66a87bad8e14da505b034d046656390724a3abc9cf06,Starley,Perguntando,2026-03-24 09:05:56,2026-03-24 09:06:28,32.0,2026-03-24,simulated
Escola Estadual Criança Esperança,Geografia,Professor_Diego,103cd95d53cd1719703a66a87bad8e14da505b034d046656390724a3abc9cf06,Starley,Atento,2026-03-24 09:06:29,2026-03-24 09:12:14,345.0,2026-03-24,simulated
Escola Estadual Criança Esperança,Geografia,Professor_Diego,103cd95d53cd1719703a66a87bad8e14da505b034d046656390724a3abc9cf06,Starley,Distraido,2026-03-24 09:12:17,2026-03-24 09:14:30,133.0,2026-03-24,simulated
Escola Estadual Criança Esperança,Geografia,Professor_Diego,103cd95d53cd1719703a66a87bad8e14da505b034d046656390724a3abc9cf06,Starley,Perguntando,2026-03-24 09:14:32,2026-03-24 09:15:11,39.0,2026-03-24,simulated
Escola Estadual Criança Esperança,Geografia,Professor_Diego,103cd95d53cd1719703a66a87bad8e14da505b034d046656390724a3abc9cf06,Starley,Atento,2026-03-24 09:15:13,2026-03-24 09:21:31,378.0,2026-03-24,simulated
Escola Estadual Criança Esperança,Geografia,Professor_Diego,103cd95d53cd1719703a66a87bad8e14da505b034d046656390724a3abc9cf06,Starley,Perguntando,2026-03-24 09:21:35,2026-03-24 09:21:58,23.0,2026-03-24,simulated
Escola Estadual Criança Esperança,Geografia,Professor_Diego,103cd95d53cd1719703a66a87bad8e14da505b034d046656390724a3abc9cf06,Starley,Atento,2026-03-24 09:22:05,2026-03-24 09:29:01,416.0,2026-03-24,simulated
Escola Estadual Criança Esperança,Geografia,Professor_Diego,103cd95d53cd1719703a66a87bad8e14da505b034d046656390724a3abc9cf06,Starley,Perguntando,2026-03-24 09:29:02,2026-03-24 09:29:37,35.0,2026-03-24,simulated
Escola Estadual Criança Esperança,Geografia,Professor_Diego,103cd95d53cd1719703a66a87bad8e14da505b034d046656390724a3abc9cf06,Starley,Distraido,2026-03-24 09:29:43,2026-03-24 09:30:45,62.0,2026-03-24,simulated
Escola Estadual Criança Esperança,Geografia,Professor_Diego,103cd95d53cd1719703a66a87bad8e14da505b034d046656390724a3abc9cf06,Starley,Atento,2026-03-24 09:30:45,2026-03-24 09:36:06,321.0,2026-03-24,simulated
Escola Estadual Criança Esperança,Geografia,Professor_Diego,103cd95d53cd1719703a66a87bad8e14da505b034d046656390724a3abc9cf06,Starley,Perguntando,2026-03-24 09:36:09,2026-03-24 09:36:34,25.0,2026-03-24,simulated
Escola Estadual Criança Esperança,Geografia,Professor_Diego,103cd95d53cd1719703a66a87bad8e14da505b034d046656390724a3abc9cf06,Starley,Atento,2026-03-24 09:36:41,2026-03-24 09:43:11,390.0,2026-03-24,simulated
Escola Estadual Criança Esperança,Geografia,Professor_Diego,103cd95d53cd1719703a66a87bad8e14da505b034d046656390724a3abc9cf06,Starley,Perguntando,2026-03-24 09:43:11,2026-03-24 09:43:47,36.0,2026-03-24,simulated
Escola Estadual Criança Esperança,Geografia,Professor_Diego,103cd95d53cd1719703a66a87bad8e14da505b034d046656390724a3abc9cf06,Starley,Atento,2026-03-24 09:43:49,2026-03-24 09:50:09,380.0,2026-03-24,simulated
Escola Estadual Criança Esperança,Geografia,Professor_Diego,103cd95d53cd1719703a66a87bad8e14da505b034d046656390724a3abc9cf06,Starley,Agitado,2026-03-24 09:50:10,2026-03-24 09:51:02,52.0,2026-03-24,simulated
Escola Estadual Criança Esperança,Geografia,Professor_Diego,103cd95d53cd1719703a66a87bad8e14da505b034d046656390724a3abc9cf06,Starley,Atento,2026-03-24 09:51:05,2026-03-24 09:56:44,339.0,2026-03-24,simulated
Escola Estadual Criança Esperança,Geografia,Professor_Diego,103cd95d53cd1719703a66a87bad8e14da505b034d046656390724a3abc9cf06,Starley,Perguntando,2026-03-24 09:56:49,2026-03-24 09:57:16,27.0,2026-03-24,simulated
Escola Estadual Criança Esperança,Geografia,Professor_Diego,103cd95d53cd1719703a66a87bad8e14da505b034d046656390724a3abc9cf06,Starley,Atento,2026-03-24 09:57:16,2026-03-24 10:04:13,417.0,2026-03-24,simulated
Escola Estadual Criança Esperança,Geografia,Professor_Diego,103cd95d53cd1719703a66a87bad8e14da505b034d046656390724a3abc9cf06,Starley,Dormindo,2026-03-24 10:04:17,2026-03-24 10:06:22,125.0,2026-03-24,simulated
Escola Estadual Criança Esperança,Geografia,Professor_Diego,103cd95d53cd1719703a66a87bad8e14da505b034d046656390724a3abc9cf06,Starley,Distraido,2026-03-24 10:06:26,2026-03-24 10:07:24,58.0,2026-03-24,simulated
Escola Estadual Criança Esperança,Geografia,Professor_Diego,103cd95d53cd1719703a66a87bad8e14da505b034d046656390724a3abc9cf06,Starley,Perguntando,2026-03-24 10:07:29,2026-03-24 10:07:46,17.0,2026-03-24,simulated
Escola Estadual Criança Esperança,Geografia,Professor_Diego,103cd95d53cd1719703a66a87bad8e14da505b034d046656390724a3abc9cf06,Starley,Atento,2026-03-24 10:07:49,2026-03-24 10:13:25,336.0,2026-03-24,simulated
Escola Estadual Criança Esperança,Geografia,Professor_Diego,103cd95d53cd1719703a66a87bad8e14da505b034d046656390724a3abc9cf06,Starley,Atento,2026-03-24 10:13:25,2026-03-24 10:22:45,560.0,2026-03-24,simulated
Escola Estadual Criança Esperança,Geografia,Professor_Diego,103cd95d53cd1719703a66a87bad8e14da505b034d046656390724a3abc9cf06,Starley,Distraido,2026-03-24 10:22:49,2026-03-24 10:25:48,179.0,2026-03-24,simulated
Escola Estadual Criança Esperança,Geografia,Professor_Diego,103cd95d53cd1719703a66a87bad8e14da505b034d046656390724a3abc9cf06,Starley,Atento,2026-03-24 10:25:56,2026-03-24 10:31:44,348.0,2026-03-24,simulated
Escola Estadual Criança Esperança,Geografia,Professor_Diego,103cd95d53cd1719703a66a87bad8e14da505b034d046656390724a3abc9cf06,Starley,Perguntando,2026-03-24 10:31:49,2026-03-24 10:32:14,25.0,2026-03-24,simulated
Escola Estadual Criança Esperança,Geografia,Professor_Diego,103cd95d53cd1719703a66a87bad8e14da505b034d046656390724a3abc9cf06,Starley,Atento,2026-03-24 10:32:14,2026-03-24 10:41:30,556.0,2026-03-24,simulated
Escola Estadual Criança Esperança,Geografia,Professor_Diego,103cd95d53cd1719703a66a87bad8e14da505b034d046656390724a3abc9cf06,Starley,Agitado,2026-03-24 10:41:30,2026-03-24 10:42:34,64.0,2026-03-24,simulated
Escola Estadual Criança Esperança,Geografia,Professor_Diego,103cd95d53cd1719703a66a87bad8e14da505b034d046656390724a3abc9cf06,Starley,Atento,2026-03-24 10:42:42,2026-03-24 10:54:39,717.0,2026-03-24,simulated
Escola Estadual Criança Esperança,Geografia,Professor_Diego,103cd95d53cd1719703a66a87bad8e14da505b034d046656390724a3abc9cf06,Starley,Agitado,2026-03-24 10:54:44,2026-03-24 10:55:09,25.0,2026-03-24,simulated
Escola Estadual Criança Esperança,Geografia,Professor_Diego,103cd95d53cd1719703a66a87bad8e14da505b034d046656390724a3abc9cf06,Starley,Atento,2026-03-24 10:55:13,2026-03-24 11:05:59,646.0,2026-03-24,simulated
Escola Estadual Criança Esperança,Geografia,Professor_Diego,103cd95d53cd1719703a66a87bad8e14da505b034d046656390724a3abc9cf06,Starley,Perguntando,2026-03-24 11:05:59,2026-03-24 11:06:15,16.0,2026-03-24,simulated
Escola Estadual Criança Esperança,Geografia,Professor_Diego,103cd95d53cd1719703a66a87bad8e14da505b034d046656390724a3abc9cf06,Starley,Atento,2026-03-24 11:06:20,2026-03-24 11:16:12,592.0,2026-03-24,simulated
Escola Estadual Criança Esperança,Geografia,Professor_Diego,103cd95d53cd1719703a66a87bad8e14da505b034d046656390724a3abc9cf06,Starley,Perguntando,2026-03-24 11:16:13,2026-03-24 11:16:45,32.0,2026-03-24,simulated
Escola Estadual Criança Esperança,Geografia,Professor_Diego,103cd95d53cd1719703a66a87bad8e14da505b034d046656390724a3abc9cf06,Starley,Atento,2026-03-24 11:16:52,2026-03-24 11:22:22,330.0,2026-03-24,simulated
Escola Estadual Criança Esperança,Geografia,Professor_Diego,103cd95d53cd1719703a66a87bad8e14da505b034d046656390724a3abc9cf06,Starley,Perguntando,2026-03-24 11:22:25,2026-03-24 11:22:51,26.0,2026-03-24,simulated
Escola Estadual Criança Esperança,Geografia,Professor_Diego,103cd95d53cd1719703a66a87bad8e14da505b034d046656390724a3abc9cf06,Starley,Atento,2026-03-24 11:22:55,2026-03-24 11:33:39,644.0,2026-03-24,simulated
Escola Estadual Criança Esperança,Geografia,Professor_Diego,103cd95d53cd1719703a66a87bad8e14da505b034d046656390724a3abc9cf06,Starley,Agitado,2026-03-24 11:33:45,2026-03-24 11:34:09,24.0,2026-03-24,simulated
Escola Estadual Criança Esperança,Geografia,Professor_Diego,103cd95d53cd1719703a66a87bad8e14da505b034d046656390724a3abc9cf06,Starley,Atento,2026-03-24 11:34:09,2026-03-24 11:40:00,351.0,2026-03-24,simulated
Escola Estadual Criança Esperança,Geografia,Professor_Diego,51e028c29914c6103719ccf21258789707dbb3234a716394f10de9ae5349d033,Pedro Vitor Sousa Santos,Atento,2026-03-24 08:02:00,2026-03-24 08:08:26,386.0,2026-03-24,simulated
Escola Estadual Criança Esperança,Geografia,Professor_Diego,51e028c29914c6103719ccf21258789707dbb3234a716394f10de9ae5349d033,Pedro Vitor Sousa Santos,Agitado,2026-03-24 08:08:27,2026-03-24 08:09:12,45.0,2026-03-24,simulated
Escola Estadual Criança Esperança,Geografia,Professor_Diego,51e028c29914c6103719ccf21258789707dbb3234a716394f10de9ae5349d033,Pedro Vitor Sousa Santos,Distraido,2026-03-24 08:09:13,2026-03-24 08:11:48,155.0,2026-03-24,simulated
Escola Estadual Criança Esperança,Geografia,Professor_Diego,51e028c29914c6103719ccf21258789707dbb3234a716394f10de9ae5349d033,Pedro Vitor Sousa Santos,Agitado,2026-03-24 08:11:48,2026-03-24 08:13:17,89.0,2026-03-24,simulated
Escola Estadual Criança Esperança,Geografia,Professor_Diego,51e028c29914c6103719ccf21258789707dbb3234a716394f10de9ae5349d033,Pedro Vitor Sousa Santos,Atento,2026-03-24 08:13:21,2026-03-24 08:23:30,609.0,2026-03-24,simulated
Escola Estadual Criança Esperança,Geografia,Professor_Diego,51e028c29914c6103719ccf21258789707dbb3234a716394f10de9ae5349d033,Pedro Vitor Sousa Santos,Perguntando,2026-03-24 08:23:35,2026-03-24 08:23:58,23.0,2026-03-24,simulated
Escola Estadual Criança Esperança,Geografia,Professor_Diego,51e028c29914c6103719ccf21258789707dbb3234a716394f10de9ae5349d033,Pedro Vitor Sousa Santos,Atento,2026-03-24 08:24:03,2026-03-24 08:32:21,498.0,2026-03-24,simulated
Escola Estadual Criança Esperança,Geografia,Professor_Diego,51e028c29914c6103719ccf21258789707dbb3234a716394f10de9ae5349d033,Pedro Vitor Sousa Santos,Perguntando,2026-03-24 08:32:29,2026-03-24 08:32:57,28.0,2026-03-24,simulated
Escola Estadual Criança Esperança,Geografia,Professor_Diego,51e028c29914c6103719ccf21258789707dbb3234a716394f10de9ae5349d033,Pedro Vitor Sousa Santos,Atento,2026-03-24 08:33:00,2026-03-24 08:38:40,340.0,2026-03-24,simulated
Escola Estadual Criança Esperança,Geografia,Professor_Diego,51e028c29914c6103719ccf21258789707dbb3234a716394f10de9ae5349d033,Pedro Vitor Sousa Santos,Distraido,2026-03-24 08:38:46,2026-03-24 08:40:42,116.0,2026-03-24,simulated
Escola Estadual Criança Esperança,Geografia,Professor_Diego,51e028c29914c6103719ccf21258789707dbb3234a716394f10de9ae5349d033,Pedro Vitor Sousa Santos,Atento,2026-03-24 08:40:43,2026-03-24 08:45:56,313.0,2026-03-24,simulated
Escola Estadual Criança Esperança,Geografia,Professor_Diego,51e028c29914c6103719ccf21258789707dbb3234a716394f10de9ae5349d033,Pedro Vitor Sousa Santos,Perguntando,2026-03-24 08:45:56,2026-03-24 08:46:27,31.0,2026-03-24,simulated
Escola Estadual Criança Esperança,Geografia,Professor_Diego,51e028c29914c6103719ccf21258789707dbb3234a716394f10de9ae5349d033,Pedro Vitor Sousa Santos,Atento,2026-03-24 08:46:31,2026-03-24 08:56:29,598.0,2026-03-24,simulated
Escola Estadual Criança Esperança,Geografia,Professor_Diego,51e028c29914c6103719ccf21258789707dbb3234a716394f10de9ae5349d033,Pedro Vitor Sousa Santos,Perguntando,2026-03-24 08:56:37,2026-03-24 08:57:02,25.0,2026-03-24,simulated
Escola Estadual Criança Esperança,Geografia,Professor_Diego,51e028c29914c6103719ccf21258789707dbb3234a716394f10de9ae5349d033,Pedro Vitor Sousa Santos,Agitado,2026-03-24 08:57:06,2026-03-24 08:57:41,35.0,2026-03-24,simulated
Escola Estadual Criança Esperança,Geografia,Professor_Diego,51e028c29914c6103719ccf21258789707dbb3234a716394f10de9ae5349d033,Pedro Vitor Sousa Santos,Atento,2026-03-24 08:57:45,2026-03-24 09:05:02,437.0,2026-03-24,simulated
Escola Estadual Criança Esperança,Geografia,Professor_Diego,51e028c29914c6103719ccf21258789707dbb3234a716394f10de9ae5349d033,Pedro Vitor Sousa Santos,Distraido,2026-03-24 09:05:07,2026-03-24 09:06:17,70.0,2026-03-24,simulated
Escola Estadual Criança Esperança,Geografia,Professor_Diego,51e028c29914c6103719ccf21258789707dbb3234a716394f10de9ae5349d033,Pedro Vitor Sousa Santos,Atento,2026-03-24 09:06:25,2026-03-24 09:12:07,342.0,2026-03-24,simulated
Escola Estadual Criança Esperança,Geografia,Professor_Diego,51e028c29914c6103719ccf21258789707dbb3234a716394f10de9ae5349d033,Pedro Vitor Sousa Santos,Perguntando,2026-03-24 09:12:11,2026-03-24 09:12:38,27.0,2026-03-24,simulated
Escola Estadual Criança Esperança,Geografia,Professor_Diego,51e028c29914c6103719ccf21258789707dbb3234a716394f10de9ae5349d033,Pedro Vitor Sousa Santos,Atento,2026-03-24 09:12:42,2026-03-24 09:22:51,609.0,2026-03-24,simulated
Escola Estadual Criança Esperança,Geografia,Professor_Diego,51e028c29914c6103719ccf21258789707dbb3234a716394f10de9ae5349d033,Pedro Vitor Sousa Santos,Perguntando,2026-03-24 09:22:54,2026-03-24 09:23:04,10.0,2026-03-24,simulated
Escola Estadual Criança Esperança,Geografia,Professor_Diego,51e028c29914c6103719ccf21258789707dbb3234a716394f10de9ae5349d033,Pedro Vitor Sousa Santos,Atento,2026-03-24 09:23:05,2026-03-24 09:28:24,319.0,2026-03-24,simulated
Escola Estadual Criança Esperança,Geografia,Professor_Diego,51e028c29914c6103719ccf21258789707dbb3234a716394f10de9ae5349d033,Pedro Vitor Sousa Santos,Agitado,2026-03-24 09:28:26,2026-03-24 09:29:54,88.0,2026-03-24,simulated
Escola Estadual Criança Esperança,Geografia,Professor_Diego,51e028c29914c6103719ccf21258789707dbb3234a716394f10de9ae5349d033,Pedro Vitor Sousa Santos,Atento,2026-03-24 09:29:57,2026-03-24 09:35:29,332.0,2026-03-24,simulated
Escola Estadual Criança Esperança,Geografia,Professor_Diego,51e028c29914c6103719ccf21258789707dbb3234a716394f10de9ae5349d033,Pedro Vitor Sousa Santos,Agitado,2026-03-24 09:35:35,2026-03-24 09:36:06,31.0,2026-03-24,simulated
Escola Estadual Criança Esperança,Geografia,Professor_Diego,51e028c29914c6103719ccf21258789707dbb3234a716394f10de9ae5349d033,Pedro Vitor Sousa Santos,Perguntando,2026-03-24 09:36:07,2026-03-24 09:36:23,16.0,2026-03-24,simulated
Escola Estadual Criança Esperança,Geografia,Professor_Diego,51e028c29914c6103719ccf21258789707dbb3234a716394f10de9ae5349d033,Pedro Vitor Sousa Santos,Atento,2026-03-24 09:36:30,2026-03-24 09:46:25,595.0,2026-03-24,simulated
Escola Estadual Criança Esperança,Geografia,Professor_Diego,51e028c29914c6103719ccf21258789707dbb3234a716394f10de9ae5349d033,Pedro Vitor Sousa Santos,Perguntando,2026-03-24 09:46:27,2026-03-24 09:46:40,13.0,2026-03-24,simulated
Escola Estadual Criança Esperança,Geografia,Professor_Diego,51e028c29914c6103719ccf21258789707dbb3234a716394f10de9ae5349d033,Pedro Vitor Sousa Santos,Atento,2026-03-24 09:46:42,2026-03-24 09:55:22,520.0,2026-03-24,simulated
Escola Estadual Criança Esperança,Geografia,Professor_Diego,51e028c29914c6103719ccf21258789707dbb3234a716394f10de9ae5349d033,Pedro Vitor Sousa Santos,Distraido,2026-03-24 09:55:27,2026-03-24 09:57:52,145.0,2026-03-24,simulated
Escola Estadual Criança Esperança,Geografia,Professor_Diego,51e028c29914c6103719ccf21258789707dbb3234a716394f10de9ae5349d033,Pedro Vitor Sousa Santos,Atento,2026-03-24 09:57:55,2026-03-24 10:07:40,585.0,2026-03-24,simulated
Escola Estadual Criança Esperança,Geografia,Professor_Diego,51e028c29914c6103719ccf21258789707dbb3234a716394f10de9ae5349d033,Pedro Vitor Sousa Santos,Perguntando,2026-03-24 10:07:45,2026-03-24 10:08:08,23.0,2026-03-24,simulated
Escola Estadual Criança Esperança,Geografia,Professor_Diego,51e028c29914c6103719ccf21258789707dbb3234a716394f10de9ae5349d033,Pedro Vitor Sousa Santos,Agitado,2026-03-24 10:08:10,2026-03-24 10:09:31,81.0,2026-03-24,simulated
Escola Estadual Criança Esperança,Geografia,Professor_Diego,51e028c29914c6103719ccf21258789707dbb3234a716394f10de9ae5349d033,Pedro Vitor Sousa Santos,Dormindo,2026-03-24 10:09:35,2026-03-24 10:11:19,104.0,2026-03-24,simulated
Escola Estadual Criança Esperança,Geografia,Professor_Diego,51e028c29914c6103719ccf21258789707dbb3234a716394f10de9ae5349d033,Pedro Vitor Sousa Santos,Perguntando,2026-03-24 10:11:21,2026-03-24 10:11:57,36.0,2026-03-24,simulated
Escola Estadual Criança Esperança,Geografia,Professor_Diego,51e028c29914c6103719ccf21258789707dbb3234a716394f10de9ae5349d033,Pedro Vitor Sousa Santos,Atento,2026-03-24 10:12:00,2026-03-24 10:19:25,445.0,2026-03-24,simulated
Escola Estadual Criança Esperança,Geografia,Professor_Diego,51e028c29914c6103719ccf21258789707dbb3234a716394f10de9ae5349d033,Pedro Vitor Sousa Santos,Agitado,2026-03-24 10:19:27,2026-03-24 10:20:34,67.0,2026-03-24,simulated
Escola Estadual Criança Esperança,Geografia,Professor_Diego,51e028c29914c6103719ccf21258789707dbb3234a716394f10de9ae5349d033,Pedro Vitor Sousa Santos,Atento,2026-03-24 10:20:37,2026-03-24 10:29:03,506.0,2026-03-24,simulated
Escola Estadual Criança Esperança,Geografia,Professor_Diego,51e028c29914c6103719ccf21258789707dbb3234a716394f10de9ae5349d033,Pedro Vitor Sousa Santos,Agitado,2026-03-24 10:29:03,2026-03-24 10:29:55,52.0,2026-03-24,simulated
Escola Estadual Criança Esperança,Geografia,Professor_Diego,51e028c29914c6103719ccf21258789707dbb3234a716394f10de9ae5349d033,Pedro Vitor Sousa Santos,Atento,2026-03-24 10:30:01,2026-03-24 10:35:39,338.0,2026-03-24,simulated
Escola Estadual Criança Esperança,Geografia,Professor_Diego,51e028c29914c6103719ccf21258789707dbb3234a716394f10de9ae5349d033,Pedro Vitor Sousa Santos,Perguntando,2026-03-24 10:35:39,2026-03-24 10:36:03,24.0,2026-03-24,simulated
Escola Estadual Criança Esperança,Geografia,Professor_Diego,51e028c29914c6103719ccf21258789707dbb3234a716394f10de9ae5349d033,Pedro Vitor Sousa Santos,Dormindo,2026-03-24 10:36:11,2026-03-24 10:41:02,291.0,2026-03-24,simulated
Escola Estadual Criança Esperança,Geografia,Professor_Diego,51e028c29914c6103719ccf21258789707dbb3234a716394f10de9ae5349d033,Pedro Vitor Sousa Santos,Agitado,2026-03-24 10:41:05,2026-03-24 10:41:53,48.0,2026-03-24,simulated
Escola Estadual Criança Esperança,Geografia,Professor_Diego,51e028c29914c6103719ccf21258789707dbb3234a716394f10de9ae5349d033,Pedro Vitor Sousa Santos,Atento,2026-03-24 10:41:55,2026-03-24 10:51:40,585.0,2026-03-24,simulated
Escola Estadual Criança Esperança,Geografia,Professor_Diego,51e028c29914c6103719ccf21258789707dbb3234a716394f10de9ae5349d033,Pedro Vitor Sousa Santos,Distraido,2026-03-24 10:51:48,2026-03-24 10:53:26,98.0,2026-03-24,simulated
Escola Estadual Criança Esperança,Geografia,Professor_Diego,51e028c29914c6103719ccf21258789707dbb3234a716394f10de9ae5349d033,Pedro Vitor Sousa Santos,Atento,2026-03-24 10:53:32,2026-03-24 11:01:49,497.0,2026-03-24,simulated
Escola Estadual Criança Esperança,Geografia,Professor_Diego,51e028c29914c6103719ccf21258789707dbb3234a716394f10de9ae5349d033,Pedro Vitor Sousa Santos,Agitado,2026-03-24 11:01:54,2026-03-24 11:02:51,57.0,2026-03-24,simulated
Escola Estadual Criança Esperança,Geografia,Professor_Diego,51e028c29914c6103719ccf21258789707dbb3234a716394f10de9ae5349d033,Pedro Vitor Sousa Santos,Perguntando,2026-03-24 11:02:53,2026-03-24 11:03:08,15.0,2026-03-24,simulated
Escola Estadual Criança Esperança,Geografia,Professor_Diego,51e028c29914c6103719ccf21258789707dbb3234a716394f10de9ae5349d033,Pedro Vitor Sousa Santos,Atento,2026-03-24 11:03:12,2026-03-24 11:11:08,476.0,2026-03-24,simulated
Escola Estadual Criança Esperança,Geografia,Professor_Diego,51e028c29914c6103719ccf21258789707dbb3234a716394f10de9ae5349d033,Pedro Vitor Sousa Santos,Perguntando,2026-03-24 11:11:16,2026-03-24 11:11:27,11.0,2026-03-24,simulated
Escola Estadual Criança Esperança,Geografia,Professor_Diego,51e028c29914c6103719ccf21258789707dbb3234a716394f10de9ae5349d033,Pedro Vitor Sousa Santos,Dormindo,2026-03-24 11:11:33,2026-03-24 11:13:09,96.0,2026-03-24,simulated
Escola Estadual Criança Esperança,Geografia,Professor_Diego,51e028c29914c6103719ccf21258789707dbb3234a716394f10de9ae5349d033,Pedro Vitor Sousa Santos,Agitado,2026-03-24 11:13:14,2026-03-24 11:14:23,69.0,2026-03-24,simulated
Escola Estadual Criança Esperança,Geografia,Professor_Diego,51e028c29914c6103719ccf21258789707dbb3234a716394f10de9ae5349d033,Pedro Vitor Sousa Santos,Perguntando,2026-03-24 11:14:23,2026-03-24 11:15:01,38.0,2026-03-24,simulated
Escola Estadual Criança Esperança,Geografia,Professor_Diego,51e028c29914c6103719ccf21258789707dbb3234a716394f10de9ae5349d033,Pedro Vitor Sousa Santos,Atento,2026-03-24 11:15:05,2026-03-24 11:21:21,376.0,2026-03-24,simulated
Escola Estadual Criança Esperança,Geografia,Professor_Diego,51e028c29914c6103719ccf21258789707dbb3234a716394f10de9ae5349d033,Pedro Vitor Sousa Santos,Agitado,2026-03-24 11:21:27,2026-03-24 11:21:58,31.0,2026-03-24,simulated
Escola Estadual Criança Esperança,Geografia,Professor_Diego,51e028c29914c6103719ccf21258789707dbb3234a716394f10de9ae5349d033,Pedro Vitor Sousa Santos,Atento,2026-03-24 11:22:05,2026-03-24 11:32:35,630.0,2026-03-24,simulated
Escola Estadual Criança Esperança,Geografia,Professor_Diego,51e028c29914c6103719ccf21258789707dbb3234a716394f10de9ae5349d033,Pedro Vitor Sousa Santos,Agitado,2026-03-24 11:32:35,2026-03-24 11:33:36,61.0,2026-03-24,simulated
Escola Estadual Criança Esperança,Geografia,Professor_Diego,51e028c29914c6103719ccf21258789707dbb3234a716394f10de9ae5349d033,Pedro Vitor Sousa Santos,Atento,2026-03-24 11:33:37,2026-03-24 11:42:00,503.0,2026-03-24,simulated
Escola Estadual Criança Esperança,Geografia,Professor_Diego,eb3c72a0bb37fffc786f4ab3c5d9dcfeff614019a87ad1548133b55826c3b9fa,Bruno Dias,Atento,2026-03-24 08:04:00,2026-03-24 08:09:58,358.0,2026-03-24,simulated
Escola Estadual Criança Esperança,Geografia,Professor_Diego,eb3c72a0bb37fffc786f4ab3c5d9dcfeff614019a87ad1548133b55826c3b9fa,Bruno Dias,Distraido,2026-03-24 08:10:02,2026-03-24 08:12:48,166.0,2026-03-24,simulated
Escola Estadual Criança Esperança,Geografia,Professor_Diego,eb3c72a0bb37fffc786f4ab3c5d9dcfeff614019a87ad1548133b55826c3b9fa,Bruno Dias,Atento,2026-03-24 08:12:52,2026-03-24 08:23:55,663.0,2026-03-24,simulated
Escola Estadual Criança Esperança,Geografia,Professor_Diego,eb3c72a0bb37fffc786f4ab3c5d9dcfeff614019a87ad1548133b55826c3b9fa,Bruno Dias,Agitado,2026-03-24 08:23:55,2026-03-24 08:25:25,90.0,2026-03-24,simulated
Escola Estadual Criança Esperança,Geografia,Professor_Diego,eb3c72a0bb37fffc786f4ab3c5d9dcfeff614019a87ad1548133b55826c3b9fa,Bruno Dias,Atento,2026-03-24 08:25:31,2026-03-24 08:36:42,671.0,2026-03-24,simulated
Escola Estadual Criança Esperança,Geografia,Professor_Diego,eb3c72a0bb37fffc786f4ab3c5d9dcfeff614019a87ad1548133b55826c3b9fa,Bruno Dias,Distraido,2026-03-24 08:36:50,2026-03-24 08:37:38,48.0,2026-03-24,simulated
Escola Estadual Criança Esperança,Geografia,Professor_Diego,eb3c72a0bb37fffc786f4ab3c5d9dcfeff614019a87ad1548133b55826c3b9fa,Bruno Dias,Dormindo,2026-03-24 08:37:41,2026-03-24 08:40:10,149.0,2026-03-24,simulated
Escola Estadual Criança Esperança,Geografia,Professor_Diego,eb3c72a0bb37fffc786f4ab3c5d9dcfeff614019a87ad1548133b55826c3b9fa,Bruno Dias,Atento,2026-03-24 08:40:14,2026-03-24 08:49:00,526.0,2026-03-24,simulated
Escola Estadual Criança Esperança,Geografia,Professor_Diego,eb3c72a0bb37fffc786f4ab3c5d9dcfeff614019a87ad1548133b55826c3b9fa,Bruno Dias,Perguntando,2026-03-24 08:49:08,2026-03-24 08:49:43,35.0,2026-03-24,simulated
Escola Estadual Criança Esperança,Geografia,Professor_Diego,eb3c72a0bb37fffc786f4ab3c5d9dcfeff614019a87ad1548133b55826c3b9fa,Bruno Dias,Atento,2026-03-24 08:49:43,2026-03-24 08:59:37,594.0,2026-03-24,simulated
Escola Estadual Criança Esperança,Geografia,Professor_Diego,eb3c72a0bb37fffc786f4ab3c5d9dcfeff614019a87ad1548133b55826c3b9fa,Bruno Dias,Dormindo,2026-03-24 08:59:44,2026-03-24 09:04:39,295.0,2026-03-24,simulated
Escola Estadual Criança Esperança,Geografia,Professor_Diego,eb3c72a0bb37fffc786f4ab3c5d9dcfeff614019a87ad1548133b55826c3b9fa,Bruno Dias,Distraido,2026-03-24 09:04:41,2026-03-24 09:06:35,114.0,2026-03-24,simulated
Escola Estadual Criança Esperança,Geografia,Professor_Diego,eb3c72a0bb37fffc786f4ab3c5d9dcfeff614019a87ad1548133b55826c3b9fa,Bruno Dias,Atento,2026-03-24 09:06:37,2026-03-24 09:16:25,588.0,2026-03-24,simulated
Escola Estadual Criança Esperança,Geografia,Professor_Diego,eb3c72a0bb37fffc786f4ab3c5d9dcfeff614019a87ad1548133b55826c3b9fa,Bruno Dias,Agitado,2026-03-24 09:16:31,2026-03-24 09:17:35,64.0,2026-03-24,simulated
Escola Estadual Criança Esperança,Geografia,Professor_Diego,eb3c72a0bb37fffc786f4ab3c5d9dcfeff614019a87ad1548133b55826c3b9fa,Bruno Dias,Distraido,2026-03-24 09:17:41,2026-03-24 09:19:46,125.0,2026-03-24,simulated
Escola Estadual Criança Esperança,Geografia,Professor_Diego,eb3c72a0bb37fffc786f4ab3c5d9dcfeff614019a87ad1548133b55826c3b9fa,Bruno Dias,Atento,2026-03-24 09:19:52,2026-03-24 09:28:33,521.0,2026-03-24,simulated
Escola Estadual Criança Esperança,Geografia,Professor_Diego,eb3c72a0bb37fffc786f4ab3c5d9dcfeff614019a87ad1548133b55826c3b9fa,Bruno Dias,Dormindo,2026-03-24 09:28:34,2026-03-24 09:30:04,90.0,2026-03-24,simulated
Escola Estadual Criança Esperança,Geografia,Professor_Diego,eb3c72a0bb37fffc786f4ab3c5d9dcfeff614019a87ad1548133b55826c3b9fa,Bruno Dias,Distraido,2026-03-24 09:30:05,2026-03-24 09:31:01,56.0,2026-03-24,simulated
Escola Estadual Criança Esperança,Geografia,Professor_Diego,eb3c72a0bb37fffc786f4ab3c5d9dcfeff614019a87ad1548133b55826c3b9fa,Bruno Dias,Dormindo,2026-03-24 09:31:02,2026-03-24 09:35:19,257.0,2026-03-24,simulated
Escola Estadual Criança Esperança,Geografia,Professor_Diego,eb3c72a0bb37fffc786f4ab3c5d9dcfeff614019a87ad1548133b55826c3b9fa,Bruno Dias,Agitado,2026-03-24 09:35:20,2026-03-24 09:36:17,57.0,2026-03-24,simulated
Escola Estadual Criança Esperança,Geografia,Professor_Diego,eb3c72a0bb37fffc786f4ab3c5d9dcfeff614019a87ad1548133b55826c3b9fa,Bruno Dias,Distraido,2026-03-24 09:36:24,2026-03-24 09:37:43,79.0,2026-03-24,simulated
Escola Estadual Criança Esperança,Geografia,Professor_Diego,eb3c72a0bb37fffc786f4ab3c5d9dcfeff614019a87ad1548133b55826c3b9fa,Bruno Dias,Atento,2026-03-24 09:37:51,2026-03-24 09:46:48,537.0,2026-03-24,simulated
Escola Estadual Criança Esperança,Geografia,Professor_Diego,eb3c72a0bb37fffc786f4ab3c5d9dcfeff614019a87ad1548133b55826c3b9fa,Bruno Dias,Agitado,2026-03-24 09:46:52,2026-03-24 09:47:33,41.0,2026-03-24,simulated
Escola Estadual Criança Esperança,Geografia,Professor_Diego,eb3c72a0bb37fffc786f4ab3c5d9dcfeff614019a87ad1548133b55826c3b9fa,Bruno Dias,Perguntando,2026-03-24 09:47:36,2026-03-24 09:48:01,25.0,2026-03-24,simulated
Escola Estadual Criança Esperança,Geografia,Professor_Diego,eb3c72a0bb37fffc786f4ab3c5d9dcfeff614019a87ad1548133b55826c3b9fa,Bruno Dias,Atento,2026-03-24 09:48:05,2026-03-24 09:55:08,423.0,2026-03-24,simulated
Escola Estadual Criança Esperança,Geografia,Professor_Diego,eb3c72a0bb37fffc786f4ab3c5d9dcfeff614019a87ad1548133b55826c3b9fa,Bruno Dias,Distraido,2026-03-24 09:55:10,2026-03-24 09:56:28,78.0,2026-03-24,simulated
Escola Estadual Criança Esperança,Geografia,Professor_Diego,eb3c72a0bb37fffc786f4ab3c5d9dcfeff614019a87ad1548133b55826c3b9fa,Bruno Dias,Perguntando,2026-03-24 09:56:31,2026-03-24 09:56:44,13.0,2026-03-24,simulated
Escola Estadual Criança Esperança,Geografia,Professor_Diego,eb3c72a0bb37fffc786f4ab3c5d9dcfeff614019a87ad1548133b55826c3b9fa,Bruno Dias,Atento,2026-03-24 09:56:48,2026-03-24 10:02:55,367.0,2026-03-24,simulated
Escola Estadual Criança Esperança,Geografia,Professor_Diego,eb3c72a0bb37fffc786f4ab3c5d9dcfeff614019a87ad1548133b55826c3b9fa,Bruno Dias,Perguntando,2026-03-24 10:02:59,2026-03-24 10:03:19,20.0,2026-03-24,simulated
Escola Estadual Criança Esperança,Geografia,Professor_Diego,eb3c72a0bb37fffc786f4ab3c5d9dcfeff614019a87ad1548133b55826c3b9fa,Bruno Dias,Agitado,2026-03-24 10:03:21,2026-03-24 10:04:13,52.0,2026-03-24,simulated
Escola Estadual Criança Esperança,Geografia,Professor_Diego,eb3c72a0bb37fffc786f4ab3c5d9dcfeff614019a87ad1548133b55826c3b9fa,Bruno Dias,Distraido,2026-03-24 10:04:15,2026-03-24 10:06:46,151.0,2026-03-24,simulated
Escola Estadual Criança Esperança,Geografia,Professor_Diego,eb3c72a0bb37fffc786f4ab3c5d9dcfeff614019a87ad1548133b55826c3b9fa,Bruno Dias,Dormindo,2026-03-24 10:06:51,2026-03-24 10:10:52,241.0,2026-03-24,simulated
Escola Estadual Criança Esperança,Geografia,Professor_Diego,eb3c72a0bb37fffc786f4ab3c5d9dcfeff614019a87ad1548133b55826c3b9fa,Bruno Dias,Distraido,2026-03-24 10:10:53,2026-03-24 10:13:18,145.0,2026-03-24,simulated
Escola Estadual Criança Esperança,Geografia,Professor_Diego,eb3c72a0bb37fffc786f4ab3c5d9dcfeff614019a87ad1548133b55826c3b9fa,Bruno Dias,Atento,2026-03-24 10:13:22,2026-03-24 10:19:05,343.0,2026-03-24,simulated
Escola Estadual Criança Esperança,Geografia,Professor_Diego,eb3c72a0bb37fffc786f4ab3c5d9dcfeff614019a87ad1548133b55826c3b9fa,Bruno Dias,Agitado,2026-03-24 10:19:13,2026-03-24 10:20:06,53.0,2026-03-24,simulated
Escola Estadual Criança Esperança,Geografia,Professor_Diego,eb3c72a0bb37fffc786f4ab3c5d9dcfeff614019a87ad1548133b55826c3b9fa,Bruno Dias,Atento,2026-03-24 10:20:13,2026-03-24 10:27:10,417.0,2026-03-24,simulated
Escola Estadual Criança Esperança,Geografia,Professor_Diego,eb3c72a0bb37fffc786f4ab3c5d9dcfeff614019a87ad1548133b55826c3b9fa,Bruno Dias,Distraido,2026-03-24 10:27:17,2026-03-24 10:28:39,82.0,2026-03-24,simulated
Escola Estadual Criança Esperança,Geografia,Professor_Diego,eb3c72a0bb37fffc786f4ab3c5d9dcfeff614019a87ad1548133b55826c3b9fa,Bruno Dias,Atento,2026-03-24 10:28:47,2026-03-24 10:40:10,683.0,2026-03-24,simulated
Escola Estadual Criança Esperança,Geografia,Professor_Diego,eb3c72a0bb37fffc786f4ab3c5d9dcfeff614019a87ad1548133b55826c3b9fa,Bruno Dias,Agitado,2026-03-24 10:40:14,2026-03-24 10:40:35,21.0,2026-03-24,simulated
Escola Estadual Criança Esperança,Geografia,Professor_Diego,eb3c72a0bb37fffc786f4ab3c5d9dcfeff614019a87ad1548133b55826c3b9fa,Bruno Dias,Atento,2026-03-24 10:40:38,2026-03-24 10:47:42,424.0,2026-03-24,simulated
Escola Estadual Criança Esperança,Geografia,Professor_Diego,eb3c72a0bb37fffc786f4ab3c5d9dcfeff614019a87ad1548133b55826c3b9fa,Bruno Dias,Distraido,2026-03-24 10:47:45,2026-03-24 10:50:38,173.0,2026-03-24,simulated
Escola Estadual Criança Esperança,Geografia,Professor_Diego,eb3c72a0bb37fffc786f4ab3c5d9dcfeff614019a87ad1548133b55826c3b9fa,Bruno Dias,Atento,2026-03-24 10:50:39,2026-03-24 11:02:06,687.0,2026-03-24,simulated
Escola Estadual Criança Esperança,Geografia,Professor_Diego,eb3c72a0bb37fffc786f4ab3c5d9dcfeff614019a87ad1548133b55826c3b9fa,Bruno Dias,Distraido,2026-03-24 11:02:11,2026-03-24 11:03:29,78.0,2026-03-24,simulated
Escola Estadual Criança Esperança,Geografia,Professor_Diego,eb3c72a0bb37fffc786f4ab3c5d9dcfeff614019a87ad1548133b55826c3b9fa,Bruno Dias,Atento,2026-03-24 11:03:37,2026-03-24 11:14:16,639.0,2026-03-24,simulated
Escola Estadual Criança Esperança,Geografia,Professor_Diego,eb3c72a0bb37fffc786f4ab3c5d9dcfeff614019a87ad1548133b55826c3b9fa,Bruno Dias,Distraido,2026-03-24 11:14:20,2026-03-24 11:16:10,110.0,2026-03-24,simulated
Escola Estadual Criança Esperança,Geografia,Professor_Diego,eb3c72a0bb37fffc786f4ab3c5d9dcfeff614019a87ad1548133b55826c3b9fa,Bruno Dias,Atento,2026-03-24 11:16:14,2026-03-24 11:21:37,323.0,2026-03-24,simulated
Escola Estadual Criança Esperança,Geografia,Professor_Diego,eb3c72a0bb37fffc786f4ab3c5d9dcfeff614019a87ad1548133b55826c3b9fa,Bruno Dias,Distraido,2026-03-24 11:21:42,2026-03-24 11:24:26,164.0,2026-03-24,simulated
Escola Estadual Criança Esperança,Geografia,Professor_Diego,eb3c72a0bb37fffc786f4ab3c5d9dcfeff614019a87ad1548133b55826c3b9fa,Bruno Dias,Dormindo,2026-03-24 11:24:26,2026-03-24 11:28:20,234.0,2026-03-24,simulated
Escola Estadual Criança Esperança,Geografia,Professor_Diego,eb3c72a0bb37fffc786f4ab3c5d9dcfeff614019a87ad1548133b55826c3b9fa,Bruno Dias,Distraido,2026-03-24 11:28:24,2026-03-24 11:31:16,172.0,2026-03-24,simulated
Escola Estadual Criança Esperança,Geografia,Professor_Diego,eb3c72a0bb37fffc786f4ab3c5d9dcfeff614019a87ad1548133b55826c3b9fa,Bruno Dias,Dormindo,2026-03-24 11:31:21,2026-03-24 11:35:55,274.0,2026-03-24,simulated
Escola Estadual Criança Esperança,Geografia,Professor_Diego,eb3c72a0bb37fffc786f4ab3c5d9dcfeff614019a87ad1548133b55826c3b9fa,Bruno Dias,Distraido,2026-03-24 11:35:58,2026-03-24 11:38:26,148.0,2026-03-24,simulated
Escola Estadual Criança Esperança,Geografia,Professor_Diego,eb3c72a0bb37fffc786f4ab3c5d9dcfeff614019a87ad1548133b55826c3b9fa,Bruno Dias,Atento,2026-03-24 11:38:29,2026-03-24 11:44:00,331.0,2026-03-24,simulated
Escola Estadual Criança Esperança,Geografia,Professor_Diego,dc9a95b5ba8bb57ac1e73ab7f8c125406ac4da1026d061aaf30426faf91b662f,Ruti da Costa Lima,Distraido,2026-03-24 08:06:00,2026-03-24 08:08:21,141.0,2026-03-24,simulated
Escola Estadual Criança Esperança,Geografia,Professor_Diego,dc9a95b5ba8bb57ac1e73ab7f8c125406ac4da1026d061aaf30426faf91b662f,Ruti da Costa Lima,Perguntando,2026-03-24 08:08:23,2026-03-24 08:08:50,27.0,2026-03-24,simulated
Escola Estadual Criança Esperança,Geografia,Professor_Diego,dc9a95b5ba8bb57ac1e73ab7f8c125406ac4da1026d061aaf30426faf91b662f,Ruti da Costa Lima,Atento,2026-03-24 08:08:50,2026-03-24 08:14:42,352.0,2026-03-24,simulated
Escola Estadual Criança Esperança,Geografia,Professor_Diego,dc9a95b5ba8bb57ac1e73ab7f8c125406ac4da1026d061aaf30426faf91b662f,Ruti da Costa Lima,Dormindo,2026-03-24 08:14:49,2026-03-24 08:18:17,208.0,2026-03-24,simulated
Escola Estadual Criança Esperança,Geografia,Professor_Diego,dc9a95b5ba8bb57ac1e73ab7f8c125406ac4da1026d061aaf30426faf91b662f,Ruti da Costa Lima,Perguntando,2026-03-24 08:18:23,2026-03-24 08:18:52,29.0,2026-03-24,simulated
Escola Estadual Criança Esperança,Geografia,Professor_Diego,dc9a95b5ba8bb57ac1e73ab7f8c125406ac4da1026d061aaf30426faf91b662f,Ruti da Costa Lima,Dormindo,2026-03-24 08:18:52,2026-03-24 08:20:48,116.0,2026-03-24,simulated
Escola Estadual Criança Esperança,Geografia,Professor_Diego,dc9a95b5ba8bb57ac1e73ab7f8c125406ac4da1026d061aaf30426faf91b662f,Ruti da Costa Lima,Perguntando,2026-03-24 08:20:52,2026-03-24 08:21:03,11.0,2026-03-24,simulated
Escola Estadual Criança Esperança,Geografia,Professor_Diego,dc9a95b5ba8bb57ac1e73ab7f8c125406ac4da1026d061aaf30426faf91b662f,Ruti da Costa Lima,Atento,2026-03-24 08:21:07,2026-03-24 08:31:19,612.0,2026-03-24,simulated
Escola Estadual Criança Esperança,Geografia,Professor_Diego,dc9a95b5ba8bb57ac1e73ab7f8c125406ac4da1026d061aaf30426faf91b662f,Ruti da Costa Lima,Agitado,2026-03-24 08:31:26,2026-03-24 08:32:55,89.0,2026-03-24,simulated
Escola Estadual Criança Esperança,Geografia,Professor_Diego,dc9a95b5ba8bb57ac1e73ab7f8c125406ac4da1026d061aaf30426faf91b662f,Ruti da Costa Lima,Dormindo,2026-03-24 08:32:58,2026-03-24 08:34:47,109.0,2026-03-24,simulated
Escola Estadual Criança Esperança,Geografia,Professor_Diego,dc9a95b5ba8bb57ac1e73ab7f8c125406ac4da1026d061aaf30426faf91b662f,Ruti da Costa Lima,Atento,2026-03-24 08:34:54,2026-03-24 08:40:14,320.0,2026-03-24,simulated
Escola Estadual Criança Esperança,Geografia,Professor_Diego,dc9a95b5ba8bb57ac1e73ab7f8c125406ac4da1026d061aaf30426faf91b662f,Ruti da Costa Lima,Agitado,2026-03-24 08:40:17,2026-03-24 08:40:54,37.0,2026-03-24,simulated
Escola Estadual Criança Esperança,Geografia,Professor_Diego,dc9a95b5ba8bb57ac1e73ab7f8c125406ac4da1026d061aaf30426faf91b662f,Ruti da Costa Lima,Atento,2026-03-24 08:40:56,2026-03-24 08:49:31,515.0,2026-03-24,simulated
Escola Estadual Criança Esperança,Geografia,Professor_Diego,dc9a95b5ba8bb57ac1e73ab7f8c125406ac4da1026d061aaf30426faf91b662f,Ruti da Costa Lima,Distraido,2026-03-24 08:49:36,2026-03-24 08:51:15,99.0,2026-03-24,simulated
Escola Estadual Criança Esperança,Geografia,Professor_Diego,dc9a95b5ba8bb57ac1e73ab7f8c125406ac4da1026d061aaf30426faf91b662f,Ruti da Costa Lima,Atento,2026-03-24 08:51:19,2026-03-24 09:03:14,715.0,2026-03-24,simulated
Escola Estadual Criança Esperança,Geografia,Professor_Diego,dc9a95b5ba8bb57ac1e73ab7f8c125406ac4da1026d061aaf30426faf91b662f,Ruti da Costa Lima,Distraido,2026-03-24 09:03:17,2026-03-24 09:04:47,90.0,2026-03-24,simulated
Escola Estadual Criança Esperança,Geografia,Professor_Diego,dc9a95b5ba8bb57ac1e73ab7f8c125406ac4da1026d061aaf30426faf91b662f,Ruti da Costa Lima,Perguntando,2026-03-24 09:04:54,2026-03-24 09:05:04,10.0,2026-03-24,simulated
Escola Estadual Criança Esperança,Geografia,Professor_Diego,dc9a95b5ba8bb57ac1e73ab7f8c125406ac4da1026d061aaf30426faf91b662f,Ruti da Costa Lima,Atento,2026-03-24 09:05:10,2026-03-24 09:10:46,336.0,2026-03-24,simulated
Escola Estadual Criança Esperança,Geografia,Professor_Diego,dc9a95b5ba8bb57ac1e73ab7f8c125406ac4da1026d061aaf30426faf91b662f,Ruti da Costa Lima,Agitado,2026-03-24 09:10:54,2026-03-24 09:11:20,26.0,2026-03-24,simulated
Escola Estadual Criança Esperança,Geografia,Professor_Diego,dc9a95b5ba8bb57ac1e73ab7f8c125406ac4da1026d061aaf30426faf91b662f,Ruti da Costa Lima,Atento,2026-03-24 09:11:25,2026-03-24 09:16:41,316.0,2026-03-24,simulated
Escola Estadual Criança Esperança,Geografia,Professor_Diego,dc9a95b5ba8bb57ac1e73ab7f8c125406ac4da1026d061aaf30426faf91b662f,Ruti da Costa Lima,Dormindo,2026-03-24 09:16:46,2026-03-24 09:19:26,160.0,2026-03-24,simulated
Escola Estadual Criança Esperança,Geografia,Professor_Diego,dc9a95b5ba8bb57ac1e73ab7f8c125406ac4da1026d061aaf30426faf91b662f,Ruti da Costa Lima,Atento,2026-03-24 09:19:31,2026-03-24 09:26:46,435.0,2026-03-24,simulated
Escola Estadual Criança Esperança,Geografia,Professor_Diego,dc9a95b5ba8bb57ac1e73ab7f8c125406ac4da1026d061aaf30426faf91b662f,Ruti da Costa Lima,Distraido,2026-03-24 09:26:48,2026-03-24 09:29:32,164.0,2026-03-24,simulated
Escola Estadual Criança Esperança,Geografia,Professor_Diego,dc9a95b5ba8bb57ac1e73ab7f8c125406ac4da1026d061aaf30426faf91b662f,Ruti da Costa Lima,Atento,2026-03-24 09:29:38,2026-03-24 09:35:51,373.0,2026-03-24,simulated
Escola Estadual Criança Esperança,Geografia,Professor_Diego,dc9a95b5ba8bb57ac1e73ab7f8c125406ac4da1026d061aaf30426faf91b662f,Ruti da Costa Lima,Dormindo,2026-03-24 09:35:53,2026-03-24 09:39:28,215.0,2026-03-24,simulated
Escola Estadual Criança Esperança,Geografia,Professor_Diego,dc9a95b5ba8bb57ac1e73ab7f8c125406ac4da1026d061aaf30426faf91b662f,Ruti da Costa Lima,Agitado,2026-03-24 09:39:30,2026-03-24 09:40:57,87.0,2026-03-24,simulated
Escola Estadual Criança Esperança,Geografia,Professor_Diego,dc9a95b5ba8bb57ac1e73ab7f8c125406ac4da1026d061aaf30426faf91b662f,Ruti da Costa Lima,Perguntando,2026-03-24 09:41:05,2026-03-24 09:41:19,14.0,2026-03-24,simulated
Escola Estadual Criança Esperança,Geografia,Professor_Diego,dc9a95b5ba8bb57ac1e73ab7f8c125406ac4da1026d061aaf30426faf91b662f,Ruti da Costa Lima,Atento,2026-03-24 09:41:23,2026-03-24 09:46:57,334.0,2026-03-24,simulated
Escola Estadual Criança Esperança,Geografia,Professor_Diego,dc9a95b5ba8bb57ac1e73ab7f8c125406ac4da1026d061aaf30426faf91b662f,Ruti da Costa Lima,Distraido,2026-03-24 09:46:57,2026-03-24 09:48:02,65.0,2026-03-24,simulated
Escola Estadual Criança Esperança,Geografia,Professor_Diego,dc9a95b5ba8bb57ac1e73ab7f8c125406ac4da1026d061aaf30426faf91b662f,Ruti da Costa Lima,Atento,2026-03-24 09:48:09,2026-03-24 09:59:17,668.0,2026-03-24,simulated
Escola Estadual Criança Esperança,Geografia,Professor_Diego,dc9a95b5ba8bb57ac1e73ab7f8c125406ac4da1026d061aaf30426faf91b662f,Ruti da Costa Lima,Dormindo,2026-03-24 09:59:22,2026-03-24 10:04:16,294.0,2026-03-24,simulated
Escola Estadual Criança Esperança,Geografia,Professor_Diego,dc9a95b5ba8bb57ac1e73ab7f8c125406ac4da1026d061aaf30426faf91b662f,Ruti da Costa Lima,Atento,2026-03-24 10:04:24,2026-03-24 10:09:49,325.0,2026-03-24,simulated
Escola Estadual Criança Esperança,Geografia,Professor_Diego,dc9a95b5ba8bb57ac1e73ab7f8c125406ac4da1026d061aaf30426faf91b662f,Ruti da Costa Lima,Distraido,2026-03-24 10:09:57,2026-03-24 10:12:28,151.0,2026-03-24,simulated
Escola Estadual Criança Esperança,Geografia,Professor_Diego,dc9a95b5ba8bb57ac1e73ab7f8c125406ac4da1026d061aaf30426faf91b662f,Ruti da Costa Lima,Dormindo,2026-03-24 10:12:28,2026-03-24 10:17:19,291.0,2026-03-24,simulated
Escola Estadual Criança Esperança,Geografia,Professor_Diego,dc9a95b5ba8bb57ac1e73ab7f8c125406ac4da1026d061aaf30426faf91b662f,Ruti da Costa Lima,Atento,2026-03-24 10:17:19,2026-03-24 10:28:57,698.0,2026-03-24,simulated
Escola Estadual Criança Esperança,Geografia,Professor_Diego,dc9a95b5ba8bb57ac1e73ab7f8c125406ac4da1026d061aaf30426faf91b662f,Ruti da Costa Lima,Distraido,2026-03-24 10:29:01,2026-03-24 10:32:00,179.0,2026-03-24,simulated
Escola Estadual Criança Esperança,Geografia,Professor_Diego,dc9a95b5ba8bb57ac1e73ab7f8c125406ac4da1026d061aaf30426faf91b662f,Ruti da Costa Lima,Atento,2026-03-24 10:32:02,2026-03-24 10:38:18,376.0,2026-03-24,simulated
Escola Estadual Criança Esperança,Geografia,Professor_Diego,dc9a95b5ba8bb57ac1e73ab7f8c125406ac4da1026d061aaf30426faf91b662f,Ruti da Costa Lima,Distraido,2026-03-24 10:38:19,2026-03-24 10:41:06,167.0,2026-03-24,simulated
Escola Estadual Criança Esperança,Geografia,Professor_Diego,dc9a95b5ba8bb57ac1e73ab7f8c125406ac4da1026d061aaf30426faf91b662f,Ruti da Costa Lima,Dormindo,2026-03-24 10:41:08,2026-03-24 10:45:02,234.0,2026-03-24,simulated
Escola Estadual Criança Esperança,Geografia,Professor_Diego,dc9a95b5ba8bb57ac1e73ab7f8c125406ac4da1026d061aaf30426faf91b662f,Ruti da Costa Lima,Distraido,2026-03-24 10:45:04,2026-03-24 10:47:08,124.0,2026-03-24,simulated
Escola Estadual Criança Esperança,Geografia,Professor_Diego,dc9a95b5ba8bb57ac1e73ab7f8c125406ac4da1026d061aaf30426faf91b662f,Ruti da Costa Lima,Dormindo,2026-03-24 10:47:13,2026-03-24 10:51:31,258.0,2026-03-24,simulated
Escola Estadual Criança Esperança,Geografia,Professor_Diego,dc9a95b5ba8bb57ac1e73ab7f8c125406ac4da1026d061aaf30426faf91b662f,Ruti da Costa Lima,Distraido,2026-03-24 10:51:38,2026-03-24 10:53:18,100.0,2026-03-24,simulated
Escola Estadual Criança Esperança,Geografia,Professor_Diego,dc9a95b5ba8bb57ac1e73ab7f8c125406ac4da1026d061aaf30426faf91b662f,Ruti da Costa Lima,Agitado,2026-03-24 10:53:26,2026-03-24 10:54:06,40.0,2026-03-24,simulated
Escola Estadual Criança Esperança,Geografia,Professor_Diego,dc9a95b5ba8bb57ac1e73ab7f8c125406ac4da1026d061aaf30426faf91b662f,Ruti da Costa Lima,Dormindo,2026-03-24 10:54:14,2026-03-24 10:59:11,297.0,2026-03-24,simulated
Escola Estadual Criança Esperança,Geografia,Professor_Diego,dc9a95b5ba8bb57ac1e73ab7f8c125406ac4da1026d061aaf30426faf91b662f,Ruti da Costa Lima,Distraido,2026-03-24 10:59:14,2026-03-24 11:01:22,128.0,2026-03-24,simulated
Escola Estadual Criança Esperança,Geografia,Professor_Diego,dc9a95b5ba8bb57ac1e73ab7f8c125406ac4da1026d061aaf30426faf91b662f,Ruti da Costa Lima,Atento,2026-03-24 11:01:29,2026-03-24 11:09:06,457.0,2026-03-24,simulated
Escola Estadual Criança Esperança,Geografia,Professor_Diego,dc9a95b5ba8bb57ac1e73ab7f8c125406ac4da1026d061aaf30426faf91b662f,Ruti da Costa Lima,Dormindo,2026-03-24 11:09:10,2026-03-24 11:10:46,96.0,2026-03-24,simulated
Escola Estadual Criança Esperança,Geografia,Professor_Diego,dc9a95b5ba8bb57ac1e73ab7f8c125406ac4da1026d061aaf30426faf91b662f,Ruti da Costa Lima,Atento,2026-03-24 11:10:49,2026-03-24 11:18:42,473.0,2026-03-24,simulated
Escola Estadual Criança Esperança,Geografia,Professor_Diego,dc9a95b5ba8bb57ac1e73ab7f8c125406ac4da1026d061aaf30426faf91b662f,Ruti da Costa Lima,Agitado,2026-03-24 11:18:49,2026-03-24 11:19:15,26.0,2026-03-24,simulated
Escola Estadual Criança Esperança,Geografia,Professor_Diego,dc9a95b5ba8bb57ac1e73ab7f8c125406ac4da1026d061aaf30426faf91b662f,Ruti da Costa Lima,Atento,2026-03-24 11:19:16,2026-03-24 11:29:41,625.0,2026-03-24,simulated
Escola Estadual Criança Esperança,Geografia,Professor_Diego,dc9a95b5ba8bb57ac1e73ab7f8c125406ac4da1026d061aaf30426faf91b662f,Ruti da Costa Lima,Dormindo,2026-03-24 11:29:47,2026-03-24 11:32:47,180.0,2026-03-24,simulated
Escola Estadual Criança Esperança,Geografia,Professor_Diego,dc9a95b5ba8bb57ac1e73ab7f8c125406ac4da1026d061aaf30426faf91b662f,Ruti da Costa Lima,Atento,2026-03-24 11:32:50,2026-03-24 11:39:01,371.0,2026-03-24,simulated
Escola Estadual Criança Esperança,Geografia,Professor_Diego,dc9a95b5ba8bb57ac1e73ab7f8c125406ac4da1026d061aaf30426faf91b662f,Ruti da Costa Lima,Distraido,2026-03-24 11:39:07,2026-03-24 11:42:01,174.0,2026-03-24,simulated
Escola Estadual Criança Esperança,Geografia,Professor_Diego,dc9a95b5ba8bb57ac1e73ab7f8c125406ac4da1026d061aaf30426faf91b662f,Ruti da Costa Lima,Dormindo,2026-03-24 11:42:01,2026-03-24 11:43:50,109.0,2026-03-24,simulated
Escola Estadual Criança Esperança,Geografia,Professor_Diego,dc9a95b5ba8bb57ac1e73ab7f8c125406ac4da1026d061aaf30426faf91b662f,Ruti da Costa Lima,Distraido,2026-03-24 11:43:53,2026-03-24 11:45:49,116.0,2026-03-24,simulated
Escola Estadual Criança Esperança,Geografia,Professor_Diego,dc9a95b5ba8bb57ac1e73ab7f8c125406ac4da1026d061aaf30426faf91b662f,Ruti da Costa Lima,Atento,2026-03-24 11:45:50,2026-03-24 11:46:00,10.0,2026-03-24,simulated
Escola Estadual Criança Esperança,Geografia,Professor_Diego,1f5624d608f5310226c28aebea723be5755bef49bd56f7361fb66357f10133e5,Paullo Geovanne,Atento,2026-03-24 08:08:00,2026-03-24 08:19:30,690.0,2026-03-24,simulated
Escola Estadual Criança Esperança,Geografia,Professor_Diego,1f5624d608f5310226c28aebea723be5755bef49bd56f7361fb66357f10133e5,Paullo Geovanne,Perguntando,2026-03-24 08:19:34,2026-03-24 08:20:06,32.0,2026-03-24,simulated
Escola Estadual Criança Esperança,Geografia,Professor_Diego,1f5624d608f5310226c28aebea723be5755bef49bd56f7361fb66357f10133e5,Paullo Geovanne,Atento,2026-03-24 08:20:14,2026-03-24 08:26:47,393.0,2026-03-24,simulated
Escola Estadual Criança Esperança,Geografia,Professor_Diego,1f5624d608f5310226c28aebea723be5755bef49bd56f7361fb66357f10133e5,Paullo Geovanne,Atento,2026-03-24 08:26:49,2026-03-24 08:38:38,709.0,2026-03-24,simulated
Escola Estadual Criança Esperança,Geografia,Professor_Diego,1f5624d608f5310226c28aebea723be5755bef49bd56f7361fb66357f10133e5,Paullo Geovanne,Perguntando,2026-03-24 08:38:43,2026-03-24 08:38:58,15.0,2026-03-24,simulated
Escola Estadual Criança Esperança,Geografia,Professor_Diego,1f5624d608f5310226c28aebea723be5755bef49bd56f7361fb66357f10133e5,Paullo Geovanne,Atento,2026-03-24 08:39:00,2026-03-24 08:50:52,712.0,2026-03-24,simulated
Escola Estadual Criança Esperança,Geografia,Professor_Diego,1f5624d608f5310226c28aebea723be5755bef49bd56f7361fb66357f10133e5,Paullo Geovanne,Atento,2026-03-24 08:50:56,2026-03-24 09:01:03,607.0,2026-03-24,simulated
Escola Estadual Criança Esperança,Geografia,Professor_Diego,1f5624d608f5310226c28aebea723be5755bef49bd56f7361fb66357f10133e5,Paullo Geovanne,Perguntando,2026-03-24 09:01:07,2026-03-24 09:01:31,24.0,2026-03-24,simulated
Escola Estadual Criança Esperança,Geografia,Professor_Diego,1f5624d608f5310226c28aebea723be5755bef49bd56f7361fb66357f10133e5,Paullo Geovanne,Atento,2026-03-24 09:01:37,2026-03-24 09:09:47,490.0,2026-03-24,simulated
Escola Estadual Criança Esperança,Geografia,Professor_Diego,1f5624d608f5310226c28aebea723be5755bef49bd56f7361fb66357f10133e5,Paullo Geovanne,Perguntando,2026-03-24 09:09:53,2026-03-24 09:10:33,40.0,2026-03-24,simulated
Escola Estadual Criança Esperança,Geografia,Professor_Diego,1f5624d608f5310226c28aebea723be5755bef49bd56f7361fb66357f10133e5,Paullo Geovanne,Atento,2026-03-24 09:10:38,2026-03-24 09:16:28,350.0,2026-03-24,simulated
Escola Estadual Criança Esperança,Geografia,Professor_Diego,1f5624d608f5310226c28aebea723be5755bef49bd56f7361fb66357f10133e5,Paullo Geovanne,Perguntando,2026-03-24 09:16:28,2026-03-24 09:16:56,28.0,2026-03-24,simulated
Escola Estadual Criança Esperança,Geografia,Professor_Diego,1f5624d608f5310226c28aebea723be5755bef49bd56f7361fb66357f10133e5,Paullo Geovanne,Atento,2026-03-24 09:16:58,2026-03-24 09:28:51,713.0,2026-03-24,simulated
Escola Estadual Criança Esperança,Geografia,Professor_Diego,1f5624d608f5310226c28aebea723be5755bef49bd56f7361fb66357f10133e5,Paullo Geovanne,Perguntando,2026-03-24 09:28:57,2026-03-24 09:29:12,15.0,2026-03-24,simulated
Escola Estadual Criança Esperança,Geografia,Professor_Diego,1f5624d608f5310226c28aebea723be5755bef49bd56f7361fb66357f10133e5,Paullo Geovanne,Distraido,2026-03-24 09:29:15,2026-03-24 09:30:47,92.0,2026-03-24,simulated
Escola Estadual Criança Esperança,Geografia,Professor_Diego,1f5624d608f5310226c28aebea723be5755bef49bd56f7361fb66357f10133e5,Paullo Geovanne,Atento,2026-03-24 09:30:49,2026-03-24 09:39:48,539.0,2026-03-24,simulated
Escola Estadual Criança Esperança,Geografia,Professor_Diego,1f5624d608f5310226c28aebea723be5755bef49bd56f7361fb66357f10133e5,Paullo Geovanne,Agitado,2026-03-24 09:39:52,2026-03-24 09:40:28,36.0,2026-03-24,simulated
Escola Estadual Criança Esperança,Geografia,Professor_Diego,1f5624d608f5310226c28aebea723be5755bef49bd56f7361fb66357f10133e5,Paullo Geovanne,Atento,2026-03-24 09:40:33,2026-03-24 09:50:14,581.0,2026-03-24,simulated
Escola Estadual Criança Esperança,Geografia,Professor_Diego,1f5624d608f5310226c28aebea723be5755bef49bd56f7361fb66357f10133e5,Paullo Geovanne,Atento,2026-03-24 09:50:20,2026-03-24 10:02:00,700.0,2026-03-24,simulated
Escola Estadual Criança Esperança,Geografia,Professor_Diego,1f5624d608f5310226c28aebea723be5755bef49bd56f7361fb66357f10133e5,Paullo Geovanne,Distraido,2026-03-24 10:02:04,2026-03-24 10:03:05,61.0,2026-03-24,simulated
Escola Estadual Criança Esperança,Geografia,Professor_Diego,1f5624d608f5310226c28aebea723be5755bef49bd56f7361fb66357f10133e5,Paullo Geovanne,Atento,2026-03-24 10:03:08,2026-03-24 10:09:12,364.0,2026-03-24,simulated
Escola Estadual Criança Esperança,Geografia,Professor_Diego,1f5624d608f5310226c28aebea723be5755bef49bd56f7361fb66357f10133e5,Paullo Geovanne,Perguntando,2026-03-24 10:09:19,2026-03-24 10:09:36,17.0,2026-03-24,simulated
Escola Estadual Criança Esperança,Geografia,Professor_Diego,1f5624d608f5310226c28aebea723be5755bef49bd56f7361fb66357f10133e5,Paullo Geovanne,Atento,2026-03-24 10:09:38,2026-03-24 10:19:10,572.0,2026-03-24,simulated
Escola Estadual Criança Esperança,Geografia,Professor_Diego,1f5624d608f5310226c28aebea723be5755bef49bd56f7361fb66357f10133e5,Paullo Geovanne,Atento,2026-03-24 10:19:17,2026-03-24 10:26:12,415.0,2026-03-24,simulated
Escola Estadual Criança Esperança,Geografia,Professor_Diego,1f5624d608f5310226c28aebea723be5755bef49bd56f7361fb66357f10133e5,Paullo Geovanne,Perguntando,2026-03-24 10:26:13,2026-03-24 10:26:30,17.0,2026-03-24,simulated
Escola Estadual Criança Esperança,Geografia,Professor_Diego,1f5624d608f5310226c28aebea723be5755bef49bd56f7361fb66357f10133e5,Paullo Geovanne,Atento,2026-03-24 10:26:31,2026-03-24 10:34:21,470.0,2026-03-24,simulated
Escola Estadual Criança Esperança,Geografia,Professor_Diego,1f5624d608f5310226c28aebea723be5755bef49bd56f7361fb66357f10133e5,Paullo Geovanne,Perguntando,2026-03-24 10:34:28,2026-03-24 10:34:52,24.0,2026-03-24,simulated
Escola Estadual Criança Esperança,Geografia,Professor_Diego,1f5624d608f5310226c28aebea723be5755bef49bd56f7361fb66357f10133e5,Paullo Geovanne,Distraido,2026-03-24 10:34:53,2026-03-24 10:35:49,56.0,2026-03-24,simulated
Escola Estadual Criança Esperança,Geografia,Professor_Diego,1f5624d608f5310226c28aebea723be5755bef49bd56f7361fb66357f10133e5,Paullo Geovanne,Atento,2026-03-24 10:35:50,2026-03-24 10:43:25,455.0,2026-03-24,simulated
Escola Estadual Criança Esperança,Geografia,Professor_Diego,1f5624d608f5310226c28aebea723be5755bef49bd56f7361fb66357f10133e5,Paullo Geovanne,Atento,2026-03-24 10:43:31,2026-03-24 10:53:23,592.0,2026-03-24,simulated
Escola Estadual Criança Esperança,Geografia,Professor_Diego,1f5624d608f5310226c28aebea723be5755bef49bd56f7361fb66357f10133e5,Paullo Geovanne,Perguntando,2026-03-24 10:53:28,2026-03-24 10:54:02,34.0,2026-03-24,simulated
Escola Estadual Criança Esperança,Geografia,Professor_Diego,1f5624d608f5310226c28aebea723be5755bef49bd56f7361fb66357f10133e5,Paullo Geovanne,Atento,2026-03-24 10:54:07,2026-03-24 11:01:59,472.0,2026-03-24,simulated
Escola Estadual Criança Esperança,Geografia,Professor_Diego,1f5624d608f5310226c28aebea723be5755bef49bd56f7361fb66357f10133e5,Paullo Geovanne,Distraido,2026-03-24 11:02:04,2026-03-24 11:03:54,110.0,2026-03-24,simulated
Escola Estadual Criança Esperança,Geografia,Professor_Diego,1f5624d608f5310226c28aebea723be5755bef49bd56f7361fb66357f10133e5,Paullo Geovanne,Perguntando,2026-03-24 11:04:02,2026-03-24 11:04:40,38.0,2026-03-24,simulated
Escola Estadual Criança Esperança,Geografia,Professor_Diego,1f5624d608f5310226c28aebea723be5755bef49bd56f7361fb66357f10133e5,Paullo Geovanne,Atento,2026-03-24 11:04:46,2026-03-24 11:10:40,354.0,2026-03-24,simulated
Escola Estadual Criança Esperança,Geografia,Professor_Diego,1f5624d608f5310226c28aebea723be5755bef49bd56f7361fb66357f10133e5,Paullo Geovanne,Distraido,2026-03-24 11:10:40,2026-03-24 11:11:41,61.0,2026-03-24,simulated
Escola Estadual Criança Esperança,Geografia,Professor_Diego,1f5624d608f5310226c28aebea723be5755bef49bd56f7361fb66357f10133e5,Paullo Geovanne,Perguntando,2026-03-24 11:11:41,2026-03-24 11:12:18,37.0,2026-03-24,simulated
Escola Estadual Criança Esperança,Geografia,Professor_Diego,1f5624d608f5310226c28aebea723be5755bef49bd56f7361fb66357f10133e5,Paullo Geovanne,Atento,2026-03-24 11:12:25,2026-03-24 11:21:35,550.0,2026-03-24,simulated
Escola Estadual Criança Esperança,Geografia,Professor_Diego,1f5624d608f5310226c28aebea723be5755bef49bd56f7361fb66357f10133e5,Paullo Geovanne,Agitado,2026-03-24 11:21:41,2026-03-24 11:22:57,76.0,2026-03-24,simulated
Escola Estadual Criança Esperança,Geografia,Professor_Diego,1f5624d608f5310226c28aebea723be5755bef49bd56f7361fb66357f10133e5,Paullo Geovanne,Atento,2026-03-24 11:23:04,2026-03-24 11:33:33,629.0,2026-03-24,simulated
Escola Estadual Criança Esperança,Geografia,Professor_Diego,1f5624d608f5310226c28aebea723be5755bef49bd56f7361fb66357f10133e5,Paullo Geovanne,Distraido,2026-03-24 11:33:37,2026-03-24 11:36:20,163.0,2026-03-24,simulated
Escola Estadual Criança Esperança,Geografia,Professor_Diego,1f5624d608f5310226c28aebea723be5755bef49bd56f7361fb66357f10133e5,Paullo Geovanne,Atento,2026-03-24 11:36:28,2026-03-24 11:44:36,488.0,2026-03-24,simulated
Escola Estadual Criança Esperança,Geografia,Professor_Diego,1f5624d608f5310226c28aebea723be5755bef49bd56f7361fb66357f10133e5,Paullo Geovanne,Agitado,2026-03-24 11:44:44,2026-03-24 11:45:41,57.0,2026-03-24,simulated
Escola Estadual Criança Esperança,Geografia,Professor_Diego,1f5624d608f5310226c28aebea723be5755bef49bd56f7361fb66357f10133e5,Paullo Geovanne,Atento,2026-03-24 11:45:41,2026-03-24 11:48:00,139.0,2026-03-24,simulated
Escola Estadual Criança Esperança,Geografia,Professor_Diego,1dd437c73ff9fac4d9f9c9c4ba29924a8d14d31aa348772e1944c31cacebce98,Thiago Campos,Atento,2026-03-24 08:10:00,2026-03-24 08:16:32,392.0,2026-03-24,simulated
Escola Estadual Criança Esperança,Geografia,Professor_Diego,1dd437c73ff9fac4d9f9c9c4ba29924a8d14d31aa348772e1944c31cacebce98,Thiago Campos,Perguntando,2026-03-24 08:16:39,2026-03-24 08:16:55,16.0,2026-03-24,simulated
Escola Estadual Criança Esperança,Geografia,Professor_Diego,1dd437c73ff9fac4d9f9c9c4ba29924a8d14d31aa348772e1944c31cacebce98,Thiago Campos,Atento,2026-03-24 08:16:57,2026-03-24 08:26:12,555.0,2026-03-24,simulated
Escola Estadual Criança Esperança,Geografia,Professor_Diego,1dd437c73ff9fac4d9f9c9c4ba29924a8d14d31aa348772e1944c31cacebce98,Thiago Campos,Perguntando,2026-03-24 08:26:13,2026-03-24 08:26:42,29.0,2026-03-24,simulated
Escola Estadual Criança Esperança,Geografia,Professor_Diego,1dd437c73ff9fac4d9f9c9c4ba29924a8d14d31aa348772e1944c31cacebce98,Thiago Campos,Dormindo,2026-03-24 08:26:48,2026-03-24 08:29:10,142.0,2026-03-24,simulated
Escola Estadual Criança Esperança,Geografia,Professor_Diego,1dd437c73ff9fac4d9f9c9c4ba29924a8d14d31aa348772e1944c31cacebce98,Thiago Campos,Atento,2026-03-24 08:29:18,2026-03-24 08:40:57,699.0,2026-03-24,simulated
Escola Estadual Criança Esperança,Geografia,Professor_Diego,1dd437c73ff9fac4d9f9c9c4ba29924a8d14d31aa348772e1944c31cacebce98,Thiago Campos,Agitado,2026-03-24 08:41:03,2026-03-24 08:41:54,51.0,2026-03-24,simulated
Escola Estadual Criança Esperança,Geografia,Professor_Diego,1dd437c73ff9fac4d9f9c9c4ba29924a8d14d31aa348772e1944c31cacebce98,Thiago Campos,Atento,2026-03-24 08:41:54,2026-03-24 08:51:46,592.0,2026-03-24,simulated
Escola Estadual Criança Esperança,Geografia,Professor_Diego,1dd437c73ff9fac4d9f9c9c4ba29924a8d14d31aa348772e1944c31cacebce98,Thiago Campos,Perguntando,2026-03-24 08:51:54,2026-03-24 08:52:06,12.0,2026-03-24,simulated
Escola Estadual Criança Esperança,Geografia,Professor_Diego,1dd437c73ff9fac4d9f9c9c4ba29924a8d14d31aa348772e1944c31cacebce98,Thiago Campos,Atento,2026-03-24 08:52:06,2026-03-24 08:59:29,443.0,2026-03-24,simulated
Escola Estadual Criança Esperança,Geografia,Professor_Diego,1dd437c73ff9fac4d9f9c9c4ba29924a8d14d31aa348772e1944c31cacebce98,Thiago Campos,Perguntando,2026-03-24 08:59:36,2026-03-24 09:00:16,40.0,2026-03-24,simulated
Escola Estadual Criança Esperança,Geografia,Professor_Diego,1dd437c73ff9fac4d9f9c9c4ba29924a8d14d31aa348772e1944c31cacebce98,Thiago Campos,Dormindo,2026-03-24 09:00:21,2026-03-24 09:01:33,72.0,2026-03-24,simulated
Escola Estadual Criança Esperança,Geografia,Professor_Diego,1dd437c73ff9fac4d9f9c9c4ba29924a8d14d31aa348772e1944c31cacebce98,Thiago Campos,Perguntando,2026-03-24 09:01:40,2026-03-24 09:01:50,10.0,2026-03-24,simulated
Escola Estadual Criança Esperança,Geografia,Professor_Diego,1dd437c73ff9fac4d9f9c9c4ba29924a8d14d31aa348772e1944c31cacebce98,Thiago Campos,Atento,2026-03-24 09:01:55,2026-03-24 09:13:11,676.0,2026-03-24,simulated
Escola Estadual Criança Esperança,Geografia,Professor_Diego,1dd437c73ff9fac4d9f9c9c4ba29924a8d14d31aa348772e1944c31cacebce98,Thiago Campos,Perguntando,2026-03-24 09:13:11,2026-03-24 09:13:47,36.0,2026-03-24,simulated
Escola Estadual Criança Esperança,Geografia,Professor_Diego,1dd437c73ff9fac4d9f9c9c4ba29924a8d14d31aa348772e1944c31cacebce98,Thiago Campos,Atento,2026-03-24 09:13:52,2026-03-24 09:21:54,482.0,2026-03-24,simulated
Escola Estadual Criança Esperança,Geografia,Professor_Diego,1dd437c73ff9fac4d9f9c9c4ba29924a8d14d31aa348772e1944c31cacebce98,Thiago Campos,Perguntando,2026-03-24 09:21:58,2026-03-24 09:22:12,14.0,2026-03-24,simulated
Escola Estadual Criança Esperança,Geografia,Professor_Diego,1dd437c73ff9fac4d9f9c9c4ba29924a8d14d31aa348772e1944c31cacebce98,Thiago Campos,Agitado,2026-03-24 09:22:12,2026-03-24 09:22:43,31.0,2026-03-24,simulated
Escola Estadual Criança Esperança,Geografia,Professor_Diego,1dd437c73ff9fac4d9f9c9c4ba29924a8d14d31aa348772e1944c31cacebce98,Thiago Campos,Atento,2026-03-24 09:22:48,2026-03-24 09:31:31,523.0,2026-03-24,simulated
Escola Estadual Criança Esperança,Geografia,Professor_Diego,1dd437c73ff9fac4d9f9c9c4ba29924a8d14d31aa348772e1944c31cacebce98,Thiago Campos,Perguntando,2026-03-24 09:31:34,2026-03-24 09:32:09,35.0,2026-03-24,simulated
Escola Estadual Criança Esperança,Geografia,Professor_Diego,1dd437c73ff9fac4d9f9c9c4ba29924a8d14d31aa348772e1944c31cacebce98,Thiago Campos,Atento,2026-03-24 09:32:15,2026-03-24 09:41:40,565.0,2026-03-24,simulated
Escola Estadual Criança Esperança,Geografia,Professor_Diego,1dd437c73ff9fac4d9f9c9c4ba29924a8d14d31aa348772e1944c31cacebce98,Thiago Campos,Agitado,2026-03-24 09:41:46,2026-03-24 09:42:46,60.0,2026-03-24,simulated
Escola Estadual Criança Esperança,Geografia,Professor_Diego,1dd437c73ff9fac4d9f9c9c4ba29924a8d14d31aa348772e1944c31cacebce98,Thiago Campos,Perguntando,2026-03-24 09:42:54,2026-03-24 09:43:26,32.0,2026-03-24,simulated
Escola Estadual Criança Esperança,Geografia,Professor_Diego,1dd437c73ff9fac4d9f9c9c4ba29924a8d14d31aa348772e1944c31cacebce98,Thiago Campos,Atento,2026-03-24 09:43:34,2026-03-24 09:51:39,485.0,2026-03-24,simulated
Escola Estadual Criança Esperança,Geografia,Professor_Diego,1dd437c73ff9fac4d9f9c9c4ba29924a8d14d31aa348772e1944c31cacebce98,Thiago Campos,Perguntando,2026-03-24 09:51:46,2026-03-24 09:52:18,32.0,2026-03-24,simulated
Escola Estadual Criança Esperança,Geografia,Professor_Diego,1dd437c73ff9fac4d9f9c9c4ba29924a8d14d31aa348772e1944c31cacebce98,Thiago Campos,Atento,2026-03-24 09:52:24,2026-03-24 10:00:03,459.0,2026-03-24,simulated
Escola Estadual Criança Esperança,Geografia,Professor_Diego,1dd437c73ff9fac4d9f9c9c4ba29924a8d14d31aa348772e1944c31cacebce98,Thiago Campos,Perguntando,2026-03-24 10:00:03,2026-03-24 10:00:15,12.0,2026-03-24,simulated
Escola Estadual Criança Esperança,Geografia,Professor_Diego,1dd437c73ff9fac4d9f9c9c4ba29924a8d14d31aa348772e1944c31cacebce98,Thiago Campos,Atento,2026-03-24 10:00:21,2026-03-24 10:06:40,379.0,2026-03-24,simulated
Escola Estadual Criança Esperança,Geografia,Professor_Diego,1dd437c73ff9fac4d9f9c9c4ba29924a8d14d31aa348772e1944c31cacebce98,Thiago Campos,Perguntando,2026-03-24 10:06:44,2026-03-24 10:07:12,28.0,2026-03-24,simulated
Escola Estadual Criança Esperança,Geografia,Professor_Diego,1dd437c73ff9fac4d9f9c9c4ba29924a8d14d31aa348772e1944c31cacebce98,Thiago Campos,Distraido,2026-03-24 10:07:12,2026-03-24 10:07:57,45.0,2026-03-24,simulated
Escola Estadual Criança Esperança,Geografia,Professor_Diego,1dd437c73ff9fac4d9f9c9c4ba29924a8d14d31aa348772e1944c31cacebce98,Thiago Campos,Atento,2026-03-24 10:08:01,2026-03-24 10:17:53,592.0,2026-03-24,simulated
Escola Estadual Criança Esperança,Geografia,Professor_Diego,1dd437c73ff9fac4d9f9c9c4ba29924a8d14d31aa348772e1944c31cacebce98,Thiago Campos,Dormindo,2026-03-24 10:17:56,2026-03-24 10:19:33,97.0,2026-03-24,simulated
Escola Estadual Criança Esperança,Geografia,Professor_Diego,1dd437c73ff9fac4d9f9c9c4ba29924a8d14d31aa348772e1944c31cacebce98,Thiago Campos,Atento,2026-03-24 10:19:37,2026-03-24 10:31:05,688.0,2026-03-24,simulated
Escola Estadual Criança Esperança,Geografia,Professor_Diego,1dd437c73ff9fac4d9f9c9c4ba29924a8d14d31aa348772e1944c31cacebce98,Thiago Campos,Perguntando,2026-03-24 10:31:11,2026-03-24 10:31:31,20.0,2026-03-24,simulated
Escola Estadual Criança Esperança,Geografia,Professor_Diego,1dd437c73ff9fac4d9f9c9c4ba29924a8d14d31aa348772e1944c31cacebce98,Thiago Campos,Atento,2026-03-24 10:31:33,2026-03-24 10:43:21,708.0,2026-03-24,simulated
Escola Estadual Criança Esperança,Geografia,Professor_Diego,1dd437c73ff9fac4d9f9c9c4ba29924a8d14d31aa348772e1944c31cacebce98,Thiago Campos,Perguntando,2026-03-24 10:43:24,2026-03-24 10:43:53,29.0,2026-03-24,simulated
Escola Estadual Criança Esperança,Geografia,Professor_Diego,1dd437c73ff9fac4d9f9c9c4ba29924a8d14d31aa348772e1944c31cacebce98,Thiago Campos,Agitado,2026-03-24 10:43:58,2026-03-24 10:44:19,21.0,2026-03-24,simulated
Escola Estadual Criança Esperança,Geografia,Professor_Diego,1dd437c73ff9fac4d9f9c9c4ba29924a8d14d31aa348772e1944c31cacebce98,Thiago Campos,Perguntando,2026-03-24 10:44:23,2026-03-24 10:44:57,34.0,2026-03-24,simulated
Escola Estadual Criança Esperança,Geografia,Professor_Diego,1dd437c73ff9fac4d9f9c9c4ba29924a8d14d31aa348772e1944c31cacebce98,Thiago Campos,Distraido,2026-03-24 10:45:00,2026-03-24 10:46:37,97.0,2026-03-24,simulated
Escola Estadual Criança Esperança,Geografia,Professor_Diego,1dd437c73ff9fac4d9f9c9c4ba29924a8d14d31aa348772e1944c31cacebce98,Thiago Campos,Atento,2026-03-24 10:46:39,2026-03-24 10:54:27,468.0,2026-03-24,simulated
Escola Estadual Criança Esperança,Geografia,Professor_Diego,1dd437c73ff9fac4d9f9c9c4ba29924a8d14d31aa348772e1944c31cacebce98,Thiago Campos,Agitado,2026-03-24 10:54:33,2026-03-24 10:55:36,63.0,2026-03-24,simulated
Escola Estadual Criança Esperança,Geografia,Professor_Diego,1dd437c73ff9fac4d9f9c9c4ba29924a8d14d31aa348772e1944c31cacebce98,Thiago Campos,Perguntando,2026-03-24 10:55:40,2026-03-24 10:56:00,20.0,2026-03-24,simulated
Escola Estadual Criança Esperança,Geografia,Professor_Diego,1dd437c73ff9fac4d9f9c9c4ba29924a8d14d31aa348772e1944c31cacebce98,Thiago Campos,Distraido,2026-03-24 10:56:06,2026-03-24 10:58:29,143.0,2026-03-24,simulated
Escola Estadual Criança Esperança,Geografia,Professor_Diego,1dd437c73ff9fac4d9f9c9c4ba29924a8d14d31aa348772e1944c31cacebce98,Thiago Campos,Perguntando,2026-03-24 10:58:31,2026-03-24 10:58:43,12.0,2026-03-24,simulated
Escola Estadual Criança Esperança,Geografia,Professor_Diego,1dd437c73ff9fac4d9f9c9c4ba29924a8d14d31aa348772e1944c31cacebce98,Thiago Campos,Atento,2026-03-24 10:58:49,2026-03-24 11:06:52,483.0,2026-03-24,simulated
Escola Estadual Criança Esperança,Geografia,Professor_Diego,1dd437c73ff9fac4d9f9c9c4ba29924a8d14d31aa348772e1944c31cacebce98,Thiago Campos,Perguntando,2026-03-24 11:06:54,2026-03-24 11:07:16,22.0,2026-03-24,simulated
Escola Estadual Criança Esperança,Geografia,Professor_Diego,1dd437c73ff9fac4d9f9c9c4ba29924a8d14d31aa348772e1944c31cacebce98,Thiago Campos,Atento,2026-03-24 11:07:17,2026-03-24 11:17:16,599.0,2026-03-24,simulated
Escola Estadual Criança Esperança,Geografia,Professor_Diego,1dd437c73ff9fac4d9f9c9c4ba29924a8d14d31aa348772e1944c31cacebce98,Thiago Campos,Agitado,2026-03-24 11:17:16,2026-03-24 11:18:00,44.0,2026-03-24,simulated
Escola Estadual Criança Esperança,Geografia,Professor_Diego,1dd437c73ff9fac4d9f9c9c4ba29924a8d14d31aa348772e1944c31cacebce98,Thiago Campos,Perguntando,2026-03-24 11:18:07,2026-03-24 11:18:34,27.0,2026-03-24,simulated
Escola Estadual Criança Esperança,Geografia,Professor_Diego,1dd437c73ff9fac4d9f9c9c4ba29924a8d14d31aa348772e1944c31cacebce98,Thiago Campos,Distraido,2026-03-24 11:18:35,2026-03-24 11:20:23,108.0,2026-03-24,simulated
Escola Estadual Criança Esperança,Geografia,Professor_Diego,1dd437c73ff9fac4d9f9c9c4ba29924a8d14d31aa348772e1944c31cacebce98,Thiago Campos,Perguntando,2026-03-24 11:20:24,2026-03-24 11:21:03,39.0,2026-03-24,simulated
Escola Estadual Criança Esperança,Geografia,Professor_Diego,1dd437c73ff9fac4d9f9c9c4ba29924a8d14d31aa348772e1944c31cacebce98,Thiago Campos,Atento,2026-03-24 11:21:05,2026-03-24 11:28:26,441.0,2026-03-24,simulated
Escola Estadual Criança Esperança,Geografia,Professor_Diego,1dd437c73ff9fac4d9f9c9c4ba29924a8d14d31aa348772e1944c31cacebce98,Thiago Campos,Dormindo,2026-03-24 11:28:34,2026-03-24 11:32:39,245.0,2026-03-24,simulated
Escola Estadual Criança Esperança,Geografia,Professor_Diego,1dd437c73ff9fac4d9f9c9c4ba29924a8d14d31aa348772e1944c31cacebce98,Thiago Campos,Atento,2026-03-24 11:32:40,2026-03-24 11:40:35,475.0,2026-03-24,simulated
Escola Estadual Criança Esperança,Geografia,Professor_Diego,1dd437c73ff9fac4d9f9c9c4ba29924a8d14d31aa348772e1944c31cacebce98,Thiago Campos,Perguntando,2026-03-24 11:40:41,2026-03-24 11:41:00,19.0,2026-03-24,simulated
Escola Estadual Criança Esperança,Geografia,Professor_Diego,1dd437c73ff9fac4d9f9c9c4ba29924a8d14d31aa348772e1944c31cacebce98,Thiago Campos,Agitado,2026-03-24 11:41:04,2026-03-24 11:41:25,21.0,2026-03-24,simulated
Escola Estadual Criança Esperança,Geografia,Professor_Diego,1dd437c73ff9fac4d9f9c9c4ba29924a8d14d31aa348772e1944c31cacebce98,Thiago Campos,Atento,2026-03-24 11:41:30,2026-03-24 11:46:59,329.0,2026-03-24,simulated
Escola Estadual Criança Esperança,Geografia,Professor_Diego,1dd437c73ff9fac4d9f9c9c4ba29924a8d14d31aa348772e1944c31cacebce98,Thiago Campos,Distraido,2026-03-24 11:47:04,2026-03-24 11:49:43,159.0,2026-03-24,simulated
Escola Estadual Criança Esperança,Geografia,Professor_Diego,1dd437c73ff9fac4d9f9c9c4ba29924a8d14d31aa348772e1944c31cacebce98,Thiago Campos,Perguntando,2026-03-24 11:49:50,2026-03-24 11:50:00,10.0,2026-03-24,simulated
Escola Estadual Criança Esperança,Geografia,Professor_Diego,a281db1412a68e509731fb8e1e72fe47c8ea3e7c367d7d10cbb968feff7ac523,Paula Kamily,Atento,2026-03-24 08:12:00,2026-03-24 08:17:54,354.0,2026-03-24,simulated
Escola Estadual Criança Esperança,Geografia,Professor_Diego,a281db1412a68e509731fb8e1e72fe47c8ea3e7c367d7d10cbb968feff7ac523,Paula Kamily,Dormindo,2026-03-24 08:17:54,2026-03-24 08:19:17,83.0,2026-03-24,simulated
Escola Estadual Criança Esperança,Geografia,Professor_Diego,a281db1412a68e509731fb8e1e72fe47c8ea3e7c367d7d10cbb968feff7ac523,Paula Kamily,Distraido,2026-03-24 08:19:17,2026-03-24 08:20:06,49.0,2026-03-24,simulated
Escola Estadual Criança Esperança,Geografia,Professor_Diego,a281db1412a68e509731fb8e1e72fe47c8ea3e7c367d7d10cbb968feff7ac523,Paula Kamily,Atento,2026-03-24 08:20:10,2026-03-24 08:31:05,655.0,2026-03-24,simulated
Escola Estadual Criança Esperança,Geografia,Professor_Diego,a281db1412a68e509731fb8e1e72fe47c8ea3e7c367d7d10cbb968feff7ac523,Paula Kamily,Distraido,2026-03-24 08:31:11,2026-03-24 08:32:42,91.0,2026-03-24,simulated
Escola Estadual Criança Esperança,Geografia,Professor_Diego,a281db1412a68e509731fb8e1e72fe47c8ea3e7c367d7d10cbb968feff7ac523,Paula Kamily,Perguntando,2026-03-24 08:32:43,2026-03-24 08:33:15,32.0,2026-03-24,simulated
Escola Estadual Criança Esperança,Geografia,Professor_Diego,a281db1412a68e509731fb8e1e72fe47c8ea3e7c367d7d10cbb968feff7ac523,Paula Kamily,Atento,2026-03-24 08:33:17,2026-03-24 08:40:49,452.0,2026-03-24,simulated
Escola Estadual Criança Esperança,Geografia,Professor_Diego,a281db1412a68e509731fb8e1e72fe47c8ea3e7c367d7d10cbb968feff7ac523,Paula Kamily,Agitado,2026-03-24 08:40:50,2026-03-24 08:42:02,72.0,2026-03-24,simulated
Escola Estadual Criança Esperança,Geografia,Professor_Diego,a281db1412a68e509731fb8e1e72fe47c8ea3e7c367d7d10cbb968feff7ac523,Paula Kamily,Atento,2026-03-24 08:42:09,2026-03-24 08:47:33,324.0,2026-03-24,simulated
Escola Estadual Criança Esperança,Geografia,Professor_Diego,a281db1412a68e509731fb8e1e72fe47c8ea3e7c367d7d10cbb968feff7ac523,Paula Kamily,Perguntando,2026-03-24 08:47:37,2026-03-24 08:47:47,10.0,2026-03-24,simulated
Escola Estadual Criança Esperança,Geografia,Professor_Diego,a281db1412a68e509731fb8e1e72fe47c8ea3e7c367d7d10cbb968feff7ac523,Paula Kamily,Agitado,2026-03-24 08:47:51,2026-03-24 08:49:15,84.0,2026-03-24,simulated
Escola Estadual Criança Esperança,Geografia,Professor_Diego,a281db1412a68e509731fb8e1e72fe47c8ea3e7c367d7d10cbb968feff7ac523,Paula Kamily,Distraido,2026-03-24 08:49:15,2026-03-24 08:51:04,109.0,2026-03-24,simulated
Escola Estadual Criança Esperança,Geografia,Professor_Diego,a281db1412a68e509731fb8e1e72fe47c8ea3e7c367d7d10cbb968feff7ac523,Paula Kamily,Agitado,2026-03-24 08:51:06,2026-03-24 08:52:23,77.0,2026-03-24,simulated
Escola Estadual Criança Esperança,Geografia,Professor_Diego,a281db1412a68e509731fb8e1e72fe47c8ea3e7c367d7d10cbb968feff7ac523,Paula Kamily,Atento,2026-03-24 08:52:26,2026-03-24 09:01:44,558.0,2026-03-24,simulated
Escola Estadual Criança Esperança,Geografia,Professor_Diego,a281db1412a68e509731fb8e1e72fe47c8ea3e7c367d7d10cbb968feff7ac523,Paula Kamily,Agitado,2026-03-24 09:01:49,2026-03-24 09:02:50,61.0,2026-03-24,simulated
Escola Estadual Criança Esperança,Geografia,Professor_Diego,a281db1412a68e509731fb8e1e72fe47c8ea3e7c367d7d10cbb968feff7ac523,Paula Kamily,Dormindo,2026-03-24 09:02:55,2026-03-24 09:04:15,80.0,2026-03-24,simulated
Escola Estadual Criança Esperança,Geografia,Professor_Diego,a281db1412a68e509731fb8e1e72fe47c8ea3e7c367d7d10cbb968feff7ac523,Paula Kamily,Distraido,2026-03-24 09:04:15,2026-03-24 09:06:36,141.0,2026-03-24,simulated
Escola Estadual Criança Esperança,Geografia,Professor_Diego,a281db1412a68e509731fb8e1e72fe47c8ea3e7c367d7d10cbb968feff7ac523,Paula Kamily,Atento,2026-03-24 09:06:41,2026-03-24 09:15:34,533.0,2026-03-24,simulated
Escola Estadual Criança Esperança,Geografia,Professor_Diego,a281db1412a68e509731fb8e1e72fe47c8ea3e7c367d7d10cbb968feff7ac523,Paula Kamily,Distraido,2026-03-24 09:15:41,2026-03-24 09:16:54,73.0,2026-03-24,simulated
Escola Estadual Criança Esperança,Geografia,Professor_Diego,a281db1412a68e509731fb8e1e72fe47c8ea3e7c367d7d10cbb968feff7ac523,Paula Kamily,Atento,2026-03-24 09:17:00,2026-03-24 09:26:43,583.0,2026-03-24,simulated
Escola Estadual Criança Esperança,Geografia,Professor_Diego,a281db1412a68e509731fb8e1e72fe47c8ea3e7c367d7d10cbb968feff7ac523,Paula Kamily,Agitado,2026-03-24 09:26:44,2026-03-24 09:27:55,71.0,2026-03-24,simulated
Escola Estadual Criança Esperança,Geografia,Professor_Diego,a281db1412a68e509731fb8e1e72fe47c8ea3e7c367d7d10cbb968feff7ac523,Paula Kamily,Atento,2026-03-24 09:27:58,2026-03-24 09:37:52,594.0,2026-03-24,simulated
Escola Estadual Criança Esperança,Geografia,Professor_Diego,a281db1412a68e509731fb8e1e72fe47c8ea3e7c367d7d10cbb968feff7ac523,Paula Kamily,Dormindo,2026-03-24 09:37:56,2026-03-24 09:40:18,142.0,2026-03-24,simulated
Escola Estadual Criança Esperança,Geografia,Professor_Diego,a281db1412a68e509731fb8e1e72fe47c8ea3e7c367d7d10cbb968feff7ac523,Paula Kamily,Perguntando,2026-03-24 09:40:20,2026-03-24 09:40:56,36.0,2026-03-24,simulated
Escola Estadual Criança Esperança,Geografia,Professor_Diego,a281db1412a68e509731fb8e1e72fe47c8ea3e7c367d7d10cbb968feff7ac523,Paula Kamily,Agitado,2026-03-24 09:41:01,2026-03-24 09:41:56,55.0,2026-03-24,simulated
Escola Estadual Criança Esperança,Geografia,Professor_Diego,a281db1412a68e509731fb8e1e72fe47c8ea3e7c367d7d10cbb968feff7ac523,Paula Kamily,Distraido,2026-03-24 09:41:57,2026-03-24 09:44:49,172.0,2026-03-24,simulated
Escola Estadual Criança Esperança,Geografia,Professor_Diego,a281db1412a68e509731fb8e1e72fe47c8ea3e7c367d7d10cbb968feff7ac523,Paula Kamily,Atento,2026-03-24 09:44:55,2026-03-24 09:53:22,507.0,2026-03-24,simulated
Escola Estadual Criança Esperança,Geografia,Professor_Diego,a281db1412a68e509731fb8e1e72fe47c8ea3e7c367d7d10cbb968feff7ac523,Paula Kamily,Distraido,2026-03-24 09:53:28,2026-03-24 09:55:06,98.0,2026-03-24,simulated
Escola Estadual Criança Esperança,Geografia,Professor_Diego,a281db1412a68e509731fb8e1e72fe47c8ea3e7c367d7d10cbb968feff7ac523,Paula Kamily,Dormindo,2026-03-24 09:55:09,2026-03-24 09:58:18,189.0,2026-03-24,simulated
Escola Estadual Criança Esperança,Geografia,Professor_Diego,a281db1412a68e509731fb8e1e72fe47c8ea3e7c367d7d10cbb968feff7ac523,Paula Kamily,Distraido,2026-03-24 09:58:18,2026-03-24 10:00:02,104.0,2026-03-24,simulated
Escola Estadual Criança Esperança,Geografia,Professor_Diego,a281db1412a68e509731fb8e1e72fe47c8ea3e7c367d7d10cbb968feff7ac523,Paula Kamily,Atento,2026-03-24 10:00:03,2026-03-24 10:05:15,312.0,2026-03-24,simulated
Escola Estadual Criança Esperança,Geografia,Professor_Diego,a281db1412a68e509731fb8e1e72fe47c8ea3e7c367d7d10cbb968feff7ac523,Paula Kamily,Distraido,2026-03-24 10:05:19,2026-03-24 10:07:05,106.0,2026-03-24,simulated
Escola Estadual Criança Esperança,Geografia,Professor_Diego,a281db1412a68e509731fb8e1e72fe47c8ea3e7c367d7d10cbb968feff7ac523,Paula Kamily,Atento,2026-03-24 10:07:07,2026-03-24 10:18:29,682.0,2026-03-24,simulated
Escola Estadual Criança Esperança,Geografia,Professor_Diego,a281db1412a68e509731fb8e1e72fe47c8ea3e7c367d7d10cbb968feff7ac523,Paula Kamily,Distraido,2026-03-24 10:18:31,2026-03-24 10:19:40,69.0,2026-03-24,simulated
Escola Estadual Criança Esperança,Geografia,Professor_Diego,a281db1412a68e509731fb8e1e72fe47c8ea3e7c367d7d10cbb968feff7ac523,Paula Kamily,Atento,2026-03-24 10:19:47,2026-03-24 10:30:26,639.0,2026-03-24,simulated
Escola Estadual Criança Esperança,Geografia,Professor_Diego,a281db1412a68e509731fb8e1e72fe47c8ea3e7c367d7d10cbb968feff7ac523,Paula Kamily,Distraido,2026-03-24 10:30:32,2026-03-24 10:32:59,147.0,2026-03-24,simulated
Escola Estadual Criança Esperança,Geografia,Professor_Diego,a281db1412a68e509731fb8e1e72fe47c8ea3e7c367d7d10cbb968feff7ac523,Paula Kamily,Perguntando,2026-03-24 10:33:05,2026-03-24 10:33:38,33.0,2026-03-24,simulated
Escola Estadual Criança Esperança,Geografia,Professor_Diego,a281db1412a68e509731fb8e1e72fe47c8ea3e7c367d7d10cbb968feff7ac523,Paula Kamily,Agitado,2026-03-24 10:33:39,2026-03-24 10:33:59,20.0,2026-03-24,simulated
Escola Estadual Criança Esperança,Geografia,Professor_Diego,a281db1412a68e509731fb8e1e72fe47c8ea3e7c367d7d10cbb968feff7ac523,Paula Kamily,Distraido,2026-03-24 10:34:00,2026-03-24 10:35:27,87.0,2026-03-24,simulated
Escola Estadual Criança Esperança,Geografia,Professor_Diego,a281db1412a68e509731fb8e1e72fe47c8ea3e7c367d7d10cbb968feff7ac523,Paula Kamily,Atento,2026-03-24 10:35:30,2026-03-24 10:43:52,502.0,2026-03-24,simulated
Escola Estadual Criança Esperança,Geografia,Professor_Diego,a281db1412a68e509731fb8e1e72fe47c8ea3e7c367d7d10cbb968feff7ac523,Paula Kamily,Distraido,2026-03-24 10:43:56,2026-03-24 10:45:19,83.0,2026-03-24,simulated
Escola Estadual Criança Esperança,Geografia,Professor_Diego,a281db1412a68e509731fb8e1e72fe47c8ea3e7c367d7d10cbb968feff7ac523,Paula Kamily,Perguntando,2026-03-24 10:45:21,2026-03-24 10:45:56,35.0,2026-03-24,simulated
Escola Estadual Criança Esperança,Geografia,Professor_Diego,a281db1412a68e509731fb8e1e72fe47c8ea3e7c367d7d10cbb968feff7ac523,Paula Kamily,Distraido,2026-03-24 10:46:01,2026-03-24 10:47:24,83.0,2026-03-24,simulated
Escola Estadual Criança Esperança,Geografia,Professor_Diego,a281db1412a68e509731fb8e1e72fe47c8ea3e7c367d7d10cbb968feff7ac523,Paula Kamily,Atento,2026-03-24 10:47:26,2026-03-24 10:57:57,631.0,2026-03-24,simulated
Escola Estadual Criança Esperança,Geografia,Professor_Diego,a281db1412a68e509731fb8e1e72fe47c8ea3e7c367d7d10cbb968feff7ac523,Paula Kamily,Distraido,2026-03-24 10:58:00,2026-03-24 11:00:58,178.0,2026-03-24,simulated
Escola Estadual Criança Esperança,Geografia,Professor_Diego,a281db1412a68e509731fb8e1e72fe47c8ea3e7c367d7d10cbb968feff7ac523,Paula Kamily,Atento,2026-03-24 11:00:59,2026-03-24 11:06:31,332.0,2026-03-24,simulated
Escola Estadual Criança Esperança,Geografia,Professor_Diego,a281db1412a68e509731fb8e1e72fe47c8ea3e7c367d7d10cbb968feff7ac523,Paula Kamily,Distraido,2026-03-24 11:06:33,2026-03-24 11:09:16,163.0,2026-03-24,simulated
Escola Estadual Criança Esperança,Geografia,Professor_Diego,a281db1412a68e509731fb8e1e72fe47c8ea3e7c367d7d10cbb968feff7ac523,Paula Kamily,Agitado,2026-03-24 11:09:24,2026-03-24 11:10:12,48.0,2026-03-24,simulated
Escola Estadual Criança Esperança,Geografia,Professor_Diego,a281db1412a68e509731fb8e1e72fe47c8ea3e7c367d7d10cbb968feff7ac523,Paula Kamily,Perguntando,2026-03-24 11:10:16,2026-03-24 11:10:39,23.0,2026-03-24,simulated
Escola Estadual Criança Esperança,Geografia,Professor_Diego,a281db1412a68e509731fb8e1e72fe47c8ea3e7c367d7d10cbb968feff7ac523,Paula Kamily,Dormindo,2026-03-24 11:10:44,2026-03-24 11:12:18,94.0,2026-03-24,simulated
Escola Estadual Criança Esperança,Geografia,Professor_Diego,a281db1412a68e509731fb8e1e72fe47c8ea3e7c367d7d10cbb968feff7ac523,Paula Kamily,Atento,2026-03-24 11:12:21,2026-03-24 11:20:15,474.0,2026-03-24,simulated
Escola Estadual Criança Esperança,Geografia,Professor_Diego,a281db1412a68e509731fb8e1e72fe47c8ea3e7c367d7d10cbb968feff7ac523,Paula Kamily,Agitado,2026-03-24 11:20:23,2026-03-24 11:21:28,65.0,2026-03-24,simulated
Escola Estadual Criança Esperança,Geografia,Professor_Diego,a281db1412a68e509731fb8e1e72fe47c8ea3e7c367d7d10cbb968feff7ac523,Paula Kamily,Distraido,2026-03-24 11:21:28,2026-03-24 11:24:06,158.0,2026-03-24,simulated
Escola Estadual Criança Esperança,Geografia,Professor_Diego,a281db1412a68e509731fb8e1e72fe47c8ea3e7c367d7d10cbb968feff7ac523,Paula Kamily,Atento,2026-03-24 11:24:08,2026-03-24 11:30:23,375.0,2026-03-24,simulated
Escola Estadual Criança Esperança,Geografia,Professor_Diego,a281db1412a68e509731fb8e1e72fe47c8ea3e7c367d7d10cbb968feff7ac523,Paula Kamily,Distraido,2026-03-24 11:30:28,2026-03-24 11:32:36,128.0,2026-03-24,simulated
Escola Estadual Criança Esperança,Geografia,Professor_Diego,a281db1412a68e509731fb8e1e72fe47c8ea3e7c367d7d10cbb968feff7ac523,Paula Kamily,Atento,2026-03-24 11:32:38,2026-03-24 11:40:04,446.0,2026-03-24,simulated
Escola Estadual Criança Esperança,Geografia,Professor_Diego,a281db1412a68e509731fb8e1e72fe47c8ea3e7c367d7d10cbb968feff7ac523,Paula Kamily,Dormindo,2026-03-24 11:40:09,2026-03-24 11:42:06,117.0,2026-03-24,simulated
Escola Estadual Criança Esperança,Geografia,Professor_Diego,a281db1412a68e509731fb8e1e72fe47c8ea3e7c367d7d10cbb968feff7ac523,Paula Kamily,Distraido,2026-03-24 11:42:11,2026-03-24 11:43:02,51.0,2026-03-24,simulated
Escola Estadual Criança Esperança,Geografia,Professor_Diego,a281db1412a68e509731fb8e1e72fe47c8ea3e7c367d7d10cbb968feff7ac523,Paula Kamily,Dormindo,2026-03-24 11:43:06,2026-03-24 11:44:14,68.0,2026-03-24,simulated
Escola Estadual Criança Esperança,Geografia,Professor_Diego,a281db1412a68e509731fb8e1e72fe47c8ea3e7c367d7d10cbb968feff7ac523,Paula Kamily,Distraido,2026-03-24 11:44:18,2026-03-24 11:46:43,145.0,2026-03-24,simulated
Escola Estadual Criança Esperança,Geografia,Professor_Diego,a281db1412a68e509731fb8e1e72fe47c8ea3e7c367d7d10cbb968feff7ac523,Paula Kamily,Atento,2026-03-24 11:46:46,2026-03-24 11:52:00,314.0,2026-03-24,simulated
Escola Estadual Criança Esperança,Geografia,Professor_Diego,536dcd4eafc272cd6777ad15a7b067f4240b6b682361c6460b64398069ec87ac,Maria Eduarda,Dormindo,2026-03-24 08:14:00,2026-03-24 08:18:40,280.0,2026-03-24,simulated
Escola Estadual Criança Esperança,Geografia,Professor_Diego,536dcd4eafc272cd6777ad15a7b067f4240b6b682361c6460b64398069ec87ac,Maria Eduarda,Atento,2026-03-24 08:18:42,2026-03-24 08:27:47,545.0,2026-03-24,simulated
Escola Estadual Criança Esperança,Geografia,Professor_Diego,536dcd4eafc272cd6777ad15a7b067f4240b6b682361c6460b64398069ec87ac,Maria Eduarda,Distraido,2026-03-24 08:27:50,2026-03-24 08:29:29,99.0,2026-03-24,simulated
Escola Estadual Criança Esperança,Geografia,Professor_Diego,536dcd4eafc272cd6777ad15a7b067f4240b6b682361c6460b64398069ec87ac,Maria Eduarda,Atento,2026-03-24 08:29:29,2026-03-24 08:40:09,640.0,2026-03-24,simulated
Escola Estadual Criança Esperança,Geografia,Professor_Diego,536dcd4eafc272cd6777ad15a7b067f4240b6b682361c6460b64398069ec87ac,Maria Eduarda,Dormindo,2026-03-24 08:40:15,2026-03-24 08:44:10,235.0,2026-03-24,simulated
Escola Estadual Criança Esperança,Geografia,Professor_Diego,536dcd4eafc272cd6777ad15a7b067f4240b6b682361c6460b64398069ec87ac,Maria Eduarda,Atento,2026-03-24 08:44:14,2026-03-24 08:53:10,536.0,2026-03-24,simulated
Escola Estadual Criança Esperança,Geografia,Professor_Diego,536dcd4eafc272cd6777ad15a7b067f4240b6b682361c6460b64398069ec87ac,Maria Eduarda,Distraido,2026-03-24 08:53:18,2026-03-24 08:55:45,147.0,2026-03-24,simulated
Escola Estadual Criança Esperança,Geografia,Professor_Diego,536dcd4eafc272cd6777ad15a7b067f4240b6b682361c6460b64398069ec87ac,Maria Eduarda,Atento,2026-03-24 08:55:53,2026-03-24 09:03:42,469.0,2026-03-24,simulated
Escola Estadual Criança Esperança,Geografia,Professor_Diego,536dcd4eafc272cd6777ad15a7b067f4240b6b682361c6460b64398069ec87ac,Maria Eduarda,Agitado,2026-03-24 09:03:42,2026-03-24 09:04:58,76.0,2026-03-24,simulated
Escola Estadual Criança Esperança,Geografia,Professor_Diego,536dcd4eafc272cd6777ad15a7b067f4240b6b682361c6460b64398069ec87ac,Maria Eduarda,Distraido,2026-03-24 09:05:05,2026-03-24 09:06:44,99.0,2026-03-24,simulated
Escola Estadual Criança Esperança,Geografia,Professor_Diego,536dcd4eafc272cd6777ad15a7b067f4240b6b682361c6460b64398069ec87ac,Maria Eduarda,Agitado,2026-03-24 09:06:44,2026-03-24 09:07:58,74.0,2026-03-24,simulated
Escola Estadual Criança Esperança,Geografia,Professor_Diego,536dcd4eafc272cd6777ad15a7b067f4240b6b682361c6460b64398069ec87ac,Maria Eduarda,Dormindo,2026-03-24 09:08:06,2026-03-24 09:09:35,89.0,2026-03-24,simulated
Escola Estadual Criança Esperança,Geografia,Professor_Diego,536dcd4eafc272cd6777ad15a7b067f4240b6b682361c6460b64398069ec87ac,Maria Eduarda,Atento,2026-03-24 09:09:43,2026-03-24 09:21:06,683.0,2026-03-24,simulated
Escola Estadual Criança Esperança,Geografia,Professor_Diego,536dcd4eafc272cd6777ad15a7b067f4240b6b682361c6460b64398069ec87ac,Maria Eduarda,Distraido,2026-03-24 09:21:09,2026-03-24 09:23:40,151.0,2026-03-24,simulated
Escola Estadual Criança Esperança,Geografia,Professor_Diego,536dcd4eafc272cd6777ad15a7b067f4240b6b682361c6460b64398069ec87ac,Maria Eduarda,Agitado,2026-03-24 09:23:41,2026-03-24 09:24:56,75.0,2026-03-24,simulated
Escola Estadual Criança Esperança,Geografia,Professor_Diego,536dcd4eafc272cd6777ad15a7b067f4240b6b682361c6460b64398069ec87ac,Maria Eduarda,Atento,2026-03-24 09:24:56,2026-03-24 09:31:35,399.0,2026-03-24,simulated
Escola Estadual Criança Esperança,Geografia,Professor_Diego,536dcd4eafc272cd6777ad15a7b067f4240b6b682361c6460b64398069ec87ac,Maria Eduarda,Dormindo,2026-03-24 09:31:39,2026-03-24 09:34:12,153.0,2026-03-24,simulated
Escola Estadual Criança Esperança,Geografia,Professor_Diego,536dcd4eafc272cd6777ad15a7b067f4240b6b682361c6460b64398069ec87ac,Maria Eduarda,Distraido,2026-03-24 09:34:19,2026-03-24 09:37:13,174.0,2026-03-24,simulated
Escola Estadual Criança Esperança,Geografia,Professor_Diego,536dcd4eafc272cd6777ad15a7b067f4240b6b682361c6460b64398069ec87ac,Maria Eduarda,Dormindo,2026-03-24 09:37:13,2026-03-24 09:41:30,257.0,2026-03-24,simulated
Escola Estadual Criança Esperança,Geografia,Professor_Diego,536dcd4eafc272cd6777ad15a7b067f4240b6b682361c6460b64398069ec87ac,Maria Eduarda,Atento,2026-03-24 09:41:31,2026-03-24 09:52:46,675.0,2026-03-24,simulated
Escola Estadual Criança Esperança,Geografia,Professor_Diego,536dcd4eafc272cd6777ad15a7b067f4240b6b682361c6460b64398069ec87ac,Maria Eduarda,Distraido,2026-03-24 09:52:48,2026-03-24 09:54:10,82.0,2026-03-24,simulated
Escola Estadual Criança Esperança,Geografia,Professor_Diego,536dcd4eafc272cd6777ad15a7b067f4240b6b682361c6460b64398069ec87ac,Maria Eduarda,Agitado,2026-03-24 09:54:15,2026-03-24 09:55:15,60.0,2026-03-24,simulated
Escola Estadual Criança Esperança,Geografia,Professor_Diego,536dcd4eafc272cd6777ad15a7b067f4240b6b682361c6460b64398069ec87ac,Maria Eduarda,Dormindo,2026-03-24 09:55:15,2026-03-24 09:58:47,212.0,2026-03-24,simulated
Escola Estadual Criança Esperança,Geografia,Professor_Diego,536dcd4eafc272cd6777ad15a7b067f4240b6b682361c6460b64398069ec87ac,Maria Eduarda,Atento,2026-03-24 09:58:50,2026-03-24 10:06:59,489.0,2026-03-24,simulated
Escola Estadual Criança Esperança,Geografia,Professor_Diego,536dcd4eafc272cd6777ad15a7b067f4240b6b682361c6460b64398069ec87ac,Maria Eduarda,Dormindo,2026-03-24 10:07:07,2026-03-24 10:10:39,212.0,2026-03-24,simulated
Escola Estadual Criança Esperança,Geografia,Professor_Diego,536dcd4eafc272cd6777ad15a7b067f4240b6b682361c6460b64398069ec87ac,Maria Eduarda,Perguntando,2026-03-24 10:10:46,2026-03-24 10:11:04,18.0,2026-03-24,simulated
Escola Estadual Criança Esperança,Geografia,Professor_Diego,536dcd4eafc272cd6777ad15a7b067f4240b6b682361c6460b64398069ec87ac,Maria Eduarda,Agitado,2026-03-24 10:11:08,2026-03-24 10:11:29,21.0,2026-03-24,simulated
Escola Estadual Criança Esperança,Geografia,Professor_Diego,536dcd4eafc272cd6777ad15a7b067f4240b6b682361c6460b64398069ec87ac,Maria Eduarda,Atento,2026-03-24 10:11:36,2026-03-24 10:21:02,566.0,2026-03-24,simulated
Escola Estadual Criança Esperança,Geografia,Professor_Diego,536dcd4eafc272cd6777ad15a7b067f4240b6b682361c6460b64398069ec87ac,Maria Eduarda,Distraido,2026-03-24 10:21:09,2026-03-24 10:23:10,121.0,2026-03-24,simulated
Escola Estadual Criança Esperança,Geografia,Professor_Diego,536dcd4eafc272cd6777ad15a7b067f4240b6b682361c6460b64398069ec87ac,Maria Eduarda,Dormindo,2026-03-24 10:23:11,2026-03-24 10:26:27,196.0,2026-03-24,simulated
Escola Estadual Criança Esperança,Geografia,Professor_Diego,536dcd4eafc272cd6777ad15a7b067f4240b6b682361c6460b64398069ec87ac,Maria Eduarda,Atento,2026-03-24 10:26:29,2026-03-24 10:34:38,489.0,2026-03-24,simulated
Escola Estadual Criança Esperança,Geografia,Professor_Diego,536dcd4eafc272cd6777ad15a7b067f4240b6b682361c6460b64398069ec87ac,Maria Eduarda,Dormindo,2026-03-24 10:34:41,2026-03-24 10:36:45,124.0,2026-03-24,simulated
Escola Estadual Criança Esperança,Geografia,Professor_Diego,536dcd4eafc272cd6777ad15a7b067f4240b6b682361c6460b64398069ec87ac,Maria Eduarda,Atento,2026-03-24 10:36:52,2026-03-24 10:44:27,455.0,2026-03-24,simulated
Escola Estadual Criança Esperança,Geografia,Professor_Diego,536dcd4eafc272cd6777ad15a7b067f4240b6b682361c6460b64398069ec87ac,Maria Eduarda,Dormindo,2026-03-24 10:44:30,2026-03-24 10:48:15,225.0,2026-03-24,simulated
Escola Estadual Criança Esperança,Geografia,Professor_Diego,536dcd4eafc272cd6777ad15a7b067f4240b6b682361c6460b64398069ec87ac,Maria Eduarda,Atento,2026-03-24 10:48:21,2026-03-24 10:54:39,378.0,2026-03-24,simulated
Escola Estadual Criança Esperança,Geografia,Professor_Diego,536dcd4eafc272cd6777ad15a7b067f4240b6b682361c6460b64398069ec87ac,Maria Eduarda,Agitado,2026-03-24 10:54:41,2026-03-24 10:55:21,40.0,2026-03-24,simulated
Escola Estadual Criança Esperança,Geografia,Professor_Diego,536dcd4eafc272cd6777ad15a7b067f4240b6b682361c6460b64398069ec87ac,Maria Eduarda,Atento,2026-03-24 10:55:22,2026-03-24 11:02:19,417.0,2026-03-24,simulated
Escola Estadual Criança Esperança,Geografia,Professor_Diego,536dcd4eafc272cd6777ad15a7b067f4240b6b682361c6460b64398069ec87ac,Maria Eduarda,Perguntando,2026-03-24 11:02:26,2026-03-24 11:02:53,27.0,2026-03-24,simulated
Escola Estadual Criança Esperança,Geografia,Professor_Diego,536dcd4eafc272cd6777ad15a7b067f4240b6b682361c6460b64398069ec87ac,Maria Eduarda,Dormindo,2026-03-24 11:02:59,2026-03-24 11:07:17,258.0,2026-03-24,simulated
Escola Estadual Criança Esperança,Geografia,Professor_Diego,536dcd4eafc272cd6777ad15a7b067f4240b6b682361c6460b64398069ec87ac,Maria Eduarda,Distraido,2026-03-24 11:07:21,2026-03-24 11:09:25,124.0,2026-03-24,simulated
Escola Estadual Criança Esperança,Geografia,Professor_Diego,536dcd4eafc272cd6777ad15a7b067f4240b6b682361c6460b64398069ec87ac,Maria Eduarda,Agitado,2026-03-24 11:09:25,2026-03-24 11:10:46,81.0,2026-03-24,simulated
Escola Estadual Criança Esperança,Geografia,Professor_Diego,536dcd4eafc272cd6777ad15a7b067f4240b6b682361c6460b64398069ec87ac,Maria Eduarda,Dormindo,2026-03-24 11:10:54,2026-03-24 11:13:41,167.0,2026-03-24,simulated
Escola Estadual Criança Esperança,Geografia,Professor_Diego,536dcd4eafc272cd6777ad15a7b067f4240b6b682361c6460b64398069ec87ac,Maria Eduarda,Agitado,2026-03-24 11:13:43,2026-03-24 11:14:21,38.0,2026-03-24,simulated
Escola Estadual Criança Esperança,Geografia,Professor_Diego,536dcd4eafc272cd6777ad15a7b067f4240b6b682361c6460b64398069ec87ac,Maria Eduarda,Atento,2026-03-24 11:14:27,2026-03-24 11:26:09,702.0,2026-03-24,simulated
Escola Estadual Criança Esperança,Geografia,Professor_Diego,536dcd4eafc272cd6777ad15a7b067f4240b6b682361c6460b64398069ec87ac,Maria Eduarda,Agitado,2026-03-24 11:26:17,2026-03-24 11:27:47,90.0,2026-03-24,simulated
Escola Estadual Criança Esperança,Geografia,Professor_Diego,536dcd4eafc272cd6777ad15a7b067f4240b6b682361c6460b64398069ec87ac,Maria Eduarda,Distraido,2026-03-24 11:27:47,2026-03-24 11:30:14,147.0,2026-03-24,simulated
Escola Estadual Criança Esperança,Geografia,Professor_Diego,536dcd4eafc272cd6777ad15a7b067f4240b6b682361c6460b64398069ec87ac,Maria Eduarda,Dormindo,2026-03-24 11:30:14,2026-03-24 11:32:33,139.0,2026-03-24,simulated
Escola Estadual Criança Esperança,Geografia,Professor_Diego,536dcd4eafc272cd6777ad15a7b067f4240b6b682361c6460b64398069ec87ac,Maria Eduarda,Atento,2026-03-24 11:32:38,2026-03-24 11:40:19,461.0,2026-03-24,simulated
Escola Estadual Criança Esperança,Geografia,Professor_Diego,536dcd4eafc272cd6777ad15a7b067f4240b6b682361c6460b64398069ec87ac,Maria Eduarda,Dormindo,2026-03-24 11:40:22,2026-03-24 11:43:26,184.0,2026-03-24,simulated
Escola Estadual Criança Esperança,Geografia,Professor_Diego,536dcd4eafc272cd6777ad15a7b067f4240b6b682361c6460b64398069ec87ac,Maria Eduarda,Distraido,2026-03-24 11:43:28,2026-03-24 11:44:53,85.0,2026-03-24,simulated
Escola Estadual Criança Esperança,Geografia,Professor_Diego,536dcd4eafc272cd6777ad15a7b067f4240b6b682361c6460b64398069ec87ac,Maria Eduarda,Agitado,2026-03-24 11:44:57,2026-03-24 11:46:09,72.0,2026-03-24,simulated
Escola Estadual Criança Esperança,Geografia,Professor_Diego,536dcd4eafc272cd6777ad15a7b067f4240b6b682361c6460b64398069ec87ac,Maria Eduarda,Atento,2026-03-24 11:46:12,2026-03-24 11:54:00,468.0,2026-03-24,simulated
Escola Estadual Criança Esperança,Geografia,Professor_Diego,f1c5e8faebc9ab791d2c562bfd9fda99c4bc10d22e6beff1b40abc554f2000ac,Alice Nascimento Silva Lobo,Atento,2026-03-24 08:16:00,2026-03-24 08:24:56,536.0,2026-03-24,simulated
Escola Estadual Criança Esperança,Geografia,Professor_Diego,f1c5e8faebc9ab791d2c562bfd9fda99c4bc10d22e6beff1b40abc554f2000ac,Alice Nascimento Silva Lobo,Perguntando,2026-03-24 08:24:56,2026-03-24 08:25:31,35.0,2026-03-24,simulated
Escola Estadual Criança Esperança,Geografia,Professor_Diego,f1c5e8faebc9ab791d2c562bfd9fda99c4bc10d22e6beff1b40abc554f2000ac,Alice Nascimento Silva Lobo,Atento,2026-03-24 08:25:32,2026-03-24 08:35:09,577.0,2026-03-24,simulated
Escola Estadual Criança Esperança,Geografia,Professor_Diego,f1c5e8faebc9ab791d2c562bfd9fda99c4bc10d22e6beff1b40abc554f2000ac,Alice Nascimento Silva Lobo,Distraido,2026-03-24 08:35:11,2026-03-24 08:36:12,61.0,2026-03-24,simulated
Escola Estadual Criança Esperança,Geografia,Professor_Diego,f1c5e8faebc9ab791d2c562bfd9fda99c4bc10d22e6beff1b40abc554f2000ac,Alice Nascimento Silva Lobo,Agitado,2026-03-24 08:36:14,2026-03-24 08:37:41,87.0,2026-03-24,simulated
Escola Estadual Criança Esperança,Geografia,Professor_Diego,f1c5e8faebc9ab791d2c562bfd9fda99c4bc10d22e6beff1b40abc554f2000ac,Alice Nascimento Silva Lobo,Atento,2026-03-24 08:37:44,2026-03-24 08:45:35,471.0,2026-03-24,simulated
Escola Estadual Criança Esperança,Geografia,Professor_Diego,f1c5e8faebc9ab791d2c562bfd9fda99c4bc10d22e6beff1b40abc554f2000ac,Alice Nascimento Silva Lobo,Perguntando,2026-03-24 08:45:35,2026-03-24 08:45:45,10.0,2026-03-24,simulated
Escola Estadual Criança Esperança,Geografia,Professor_Diego,f1c5e8faebc9ab791d2c562bfd9fda99c4bc10d22e6beff1b40abc554f2000ac,Alice Nascimento Silva Lobo,Atento,2026-03-24 08:45:51,2026-03-24 08:54:01,490.0,2026-03-24,simulated
Escola Estadual Criança Esperança,Geografia,Professor_Diego,f1c5e8faebc9ab791d2c562bfd9fda99c4bc10d22e6beff1b40abc554f2000ac,Alice Nascimento Silva Lobo,Agitado,2026-03-24 08:54:06,2026-03-24 08:55:14,68.0,2026-03-24,simulated
Escola Estadual Criança Esperança,Geografia,Professor_Diego,f1c5e8faebc9ab791d2c562bfd9fda99c4bc10d22e6beff1b40abc554f2000ac,Alice Nascimento Silva Lobo,Atento,2026-03-24 08:55:19,2026-03-24 09:03:27,488.0,2026-03-24,simulated
Escola Estadual Criança Esperança,Geografia,Professor_Diego,f1c5e8faebc9ab791d2c562bfd9fda99c4bc10d22e6beff1b40abc554f2000ac,Alice Nascimento Silva Lobo,Distraido,2026-03-24 09:03:35,2026-03-24 09:06:00,145.0,2026-03-24,simulated
Escola Estadual Criança Esperança,Geografia,Professor_Diego,f1c5e8faebc9ab791d2c562bfd9fda99c4bc10d22e6beff1b40abc554f2000ac,Alice Nascimento Silva Lobo,Atento,2026-03-24 09:06:04,2026-03-24 09:14:03,479.0,2026-03-24,simulated
Escola Estadual Criança Esperança,Geografia,Professor_Diego,f1c5e8faebc9ab791d2c562bfd9fda99c4bc10d22e6beff1b40abc554f2000ac,Alice Nascimento Silva Lobo,Dormindo,2026-03-24 09:14:06,2026-03-24 09:16:50,164.0,2026-03-24,simulated
Escola Estadual Criança Esperança,Geografia,Professor_Diego,f1c5e8faebc9ab791d2c562bfd9fda99c4bc10d22e6beff1b40abc554f2000ac,Alice Nascimento Silva Lobo,Perguntando,2026-03-24 09:16:55,2026-03-24 09:17:22,27.0,2026-03-24,simulated
Escola Estadual Criança Esperança,Geografia,Professor_Diego,f1c5e8faebc9ab791d2c562bfd9fda99c4bc10d22e6beff1b40abc554f2000ac,Alice Nascimento Silva Lobo,Distraido,2026-03-24 09:17:23,2026-03-24 09:18:54,91.0,2026-03-24,simulated
Escola Estadual Criança Esperança,Geografia,Professor_Diego,f1c5e8faebc9ab791d2c562bfd9fda99c4bc10d22e6beff1b40abc554f2000ac,Alice Nascimento Silva Lobo,Dormindo,2026-03-24 09:18:55,2026-03-24 09:23:04,249.0,2026-03-24,simulated
Escola Estadual Criança Esperança,Geografia,Professor_Diego,f1c5e8faebc9ab791d2c562bfd9fda99c4bc10d22e6beff1b40abc554f2000ac,Alice Nascimento Silva Lobo,Atento,2026-03-24 09:23:09,2026-03-24 09:28:51,342.0,2026-03-24,simulated
Escola Estadual Criança Esperança,Geografia,Professor_Diego,f1c5e8faebc9ab791d2c562bfd9fda99c4bc10d22e6beff1b40abc554f2000ac,Alice Nascimento Silva Lobo,Distraido,2026-03-24 09:28:57,2026-03-24 09:30:29,92.0,2026-03-24,simulated
Escola Estadual Criança Esperança,Geografia,Professor_Diego,f1c5e8faebc9ab791d2c562bfd9fda99c4bc10d22e6beff1b40abc554f2000ac,Alice Nascimento Silva Lobo,Atento,2026-03-24 09:30:36,2026-03-24 09:37:41,425.0,2026-03-24,simulated
Escola Estadual Criança Esperança,Geografia,Professor_Diego,f1c5e8faebc9ab791d2c562bfd9fda99c4bc10d22e6beff1b40abc554f2000ac,Alice Nascimento Silva Lobo,Distraido,2026-03-24 09:37:45,2026-03-24 09:39:14,89.0,2026-03-24,simulated
Escola Estadual Criança Esperança,Geografia,Professor_Diego,f1c5e8faebc9ab791d2c562bfd9fda99c4bc10d22e6beff1b40abc554f2000ac,Alice Nascimento Silva Lobo,Dormindo,2026-03-24 09:39:21,2026-03-24 09:42:17,176.0,2026-03-24,simulated
Escola Estadual Criança Esperança,Geografia,Professor_Diego,f1c5e8faebc9ab791d2c562bfd9fda99c4bc10d22e6beff1b40abc554f2000ac,Alice Nascimento Silva Lobo,Atento,2026-03-24 09:42:22,2026-03-24 09:53:51,689.0,2026-03-24,simulated
Escola Estadual Criança Esperança,Geografia,Professor_Diego,f1c5e8faebc9ab791d2c562bfd9fda99c4bc10d22e6beff1b40abc554f2000ac,Alice Nascimento Silva Lobo,Perguntando,2026-03-24 09:53:59,2026-03-24 09:54:19,20.0,2026-03-24,simulated
Escola Estadual Criança Esperança,Geografia,Professor_Diego,f1c5e8faebc9ab791d2c562bfd9fda99c4bc10d22e6beff1b40abc554f2000ac,Alice Nascimento Silva Lobo,Atento,2026-03-24 09:54:27,2026-03-24 10:01:25,418.0,2026-03-24,simulated
Escola Estadual Criança Esperança,Geografia,Professor_Diego,f1c5e8faebc9ab791d2c562bfd9fda99c4bc10d22e6beff1b40abc554f2000ac,Alice Nascimento Silva Lobo,Perguntando,2026-03-24 10:01:29,2026-03-24 10:01:44,15.0,2026-03-24,simulated
Escola Estadual Criança Esperança,Geografia,Professor_Diego,f1c5e8faebc9ab791d2c562bfd9fda99c4bc10d22e6beff1b40abc554f2000ac,Alice Nascimento Silva Lobo,Agitado,2026-03-24 10:01:51,2026-03-24 10:02:11,20.0,2026-03-24,simulated
Escola Estadual Criança Esperança,Geografia,Professor_Diego,f1c5e8faebc9ab791d2c562bfd9fda99c4bc10d22e6beff1b40abc554f2000ac,Alice Nascimento Silva Lobo,Atento,2026-03-24 10:02:12,2026-03-24 10:08:30,378.0,2026-03-24,simulated
Escola Estadual Criança Esperança,Geografia,Professor_Diego,f1c5e8faebc9ab791d2c562bfd9fda99c4bc10d22e6beff1b40abc554f2000ac,Alice Nascimento Silva Lobo,Perguntando,2026-03-24 10:08:31,2026-03-24 10:09:09,38.0,2026-03-24,simulated
Escola Estadual Criança Esperança,Geografia,Professor_Diego,f1c5e8faebc9ab791d2c562bfd9fda99c4bc10d22e6beff1b40abc554f2000ac,Alice Nascimento Silva Lobo,Atento,2026-03-24 10:09:11,2026-03-24 10:18:05,534.0,2026-03-24,simulated
Escola Estadual Criança Esperança,Geografia,Professor_Diego,f1c5e8faebc9ab791d2c562bfd9fda99c4bc10d22e6beff1b40abc554f2000ac,Alice Nascimento Silva Lobo,Perguntando,2026-03-24 10:18:10,2026-03-24 10:18:35,25.0,2026-03-24,simulated
Escola Estadual Criança Esperança,Geografia,Professor_Diego,f1c5e8faebc9ab791d2c562bfd9fda99c4bc10d22e6beff1b40abc554f2000ac,Alice Nascimento Silva Lobo,Atento,2026-03-24 10:18:41,2026-03-24 10:23:49,308.0,2026-03-24,simulated
Escola Estadual Criança Esperança,Geografia,Professor_Diego,f1c5e8faebc9ab791d2c562bfd9fda99c4bc10d22e6beff1b40abc554f2000ac,Alice Nascimento Silva Lobo,Atento,2026-03-24 10:23:52,2026-03-24 10:31:14,442.0,2026-03-24,simulated
Escola Estadual Criança Esperança,Geografia,Professor_Diego,f1c5e8faebc9ab791d2c562bfd9fda99c4bc10d22e6beff1b40abc554f2000ac,Alice Nascimento Silva Lobo,Perguntando,2026-03-24 10:31:19,2026-03-24 10:31:29,10.0,2026-03-24,simulated
Escola Estadual Criança Esperança,Geografia,Professor_Diego,f1c5e8faebc9ab791d2c562bfd9fda99c4bc10d22e6beff1b40abc554f2000ac,Alice Nascimento Silva Lobo,Atento,2026-03-24 10:31:34,2026-03-24 10:39:12,458.0,2026-03-24,simulated
Escola Estadual Criança Esperança,Geografia,Professor_Diego,f1c5e8faebc9ab791d2c562bfd9fda99c4bc10d22e6beff1b40abc554f2000ac,Alice Nascimento Silva Lobo,Distraido,2026-03-24 10:39:18,2026-03-24 10:41:05,107.0,2026-03-24,simulated
Escola Estadual Criança Esperança,Geografia,Professor_Diego,f1c5e8faebc9ab791d2c562bfd9fda99c4bc10d22e6beff1b40abc554f2000ac,Alice Nascimento Silva Lobo,Atento,2026-03-24 10:41:10,2026-03-24 10:49:23,493.0,2026-03-24,simulated
Escola Estadual Criança Esperança,Geografia,Professor_Diego,f1c5e8faebc9ab791d2c562bfd9fda99c4bc10d22e6beff1b40abc554f2000ac,Alice Nascimento Silva Lobo,Dormindo,2026-03-24 10:49:26,2026-03-24 10:52:42,196.0,2026-03-24,simulated
Escola Estadual Criança Esperança,Geografia,Professor_Diego,f1c5e8faebc9ab791d2c562bfd9fda99c4bc10d22e6beff1b40abc554f2000ac,Alice Nascimento Silva Lobo,Atento,2026-03-24 10:52:43,2026-03-24 11:00:37,474.0,2026-03-24,simulated
Escola Estadual Criança Esperança,Geografia,Professor_Diego,f1c5e8faebc9ab791d2c562bfd9fda99c4bc10d22e6beff1b40abc554f2000ac,Alice Nascimento Silva Lobo,Perguntando,2026-03-24 11:00:42,2026-03-24 11:01:04,22.0,2026-03-24,simulated
Escola Estadual Criança Esperança,Geografia,Professor_Diego,f1c5e8faebc9ab791d2c562bfd9fda99c4bc10d22e6beff1b40abc554f2000ac,Alice Nascimento Silva Lobo,Atento,2026-03-24 11:01:05,2026-03-24 11:10:29,564.0,2026-03-24,simulated
Escola Estadual Criança Esperança,Geografia,Professor_Diego,f1c5e8faebc9ab791d2c562bfd9fda99c4bc10d22e6beff1b40abc554f2000ac,Alice Nascimento Silva Lobo,Agitado,2026-03-24 11:10:35,2026-03-24 11:11:21,46.0,2026-03-24,simulated
Escola Estadual Criança Esperança,Geografia,Professor_Diego,f1c5e8faebc9ab791d2c562bfd9fda99c4bc10d22e6beff1b40abc554f2000ac,Alice Nascimento Silva Lobo,Perguntando,2026-03-24 11:11:23,2026-03-24 11:11:46,23.0,2026-03-24,simulated
Escola Estadual Criança Esperança,Geografia,Professor_Diego,f1c5e8faebc9ab791d2c562bfd9fda99c4bc10d22e6beff1b40abc554f2000ac,Alice Nascimento Silva Lobo,Atento,2026-03-24 11:11:53,2026-03-24 11:21:41,588.0,2026-03-24,simulated
Escola Estadual Criança Esperança,Geografia,Professor_Diego,f1c5e8faebc9ab791d2c562bfd9fda99c4bc10d22e6beff1b40abc554f2000ac,Alice Nascimento Silva Lobo,Perguntando,2026-03-24 11:21:48,2026-03-24 11:22:13,25.0,2026-03-24,simulated
Escola Estadual Criança Esperança,Geografia,Professor_Diego,f1c5e8faebc9ab791d2c562bfd9fda99c4bc10d22e6beff1b40abc554f2000ac,Alice Nascimento Silva Lobo,Atento,2026-03-24 11:22:14,2026-03-24 11:28:25,371.0,2026-03-24,simulated
Escola Estadual Criança Esperança,Geografia,Professor_Diego,f1c5e8faebc9ab791d2c562bfd9fda99c4bc10d22e6beff1b40abc554f2000ac,Alice Nascimento Silva Lobo,Distraido,2026-03-24 11:28:25,2026-03-24 11:30:05,100.0,2026-03-24,simulated
Escola Estadual Criança Esperança,Geografia,Professor_Diego,f1c5e8faebc9ab791d2c562bfd9fda99c4bc10d22e6beff1b40abc554f2000ac,Alice Nascimento Silva Lobo,Agitado,2026-03-24 11:30:11,2026-03-24 11:30:50,39.0,2026-03-24,simulated
Escola Estadual Criança Esperança,Geografia,Professor_Diego,f1c5e8faebc9ab791d2c562bfd9fda99c4bc10d22e6beff1b40abc554f2000ac,Alice Nascimento Silva Lobo,Atento,2026-03-24 11:30:57,2026-03-24 11:38:22,445.0,2026-03-24,simulated
Escola Estadual Criança Esperança,Geografia,Professor_Diego,f1c5e8faebc9ab791d2c562bfd9fda99c4bc10d22e6beff1b40abc554f2000ac,Alice Nascimento Silva Lobo,Perguntando,2026-03-24 11:38:24,2026-03-24 11:38:36,12.0,2026-03-24,simulated
Escola Estadual Criança Esperança,Geografia,Professor_Diego,f1c5e8faebc9ab791d2c562bfd9fda99c4bc10d22e6beff1b40abc554f2000ac,Alice Nascimento Silva Lobo,Atento,2026-03-24 11:38:44,2026-03-24 11:46:56,492.0,2026-03-24,simulated
Escola Estadual Criança Esperança,Geografia,Professor_Diego,f1c5e8faebc9ab791d2c562bfd9fda99c4bc10d22e6beff1b40abc554f2000ac,Alice Nascimento Silva Lobo,Distraido,2026-03-24 11:46:57,2026-03-24 11:48:58,121.0,2026-03-24,simulated
Escola Estadual Criança Esperança,Geografia,Professor_Diego,f1c5e8faebc9ab791d2c562bfd9fda99c4bc10d22e6beff1b40abc554f2000ac,Alice Nascimento Silva Lobo,Atento,2026-03-24 11:49:02,2026-03-24 11:54:31,329.0,2026-03-24,simulated
Escola Estadual Criança Esperança,Geografia,Professor_Diego,f1c5e8faebc9ab791d2c562bfd9fda99c4bc10d22e6beff1b40abc554f2000ac,Alice Nascimento Silva Lobo,Distraido,2026-03-24 11:54:38,2026-03-24 11:55:23,45.0,2026-03-24,simulated
Escola Estadual Criança Esperança,Geografia,Professor_Diego,f1c5e8faebc9ab791d2c562bfd9fda99c4bc10d22e6beff1b40abc554f2000ac,Alice Nascimento Silva Lobo,Atento,2026-03-24 11:55:30,2026-03-24 11:56:00,30.0,2026-03-24,simulated
