school,discipline,teacher,id_student,student,behavior,start_time,end_time,duration_seconds,date,source
Escola Estadual Criança Esperança,Matemática,Professora_Ana,103cd95d53cd1719703a66a87bad8e14da505b034d046656390724a3abc9cf06,Starley,Perguntando,2026-03-19 08:00:00,2026-03-19 08:00:38,38.0,2026-03-19,simulated
Escola Estadual Criança Esperança,Matemática,Professora_Ana,103cd95d53cd1719703a66a87bad8e14da505b034d046656390724a3abc9cf06,Starley,Atento,2026-03-19 08:00:45,2026-03-19 08:10:14,569.0,2026-03-19,simulated
Escola Estadual Criança Esperança,Matemática,Professora_Ana,103cd95d53cd1719703a66a87bad8e14da505b034d046656390724a3abc9cf06,Starley,Perguntando,2026-03-19 08:10:21,2026-03-19 08:10:56,35.0,2026-03-19,simulated
Escola Estadual Criança Esperança,Matemática,Professora_Ana,103cd95d53cd1719703a66a87bad8e14da505b034d046656390724a3abc9cf06,Starley,Atento,2026-03-19 08:10:57,2026-03-19 08:20:09,552.0,2026-03-19,simulated
Escola Estadual Criança Esperança,Matemática,Professora_Ana,103cd95d53cd1719703a66a87bad8e14da505b034d046656390724a3abc9cf06,Starley,Perguntando,2026-03-19 08:20:14,2026-03-19 08:20:33,19.0,2026-03-19,simulated
Escola Estadual Criança Esperança,Matemática,Professora_Ana,103cd95d53cd1719703a66a87bad8e14da505b034d046656390724a3abc9cf06,Starley,Atento,2026-03-19 08:20:36,2026-03-19 08:29:43,547.0,2026-03-19,simulated
Escola Estadual Criança Esperança,Matemática,Professora_Ana,103cd95d53cd1719703a66a87bad8e14da505b034d046656390724a3abc9cf06,Starley,Distraido,2026-03-19 08:29:45,2026-03-19 08:31:05,80.0,2026-03-19,simulated
Escola Estadual Criança Esperança,Matemática,Professora_Ana,103cd95d53cd1719703a66a87bad8e14da505b034d046656390724a3abc9cf06,Starley,Atento,2026-03-19 08:31:11,2026-03-19 08:36:58,347.0,2026-03-19,simulated
Escola Estadual Criança Esperança,Matemática,Professora_Ana,103cd95d53cd1719703a66a87bad8e14da505b034d046656390724a3abc9cf06,Starley,Perguntando,2026-03-19 08:37:03,2026-03-19 08:37:27,24.0,2026-03-19,simulated
Escola Estadual Criança Esperança,Matemática,Professora_Ana,103cd95d53cd1719703a66a87bad8e14da505b034d046656390724a3abc9cf06,Starley,Atento,2026-03-19 08:37:35,2026-03-19 08:44:43,428.0,2026-03-19,simulated
Escola Estadual Criança Esperança,Matemática,Professora_Ana,103cd95d53cd1719703a66a87bad8e14da505b034d046656390724a3abc9cf06,Starley,Distraido,2026-03-19 08:44:50,2026-03-19 08:47:40,170.0,2026-03-19,simulated
Escola Estadual Criança Esperança,Matemática,Professora_Ana,103cd95d53cd1719703a66a87bad8e14da505b034d046656390724a3abc9cf06,Starley,Atento,2026-03-19 08:47:43,2026-03-19 08:54:19,396.0,2026-03-19,simulated
Escola Estadual Criança Esperança,Matemática,Professora_Ana,103cd95d53cd1719703a66a87bad8e14da505b034d046656390724a3abc9cf06,Starley,Agitado,2026-03-19 08:54:24,2026-03-19 08:55:24,60.0,2026-03-19,simulated
Escola Estadual Criança Esperança,Matemática,Professora_Ana,103cd95d53cd1719703a66a87bad8e14da505b034d046656390724a3abc9cf06,Starley,Dormindo,2026-03-19 08:55:28,2026-03-19 08:58:59,211.0,2026-03-19,simulated
Escola Estadual Criança Esperança,Matemática,Professora_Ana,103cd95d53cd1719703a66a87bad8e14da505b034d046656390724a3abc9cf06,Starley,Atento,2026-03-19 08:59:04,2026-03-19 09:07:55,531.0,2026-03-19,simulated
Escola Estadual Criança Esperança,Matemática,Professora_Ana,103cd95d53cd1719703a66a87bad8e14da505b034d046656390724a3abc9cf06,Starley,Atento,2026-03-19 09:08:03,2026-03-19 09:18:39,636.0,2026-03-19,simulated
Escola Estadual Criança Esperança,Matemática,Professora_Ana,103cd95d53cd1719703a66a87bad8e14da505b034d046656390724a3abc9cf06,Starley,Perguntando,2026-03-19 09:18:41,2026-03-19 09:19:15,34.0,2026-03-19,simulated
Escola Estadual Criança Esperança,Matemática,Professora_Ana,103cd95d53cd1719703a66a87bad8e14da505b034d046656390724a3abc9cf06,Starley,Atento,2026-03-19 09:19:23,2026-03-19 09:28:47,564.0,2026-03-19,simulated
Escola Estadual Criança Esperança,Matemática,Professora_Ana,103cd95d53cd1719703a66a87bad8e14da505b034d046656390724a3abc9cf06,Starley,Perguntando,2026-03-19 09:28:50,2026-03-19 09:29:06,16.0,2026-03-19,simulated
Escola Estadual Criança Esperança,Matemática,Professora_Ana,103cd95d53cd1719703a66a87bad8e14da505b034d046656390724a3abc9cf06,Starley,Atento,2026-03-19 09:29:07,2026-03-19 09:36:02,415.0,2026-03-19,simulated
Escola Estadual Criança Esperança,Matemática,Professora_Ana,103cd95d53cd1719703a66a87bad8e14da505b034d046656390724a3abc9cf06,Starley,Distraido,2026-03-19 09:36:06,2026-03-19 09:38:02,116.0,2026-03-19,simulated
Escola Estadual Criança Esperança,Matemática,Professora_Ana,103cd95d53cd1719703a66a87bad8e14da505b034d046656390724a3abc9cf06,Starley,Agitado,2026-03-19 09:38:03,2026-03-19 09:39:22,79.0,2026-03-19,simulated
Escola Estadual Criança Esperança,Matemática,Professora_Ana,103cd95d53cd1719703a66a87bad8e14da505b034d046656390724a3abc9cf06,Starley,Atento,2026-03-19 09:39:22,2026-03-19 09:48:56,574.0,2026-03-19,simulated
Escola Estadual Criança Esperança,Matemática,Professora_Ana,103cd95d53cd1719703a66a87bad8e14da505b034d046656390724a3abc9cf06,Starley,Agitado,2026-03-19 09:48:59,2026-03-19 09:50:21,82.0,2026-03-19,simulated
Escola Estadual Criança Esperança,Matemática,Professora_Ana,103cd95d53cd1719703a66a87bad8e14da505b034d046656390724a3abc9cf06,Starley,Atento,2026-03-19 09:50:24,2026-03-19 09:56:49,385.0,2026-03-19,simulated
Escola Estadual Criança Esperança,Matemática,Professora_Ana,103cd95d53cd1719703a66a87bad8e14da505b034d046656390724a3abc9cf06,Starley,Perguntando,2026-03-19 09:56:49,2026-03-19 09:57:26,37.0,2026-03-19,simulated
Escola Estadual Criança Esperança,Matemática,Professora_Ana,103cd95d53cd1719703a66a87bad8e14da505b034d046656390724a3abc9cf06,Starley,Atento,2026-03-19 09:57:31,2026-03-19 10:09:23,712.0,2026-03-19,simulated
Escola Estadual Criança Esperança,Matemática,Professora_Ana,103cd95d53cd1719703a66a87bad8e14da505b034d046656390724a3abc9cf06,Starley,Perguntando,2026-03-19 10:09:23,2026-03-19 10:09:50,27.0,2026-03-19,simulated
Escola Estadual Criança Esperança,Matemática,Professora_Ana,103cd95d53cd1719703a66a87bad8e14da505b034d046656390724a3abc9cf06,Starley,Atento,2026-03-19 10:09:50,2026-03-19 10:21:48,718.0,2026-03-19,simulated
Escola Estadual Criança Esperança,Matemática,Professora_Ana,103cd95d53cd1719703a66a87bad8e14da505b034d046656390724a3abc9cf06,Starley,Perguntando,2026-03-19 10:21:56,2026-03-19 10:22:17,21.0,2026-03-19,simulated
Escola Estadual Criança Esperança,Matemática,Professora_Ana,103cd95d53cd1719703a66a87bad8e14da505b034d046656390724a3abc9cf06,Starley,Agitado,2026-03-19 10:22:22,2026-03-19 10:23:41,79.0,2026-03-19,simulated
Escola Estadual Criança Esperança,Matemática,Professora_Ana,103cd95d53cd1719703a66a87bad8e14da505b034d046656390724a3abc9cf06,Starley,Atento,2026-03-19 10:23:44,2026-03-19 10:31:25,461.0,2026-03-19,simulated
Escola Estadual Criança Esperança,Matemática,Professora_Ana,103cd95d53cd1719703a66a87bad8e14da505b034d046656390724a3abc9cf06,Starley,Distraido,2026-03-19 10:31:33,2026-03-19 10:32:19,46.0,2026-03-19,simulated
Escola Estadual Criança Esperança,Matemática,Professora_Ana,103cd95d53cd1719703a66a87bad8e14da505b034d046656390724a3abc9cf06,Starley,Atento,2026-03-19 10:32:25,2026-03-19 10:37:54,329.0,2026-03-19,simulated
Escola Estadual Criança Esperança,Matemática,Professora_Ana,103cd95d53cd1719703a66a87bad8e14da505b034d046656390724a3abc9cf06,Starley,Distraido,2026-03-19 10:38:02,2026-03-19 10:40:48,166.0,2026-03-19,simulated
Escola Estadual Criança Esperança,Matemática,Professora_Ana,103cd95d53cd1719703a66a87bad8e14da505b034d046656390724a3abc9cf06,Starley,Atento,2026-03-19 10:40:54,2026-03-19 10:51:45,651.0,2026-03-19,simulated
Escola Estadual Criança Esperança,Matemática,Professora_Ana,103cd95d53cd1719703a66a87bad8e14da505b034d046656390724a3abc9cf06,Starley,Perguntando,2026-03-19 10:51:46,2026-03-19 10:52:26,40.0,2026-03-19,simulated
Escola Estadual Criança Esperança,Matemática,Professora_Ana,103cd95d53cd1719703a66a87bad8e14da505b034d046656390724a3abc9cf06,Starley,Atento,2026-03-19 10:52:30,2026-03-19 10:59:12,402.0,2026-03-19,simulated
Escola Estadual Criança Esperança,Matemática,Professora_Ana,103cd95d53cd1719703a66a87bad8e14da505b034d046656390724a3abc9cf06,Starley,Perguntando,2026-03-19 10:59:17,2026-03-19 10:59:35,18.0,2026-03-19,simulated
Escola Estadual Criança Esperança,Matemática,Professora_Ana,103cd95d53cd1719703a66a87bad8e14da505b034d046656390724a3abc9cf06,Starley,Atento,2026-03-19 10:59:43,2026-03-19 11:06:05,382.0,2026-03-19,simulated
Escola Estadual Criança Esperança,Matemática,Professora_Ana,103cd95d53cd1719703a66a87bad8e14da505b034d046656390724a3abc9cf06,Starley,Atento,2026-03-19 11:06:10,2026-03-19 11:12:12,362.0,2026-03-19,simulated
Escola Estadual Criança Esperança,Matemática,Professora_Ana,103cd95d53cd1719703a66a87bad8e14da505b034d046656390724a3abc9cf06,Starley,Perguntando,2026-03-19 11:12:12,2026-03-19 11:12:40,28.0,2026-03-19,simulated
Escola Estadual Criança Esperança,Matemática,Professora_Ana,103cd95d53cd1719703a66a87bad8e14da505b034d046656390724a3abc9cf06,Starley,Atento,2026-03-19 11:12:48,2026-03-19 11:21:47,539.0,2026-03-19,simulated
Escola Estadual Criança Esperança,Matemática,Professora_Ana,103cd95d53cd1719703a66a87bad8e14da505b034d046656390724a3abc9cf06,Starley,Atento,2026-03-19 11:21:48,2026-03-19 11:32:18,630.0,2026-03-19,simulated
Escola Estadual Criança Esperança,Matemática,Professora_Ana,103cd95d53cd1719703a66a87bad8e14da505b034d046656390724a3abc9cf06,Starley,Perguntando,2026-03-19 11:32:22,2026-03-19 11:32:32,10.0,2026-03-19,simulated
Escola Estadual Criança Esperança,Matemática,Professora_Ana,103cd95d53cd1719703a66a87bad8e14da505b034d046656390724a3abc9cf06,Starley,Atento,2026-03-19 11:32:32,2026-03-19 11:40:00,448.0,2026-03-19,simulated
Escola Estadual Criança Esperança,Matemática,Professora_Ana,51e028c29914c6103719ccf21258789707dbb3234a716394f10de9ae5349d033,Pedro Vitor Sousa Santos,Perguntando,2026-03-19 08:02:00,2026-03-19 08:02:11,11.0,2026-03-19,simulated
Escola Estadual Criança Esperança,Matemática,Professora_Ana,51e028c29914c6103719ccf21258789707dbb3234a716394f10de9ae5349d033,Pedro Vitor Sousa Santos,Atento,2026-03-19 08:02:11,2026-03-19 08:07:56,345.0,2026-03-19,simulated
Escola Estadual Criança Esperança,Matemática,Professora_Ana,51e028c29914c6103719ccf21258789707dbb3234a716394f10de9ae5349d033,Pedro Vitor Sousa Santos,Perguntando,2026-03-19 08:08:02,2026-03-19 08:08:26,24.0,2026-03-19,simulated
Escola Estadual Criança Esperança,Matemática,Professora_Ana,51e028c29914c6103719ccf21258789707dbb3234a716394f10de9ae5349d033,Pedro Vitor Sousa Santos,Distraido,2026-03-19 08:08:28,2026-03-19 08:10:28,120.0,2026-03-19,simulated
Escola Estadual Criança Esperança,Matemática,Professora_Ana,51e028c29914c6103719ccf21258789707dbb3234a716394f10de9ae5349d033,Pedro Vitor Sousa Santos,Perguntando,2026-03-19 08:10:31,2026-03-19 08:11:01,30.0,2026-03-19,simulated
Escola Estadual Criança Esperança,Matemática,Professora_Ana,51e028c29914c6103719ccf21258789707dbb3234a716394f10de9ae5349d033,Pedro Vitor Sousa Santos,Atento,2026-03-19 08:11:01,2026-03-19 08:17:32,391.0,2026-03-19,simulated
Escola Estadual Criança Esperança,Matemática,Professora_Ana,51e028c29914c6103719ccf21258789707dbb3234a716394f10de9ae5349d033,Pedro Vitor Sousa Santos,Perguntando,2026-03-19 08:17:37,2026-03-19 08:18:14,37.0,2026-03-19,simulated
Escola Estadual Criança Esperança,Matemática,Professora_Ana,51e028c29914c6103719ccf21258789707dbb3234a716394f10de9ae5349d033,Pedro Vitor Sousa Santos,Atento,2026-03-19 08:18:14,2026-03-19 08:24:12,358.0,2026-03-19,simulated
Escola Estadual Criança Esperança,Matemática,Professora_Ana,51e028c29914c6103719ccf21258789707dbb3234a716394f10de9ae5349d033,Pedro Vitor Sousa Santos,Perguntando,2026-03-19 08:24:17,2026-03-19 08:24:28,11.0,2026-03-19,simulated
Escola Estadual Criança Esperança,Matemática,Professora_Ana,51e028c29914c6103719ccf21258789707dbb3234a716394f10de9ae5349d033,Pedro Vitor Sousa Santos,Atento,2026-03-19 08:24:28,2026-03-19 08:33:38,550.0,2026-03-19,simulated
Escola Estadual Criança Esperança,Matemática,Professora_Ana,51e028c29914c6103719ccf21258789707dbb3234a716394f10de9ae5349d033,Pedro Vitor Sousa Santos,Dormindo,2026-03-19 08:33:38,2026-03-19 08:37:07,209.0,2026-03-19,simulated
Escola Estadual Criança Esperança,Matemática,Professora_Ana,51e028c29914c6103719ccf21258789707dbb3234a716394f10de9ae5349d033,Pedro Vitor Sousa Santos,Perguntando,2026-03-19 08:37:08,2026-03-19 08:37:42,34.0,2026-03-19,simulated
Escola Estadual Criança Esperança,Matemática,Professora_Ana,51e028c29914c6103719ccf21258789707dbb3234a716394f10de9ae5349d033,Pedro Vitor Sousa Santos,Atento,2026-03-19 08:37:49,2026-03-19 08:44:01,372.0,2026-03-19,simulated
Escola Estadual Criança Esperança,Matemática,Professora_Ana,51e028c29914c6103719ccf21258789707dbb3234a716394f10de9ae5349d033,Pedro Vitor Sousa Santos,Perguntando,2026-03-19 08:44:03,2026-03-19 08:44:37,34.0,2026-03-19,simulated
Escola Estadual Criança Esperança,Matemática,Professora_Ana,51e028c29914c6103719ccf21258789707dbb3234a716394f10de9ae5349d033,Pedro Vitor Sousa Santos,Atento,2026-03-19 08:44:44,2026-03-19 08:56:44,720.0,2026-03-19,simulated
Escola Estadual Criança Esperança,Matemática,Professora_Ana,51e028c29914c6103719ccf21258789707dbb3234a716394f10de9ae5349d033,Pedro Vitor Sousa Santos,Distraido,2026-03-19 08:56:49,2026-03-19 08:59:39,170.0,2026-03-19,simulated
Escola Estadual Criança Esperança,Matemática,Professora_Ana,51e028c29914c6103719ccf21258789707dbb3234a716394f10de9ae5349d033,Pedro Vitor Sousa Santos,Atento,2026-03-19 08:59:39,2026-03-19 09:05:31,352.0,2026-03-19,simulated
Escola Estadual Criança Esperança,Matemática,Professora_Ana,51e028c29914c6103719ccf21258789707dbb3234a716394f10de9ae5349d033,Pedro Vitor Sousa Santos,Agitado,2026-03-19 09:05:34,2026-03-19 09:06:57,83.0,2026-03-19,simulated
Escola Estadual Criança Esperança,Matemática,Professora_Ana,51e028c29914c6103719ccf21258789707dbb3234a716394f10de9ae5349d033,Pedro Vitor Sousa Santos,Perguntando,2026-03-19 09:06:59,2026-03-19 09:07:32,33.0,2026-03-19,simulated
Escola Estadual Criança Esperança,Matemática,Professora_Ana,51e028c29914c6103719ccf21258789707dbb3234a716394f10de9ae5349d033,Pedro Vitor Sousa Santos,Dormindo,2026-03-19 09:07:35,2026-03-19 09:09:12,97.0,2026-03-19,simulated
Escola Estadual Criança Esperança,Matemática,Professora_Ana,51e028c29914c6103719ccf21258789707dbb3234a716394f10de9ae5349d033,Pedro Vitor Sousa Santos,Perguntando,2026-03-19 09:09:12,2026-03-19 09:09:24,12.0,2026-03-19,simulated
Escola Estadual Criança Esperança,Matemática,Professora_Ana,51e028c29914c6103719ccf21258789707dbb3234a716394f10de9ae5349d033,Pedro Vitor Sousa Santos,Atento,2026-03-19 09:09:32,2026-03-19 09:20:24,652.0,2026-03-19,simulated
Escola Estadual Criança Esperança,Matemática,Professora_Ana,51e028c29914c6103719ccf21258789707dbb3234a716394f10de9ae5349d033,Pedro Vitor Sousa Santos,Dormindo,2026-03-19 09:20:31,2026-03-19 09:23:46,195.0,2026-03-19,simulated
Escola Estadual Criança Esperança,Matemática,Professora_Ana,51e028c29914c6103719ccf21258789707dbb3234a716394f10de9ae5349d033,Pedro Vitor Sousa Santos,Atento,2026-03-19 09:23:49,2026-03-19 09:28:54,305.0,2026-03-19,simulated
Escola Estadual Criança Esperança,Matemática,Professora_Ana,51e028c29914c6103719ccf21258789707dbb3234a716394f10de9ae5349d033,Pedro Vitor Sousa Santos,Distraido,2026-03-19 09:29:01,2026-03-19 09:30:06,65.0,2026-03-19,simulated
Escola Estadual Criança Esperança,Matemática,Professora_Ana,51e028c29914c6103719ccf21258789707dbb3234a716394f10de9ae5349d033,Pedro Vitor Sousa Santos,Atento,2026-03-19 09:30:13,2026-03-19 09:40:31,618.0,2026-03-19,simulated
Escola Estadual Criança Esperança,Matemática,Professora_Ana,51e028c29914c6103719ccf21258789707dbb3234a716394f10de9ae5349d033,Pedro Vitor Sousa Santos,Agitado,2026-03-19 09:40:34,2026-03-19 09:41:56,82.0,2026-03-19,simulated
Escola Estadual Criança Esperança,Matemática,Professora_Ana,51e028c29914c6103719ccf21258789707dbb3234a716394f10de9ae5349d033,Pedro Vitor Sousa Santos,Distraido,2026-03-19 09:42:04,2026-03-19 09:44:07,123.0,2026-03-19,simulated
Escola Estadual Criança Esperança,Matemática,Professora_Ana,51e028c29914c6103719ccf21258789707dbb3234a716394f10de9ae5349d033,Pedro Vitor Sousa Santos,Agitado,2026-03-19 09:44:10,2026-03-19 09:45:34,84.0,2026-03-19,simulated
Escola Estadual Criança Esperança,Matemática,Professora_Ana,51e028c29914c6103719ccf21258789707dbb3234a716394f10de9ae5349d033,Pedro Vitor Sousa Santos,Perguntando,2026-03-19 09:45:34,2026-03-19 09:45:47,13.0,2026-03-19,simulated
Escola Estadual Criança Esperança,Matemática,Professora_Ana,51e028c29914c6103719ccf21258789707dbb3234a716394f10de9ae5349d033,Pedro Vitor Sousa Santos,Distraido,2026-03-19 09:45:49,2026-03-19 09:47:59,130.0,2026-03-19,simulated
Escola Estadual Criança Esperança,Matemática,Professora_Ana,51e028c29914c6103719ccf21258789707dbb3234a716394f10de9ae5349d033,Pedro Vitor Sousa Santos,Atento,2026-03-19 09:48:00,2026-03-19 09:54:59,419.0,2026-03-19,simulated
Escola Estadual Criança Esperança,Matemática,Professora_Ana,51e028c29914c6103719ccf21258789707dbb3234a716394f10de9ae5349d033,Pedro Vitor Sousa Santos,Perguntando,2026-03-19 09:55:01,2026-03-19 09:55:19,18.0,2026-03-19,simulated
Escola Estadual Criança Esperança,Matemática,Professora_Ana,51e028c29914c6103719ccf21258789707dbb3234a716394f10de9ae5349d033,Pedro Vitor Sousa Santos,Distraido,2026-03-19 09:55:21,2026-03-19 09:56:30,69.0,2026-03-19,simulated
Escola Estadual Criança Esperança,Matemática,Professora_Ana,51e028c29914c6103719ccf21258789707dbb3234a716394f10de9ae5349d033,Pedro Vitor Sousa Santos,Perguntando,2026-03-19 09:56:33,2026-03-19 09:56:45,12.0,2026-03-19,simulated
Escola Estadual Criança Esperança,Matemática,Professora_Ana,51e028c29914c6103719ccf21258789707dbb3234a716394f10de9ae5349d033,Pedro Vitor Sousa Santos,Atento,2026-03-19 09:56:48,2026-03-19 10:03:31,403.0,2026-03-19,simulated
Escola Estadual Criança Esperança,Matemática,Professora_Ana,51e028c29914c6103719ccf21258789707dbb3234a716394f10de9ae5349d033,Pedro Vitor Sousa Santos,Distraido,2026-03-19 10:03:33,2026-03-19 10:06:26,173.0,2026-03-19,simulated
Escola Estadual Criança Esperança,Matemática,Professora_Ana,51e028c29914c6103719ccf21258789707dbb3234a716394f10de9ae5349d033,Pedro Vitor Sousa Santos,Atento,2026-03-19 10:06:28,2026-03-19 10:14:43,495.0,2026-03-19,simulated
Escola Estadual Criança Esperança,Matemática,Professora_Ana,51e028c29914c6103719ccf21258789707dbb3234a716394f10de9ae5349d033,Pedro Vitor Sousa Santos,Perguntando,2026-03-19 10:14:51,2026-03-19 10:15:23,32.0,2026-03-19,simulated
Escola Estadual Criança Esperança,Matemática,Professora_Ana,51e028c29914c6103719ccf21258789707dbb3234a716394f10de9ae5349d033,Pedro Vitor Sousa Santos,Atento,2026-03-19 10:15:31,2026-03-19 10:24:16,525.0,2026-03-19,simulated
Escola Estadual Criança Esperança,Matemática,Professora_Ana,51e028c29914c6103719ccf21258789707dbb3234a716394f10de9ae5349d033,Pedro Vitor Sousa Santos,Agitado,2026-03-19 10:24:20,2026-03-19 10:25:24,64.0,2026-03-19,simulated
Escola Estadual Criança Esperança,Matemática,Professora_Ana,51e028c29914c6103719ccf21258789707dbb3234a716394f10de9ae5349d033,Pedro Vitor Sousa Santos,Atento,2026-03-19 10:25:25,2026-03-19 10:32:41,436.0,2026-03-19,simulated
Escola Estadual Criança Esperança,Matemática,Professora_Ana,51e028c29914c6103719ccf21258789707dbb3234a716394f10de9ae5349d033,Pedro Vitor Sousa Santos,Perguntando,2026-03-19 10:32:48,2026-03-19 10:33:23,35.0,2026-03-19,simulated
Escola Estadual Criança Esperança,Matemática,Professora_Ana,51e028c29914c6103719ccf21258789707dbb3234a716394f10de9ae5349d033,Pedro Vitor Sousa Santos,Distraido,2026-03-19 10:33:27,2026-03-19 10:35:11,104.0,2026-03-19,simulated
Escola Estadual Criança Esperança,Matemática,Professora_Ana,51e028c29914c6103719ccf21258789707dbb3234a716394f10de9ae5349d033,Pedro Vitor Sousa Santos,Perguntando,2026-03-19 10:35:19,2026-03-19 10:35:40,21.0,2026-03-19,simulated
Escola Estadual Criança Esperança,Matemática,Professora_Ana,51e028c29914c6103719ccf21258789707dbb3234a716394f10de9ae5349d033,Pedro Vitor Sousa Santos,Atento,2026-03-19 10:35:47,2026-03-19 10:41:31,344.0,2026-03-19,simulated
Escola Estadual Criança Esperança,Matemática,Professora_Ana,51e028c29914c6103719ccf21258789707dbb3234a716394f10de9ae5349d033,Pedro Vitor Sousa Santos,Perguntando,2026-03-19 10:41:34,2026-03-19 10:41:49,15.0,2026-03-19,simulated
Escola Estadual Criança Esperança,Matemática,Professora_Ana,51e028c29914c6103719ccf21258789707dbb3234a716394f10de9ae5349d033,Pedro Vitor Sousa Santos,Dormindo,2026-03-19 10:41:55,2026-03-19 10:45:54,239.0,2026-03-19,simulated
Escola Estadual Criança Esperança,Matemática,Professora_Ana,51e028c29914c6103719ccf21258789707dbb3234a716394f10de9ae5349d033,Pedro Vitor Sousa Santos,Perguntando,2026-03-19 10:45:54,2026-03-19 10:46:04,10.0,2026-03-19,simulated
Escola Estadual Criança Esperança,Matemática,Professora_Ana,51e028c29914c6103719ccf21258789707dbb3234a716394f10de9ae5349d033,Pedro Vitor Sousa Santos,Atento,2026-03-19 10:46:04,2026-03-19 10:55:14,550.0,2026-03-19,simulated
Escola Estadual Criança Esperança,Matemática,Professora_Ana,51e028c29914c6103719ccf21258789707dbb3234a716394f10de9ae5349d033,Pedro Vitor Sousa Santos,Distraido,2026-03-19 10:55:17,2026-03-19 10:57:46,149.0,2026-03-19,simulated
Escola Estadual Criança Esperança,Matemática,Professora_Ana,51e028c29914c6103719ccf21258789707dbb3234a716394f10de9ae5349d033,Pedro Vitor Sousa Santos,Atento,2026-03-19 10:57:54,2026-03-19 11:03:27,333.0,2026-03-19,simulated
Escola Estadual Criança Esperança,Matemática,Professora_Ana,51e028c29914c6103719ccf21258789707dbb3234a716394f10de9ae5349d033,Pedro Vitor Sousa Santos,Perguntando,2026-03-19 11:03:27,2026-03-19 11:04:05,38.0,2026-03-19,simulated
Escola Estadual Criança Esperança,Matemática,Professora_Ana,51e028c29914c6103719ccf21258789707dbb3234a716394f10de9ae5349d033,Pedro Vitor Sousa Santos,Atento,2026-03-19 11:04:07,2026-03-19 11:15:49,702.0,2026-03-19,simulated
Escola Estadual Criança Esperança,Matemática,Professora_Ana,51e028c29914c6103719ccf21258789707dbb3234a716394f10de9ae5349d033,Pedro Vitor Sousa Santos,Perguntando,2026-03-19 11:15:52,2026-03-19 11:16:15,23.0,2026-03-19,simulated
Escola Estadual Criança Esperança,Matemática,Professora_Ana,51e028c29914c6103719ccf21258789707dbb3234a716394f10de9ae5349d033,Pedro Vitor Sousa Santos,Distraido,2026-03-19 11:16:22,2026-03-19 11:17:23,61.0,2026-03-19,simulated
Escola Estadual Criança Esperança,Matemática,Professora_Ana,51e028c29914c6103719ccf21258789707dbb3234a716394f10de9ae5349d033,Pedro Vitor Sousa Santos,Perguntando,2026-03-19 11:17:23,2026-03-19 11:17:49,26.0,2026-03-19,simulated
Escola Estadual Criança Esperança,Matemática,Professora_Ana,51e028c29914c6103719ccf21258789707dbb3234a716394f10de9ae5349d033,Pedro Vitor Sousa Santos,Atento,2026-03-19 11:17:54,2026-03-19 11:23:11,317.0,2026-03-19,simulated
Escola Estadual Criança Esperança,Matemática,Professora_Ana,51e028c29914c6103719ccf21258789707dbb3234a716394f10de9ae5349d033,Pedro Vitor Sousa Santos,Perguntando,2026-03-19 11:23:15,2026-03-19 11:23:48,33.0,2026-03-19,simulated
Escola Estadual Criança Esperança,Matemática,Professora_Ana,51e028c29914c6103719ccf21258789707dbb3234a716394f10de9ae5349d033,Pedro Vitor Sousa Santos,Atento,2026-03-19 11:23:52,2026-03-19 11:33:48,596.0,2026-03-19,simulated
Escola Estadual Criança Esperança,Matemática,Professora_Ana,51e028c29914c6103719ccf21258789707dbb3234a716394f10de9ae5349d033,Pedro Vitor Sousa Santos,Distraido,2026-03-19 11:33:51,2026-03-19 11:36:29,158.0,2026-03-19,simulated
Escola Estadual Criança Esperança,Matemática,Professora_Ana,51e028c29914c6103719ccf21258789707dbb3234a716394f10de9ae5349d033,Pedro Vitor Sousa Santos,Perguntando,2026-03-19 11:36:30,2026-03-19 11:36:41,11.0,2026-03-19,simulated
Escola Estadual Criança Esperança,Matemática,Professora_Ana,51e028c29914c6103719ccf21258789707dbb3234a716394f10de9ae5349d033,Pedro Vitor Sousa Santos,Atento,2026-03-19 11:36:47,2026-03-19 11:42:00,313.0,2026-03-19,simulated
Escola Estadual Criança Esperança,Matemática,Professora_Ana,eb3c72a0bb37fffc786f4ab3c5d9dcfeff614019a87ad1548133b55826c3b9fa,Bruno Dias,Atento,2026-03-19 08:04:00,2026-03-19 08:15:11,671.0,2026-03-19,simulated
Escola Estadual Criança Esperança,Matemática,Professora_Ana,eb3c72a0bb37fffc786f4ab3c5d9dcfeff614019a87ad1548133b55826c3b9fa,Bruno Dias,Distraido,2026-03-19 08:15:13,2026-03-19 08:16:35,82.0,2026-03-19,simulated
Escola Estadual Criança Esperança,Matemática,Professora_Ana,eb3c72a0bb37fffc786f4ab3c5d9dcfeff614019a87ad1548133b55826c3b9fa,Bruno Dias,Atento,2026-03-19 08:16:37,2026-03-19 08:25:46,549.0,2026-03-19,simulated
Escola Estadual Criança Esperança,Matemática,Professora_Ana,eb3c72a0bb37fffc786f4ab3c5d9dcfeff614019a87ad1548133b55826c3b9fa,Bruno Dias,Distraido,2026-03-19 08:25:52,2026-03-19 08:28:48,176.0,2026-03-19,simulated
Escola Estadual Criança Esperança,Matemática,Professora_Ana,eb3c72a0bb37fffc786f4ab3c5d9dcfeff614019a87ad1548133b55826c3b9fa,Bruno Dias,Perguntando,2026-03-19 08:28:53,2026-03-19 08:29:20,27.0,2026-03-19,simulated
Escola Estadual Criança Esperança,Matemática,Professora_Ana,eb3c72a0bb37fffc786f4ab3c5d9dcfeff614019a87ad1548133b55826c3b9fa,Bruno Dias,Agitado,2026-03-19 08:29:23,2026-03-19 08:30:39,76.0,2026-03-19,simulated
Escola Estadual Criança Esperança,Matemática,Professora_Ana,eb3c72a0bb37fffc786f4ab3c5d9dcfeff614019a87ad1548133b55826c3b9fa,Bruno Dias,Perguntando,2026-03-19 08:30:45,2026-03-19 08:31:08,23.0,2026-03-19,simulated
Escola Estadual Criança Esperança,Matemática,Professora_Ana,eb3c72a0bb37fffc786f4ab3c5d9dcfeff614019a87ad1548133b55826c3b9fa,Bruno Dias,Atento,2026-03-19 08:31:16,2026-03-19 08:42:24,668.0,2026-03-19,simulated
Escola Estadual Criança Esperança,Matemática,Professora_Ana,eb3c72a0bb37fffc786f4ab3c5d9dcfeff614019a87ad1548133b55826c3b9fa,Bruno Dias,Distraido,2026-03-19 08:42:27,2026-03-19 08:45:08,161.0,2026-03-19,simulated
Escola Estadual Criança Esperança,Matemática,Professora_Ana,eb3c72a0bb37fffc786f4ab3c5d9dcfeff614019a87ad1548133b55826c3b9fa,Bruno Dias,Atento,2026-03-19 08:45:09,2026-03-19 08:51:18,369.0,2026-03-19,simulated
Escola Estadual Criança Esperança,Matemática,Professora_Ana,eb3c72a0bb37fffc786f4ab3c5d9dcfeff614019a87ad1548133b55826c3b9fa,Bruno Dias,Agitado,2026-03-19 08:51:23,2026-03-19 08:52:28,65.0,2026-03-19,simulated
Escola Estadual Criança Esperança,Matemática,Professora_Ana,eb3c72a0bb37fffc786f4ab3c5d9dcfeff614019a87ad1548133b55826c3b9fa,Bruno Dias,Distraido,2026-03-19 08:52:36,2026-03-19 08:54:31,115.0,2026-03-19,simulated
Escola Estadual Criança Esperança,Matemática,Professora_Ana,eb3c72a0bb37fffc786f4ab3c5d9dcfeff614019a87ad1548133b55826c3b9fa,Bruno Dias,Agitado,2026-03-19 08:54:33,2026-03-19 08:55:55,82.0,2026-03-19,simulated
Escola Estadual Criança Esperança,Matemática,Professora_Ana,eb3c72a0bb37fffc786f4ab3c5d9dcfeff614019a87ad1548133b55826c3b9fa,Bruno Dias,Atento,2026-03-19 08:56:03,2026-03-19 09:01:47,344.0,2026-03-19,simulated
Escola Estadual Criança Esperança,Matemática,Professora_Ana,eb3c72a0bb37fffc786f4ab3c5d9dcfeff614019a87ad1548133b55826c3b9fa,Bruno Dias,Agitado,2026-03-19 09:01:53,2026-03-19 09:02:23,30.0,2026-03-19,simulated
Escola Estadual Criança Esperança,Matemática,Professora_Ana,eb3c72a0bb37fffc786f4ab3c5d9dcfeff614019a87ad1548133b55826c3b9fa,Bruno Dias,Atento,2026-03-19 09:02:24,2026-03-19 09:07:32,308.0,2026-03-19,simulated
Escola Estadual Criança Esperança,Matemática,Professora_Ana,eb3c72a0bb37fffc786f4ab3c5d9dcfeff614019a87ad1548133b55826c3b9fa,Bruno Dias,Distraido,2026-03-19 09:07:39,2026-03-19 09:10:00,141.0,2026-03-19,simulated
Escola Estadual Criança Esperança,Matemática,Professora_Ana,eb3c72a0bb37fffc786f4ab3c5d9dcfeff614019a87ad1548133b55826c3b9fa,Bruno Dias,Atento,2026-03-19 09:10:03,2026-03-19 09:19:07,544.0,2026-03-19,simulated
Escola Estadual Criança Esperança,Matemática,Professora_Ana,eb3c72a0bb37fffc786f4ab3c5d9dcfeff614019a87ad1548133b55826c3b9fa,Bruno Dias,Distraido,2026-03-19 09:19:13,2026-03-19 09:20:15,62.0,2026-03-19,simulated
Escola Estadual Criança Esperança,Matemática,Professora_Ana,eb3c72a0bb37fffc786f4ab3c5d9dcfeff614019a87ad1548133b55826c3b9fa,Bruno Dias,Agitado,2026-03-19 09:20:18,2026-03-19 09:21:37,79.0,2026-03-19,simulated
Escola Estadual Criança Esperança,Matemática,Professora_Ana,eb3c72a0bb37fffc786f4ab3c5d9dcfeff614019a87ad1548133b55826c3b9fa,Bruno Dias,Distraido,2026-03-19 09:21:41,2026-03-19 09:23:39,118.0,2026-03-19,simulated
Escola Estadual Criança Esperança,Matemática,Professora_Ana,eb3c72a0bb37fffc786f4ab3c5d9dcfeff614019a87ad1548133b55826c3b9fa,Bruno Dias,Perguntando,2026-03-19 09:23:47,2026-03-19 09:23:59,12.0,2026-03-19,simulated
Escola Estadual Criança Esperança,Matemática,Professora_Ana,eb3c72a0bb37fffc786f4ab3c5d9dcfeff614019a87ad1548133b55826c3b9fa,Bruno Dias,Agitado,2026-03-19 09:23:59,2026-03-19 09:25:26,87.0,2026-03-19,simulated
Escola Estadual Criança Esperança,Matemática,Professora_Ana,eb3c72a0bb37fffc786f4ab3c5d9dcfeff614019a87ad1548133b55826c3b9fa,Bruno Dias,Distraido,2026-03-19 09:25:34,2026-03-19 09:26:55,81.0,2026-03-19,simulated
Escola Estadual Criança Esperança,Matemática,Professora_Ana,eb3c72a0bb37fffc786f4ab3c5d9dcfeff614019a87ad1548133b55826c3b9fa,Bruno Dias,Atento,2026-03-19 09:26:55,2026-03-19 09:38:27,692.0,2026-03-19,simulated
Escola Estadual Criança Esperança,Matemática,Professora_Ana,eb3c72a0bb37fffc786f4ab3c5d9dcfeff614019a87ad1548133b55826c3b9fa,Bruno Dias,Perguntando,2026-03-19 09:38:27,2026-03-19 09:38:55,28.0,2026-03-19,simulated
Escola Estadual Criança Esperança,Matemática,Professora_Ana,eb3c72a0bb37fffc786f4ab3c5d9dcfeff614019a87ad1548133b55826c3b9fa,Bruno Dias,Agitado,2026-03-19 09:39:03,2026-03-19 09:40:27,84.0,2026-03-19,simulated
Escola Estadual Criança Esperança,Matemática,Professora_Ana,eb3c72a0bb37fffc786f4ab3c5d9dcfeff614019a87ad1548133b55826c3b9fa,Bruno Dias,Distraido,2026-03-19 09:40:28,2026-03-19 09:42:07,99.0,2026-03-19,simulated
Escola Estadual Criança Esperança,Matemática,Professora_Ana,eb3c72a0bb37fffc786f4ab3c5d9dcfeff614019a87ad1548133b55826c3b9fa,Bruno Dias,Atento,2026-03-19 09:42:12,2026-03-19 09:49:56,464.0,2026-03-19,simulated
Escola Estadual Criança Esperança,Matemática,Professora_Ana,eb3c72a0bb37fffc786f4ab3c5d9dcfeff614019a87ad1548133b55826c3b9fa,Bruno Dias,Distraido,2026-03-19 09:50:01,2026-03-19 09:52:26,145.0,2026-03-19,simulated
Escola Estadual Criança Esperança,Matemática,Professora_Ana,eb3c72a0bb37fffc786f4ab3c5d9dcfeff614019a87ad1548133b55826c3b9fa,Bruno Dias,Atento,2026-03-19 09:52:29,2026-03-19 09:59:29,420.0,2026-03-19,simulated
Escola Estadual Criança Esperança,Matemática,Professora_Ana,eb3c72a0bb37fffc786f4ab3c5d9dcfeff614019a87ad1548133b55826c3b9fa,Bruno Dias,Distraido,2026-03-19 09:59:32,2026-03-19 10:00:45,73.0,2026-03-19,simulated
Escola Estadual Criança Esperança,Matemática,Professora_Ana,eb3c72a0bb37fffc786f4ab3c5d9dcfeff614019a87ad1548133b55826c3b9fa,Bruno Dias,Atento,2026-03-19 10:00:52,2026-03-19 10:08:36,464.0,2026-03-19,simulated
Escola Estadual Criança Esperança,Matemática,Professora_Ana,eb3c72a0bb37fffc786f4ab3c5d9dcfeff614019a87ad1548133b55826c3b9fa,Bruno Dias,Agitado,2026-03-19 10:08:44,2026-03-19 10:10:11,87.0,2026-03-19,simulated
Escola Estadual Criança Esperança,Matemática,Professora_Ana,eb3c72a0bb37fffc786f4ab3c5d9dcfeff614019a87ad1548133b55826c3b9fa,Bruno Dias,Distraido,2026-03-19 10:10:12,2026-03-19 10:11:49,97.0,2026-03-19,simulated
Escola Estadual Criança Esperança,Matemática,Professora_Ana,eb3c72a0bb37fffc786f4ab3c5d9dcfeff614019a87ad1548133b55826c3b9fa,Bruno Dias,Agitado,2026-03-19 10:11:57,2026-03-19 10:13:17,80.0,2026-03-19,simulated
Escola Estadual Criança Esperança,Matemática,Professora_Ana,eb3c72a0bb37fffc786f4ab3c5d9dcfeff614019a87ad1548133b55826c3b9fa,Bruno Dias,Distraido,2026-03-19 10:13:18,2026-03-19 10:14:06,48.0,2026-03-19,simulated
Escola Estadual Criança Esperança,Matemática,Professora_Ana,eb3c72a0bb37fffc786f4ab3c5d9dcfeff614019a87ad1548133b55826c3b9fa,Bruno Dias,Perguntando,2026-03-19 10:14:12,2026-03-19 10:14:25,13.0,2026-03-19,simulated
Escola Estadual Criança Esperança,Matemática,Professora_Ana,eb3c72a0bb37fffc786f4ab3c5d9dcfeff614019a87ad1548133b55826c3b9fa,Bruno Dias,Atento,2026-03-19 10:14:29,2026-03-19 10:25:19,650.0,2026-03-19,simulated
Escola Estadual Criança Esperança,Matemática,Professora_Ana,eb3c72a0bb37fffc786f4ab3c5d9dcfeff614019a87ad1548133b55826c3b9fa,Bruno Dias,Dormindo,2026-03-19 10:25:20,2026-03-19 10:27:44,144.0,2026-03-19,simulated
Escola Estadual Criança Esperança,Matemática,Professora_Ana,eb3c72a0bb37fffc786f4ab3c5d9dcfeff614019a87ad1548133b55826c3b9fa,Bruno Dias,Atento,2026-03-19 10:27:52,2026-03-19 10:34:43,411.0,2026-03-19,simulated
Escola Estadual Criança Esperança,Matemática,Professora_Ana,eb3c72a0bb37fffc786f4ab3c5d9dcfeff614019a87ad1548133b55826c3b9fa,Bruno Dias,Distraido,2026-03-19 10:34:49,2026-03-19 10:36:55,126.0,2026-03-19,simulated
Escola Estadual Criança Esperança,Matemática,Professora_Ana,eb3c72a0bb37fffc786f4ab3c5d9dcfeff614019a87ad1548133b55826c3b9fa,Bruno Dias,Atento,2026-03-19 10:37:02,2026-03-19 10:46:11,549.0,2026-03-19,simulated
Escola Estadual Criança Esperança,Matemática,Professora_Ana,eb3c72a0bb37fffc786f4ab3c5d9dcfeff614019a87ad1548133b55826c3b9fa,Bruno Dias,Distraido,2026-03-19 10:46:13,2026-03-19 10:48:09,116.0,2026-03-19,simulated
Escola Estadual Criança Esperança,Matemática,Professora_Ana,eb3c72a0bb37fffc786f4ab3c5d9dcfeff614019a87ad1548133b55826c3b9fa,Bruno Dias,Dormindo,2026-03-19 10:48:14,2026-03-19 10:51:15,181.0,2026-03-19,simulated
Escola Estadual Criança Esperança,Matemática,Professora_Ana,eb3c72a0bb37fffc786f4ab3c5d9dcfeff614019a87ad1548133b55826c3b9fa,Bruno Dias,Agitado,2026-03-19 10:51:22,2026-03-19 10:52:01,39.0,2026-03-19,simulated
Escola Estadual Criança Esperança,Matemática,Professora_Ana,eb3c72a0bb37fffc786f4ab3c5d9dcfeff614019a87ad1548133b55826c3b9fa,Bruno Dias,Distraido,2026-03-19 10:52:03,2026-03-19 10:53:37,94.0,2026-03-19,simulated
Escola Estadual Criança Esperança,Matemática,Professora_Ana,eb3c72a0bb37fffc786f4ab3c5d9dcfeff614019a87ad1548133b55826c3b9fa,Bruno Dias,Agitado,2026-03-19 10:53:44,2026-03-19 10:55:12,88.0,2026-03-19,simulated
Escola Estadual Criança Esperança,Matemática,Professora_Ana,eb3c72a0bb37fffc786f4ab3c5d9dcfeff614019a87ad1548133b55826c3b9fa,Bruno Dias,Atento,2026-03-19 10:55:13,2026-03-19 11:00:40,327.0,2026-03-19,simulated
Escola Estadual Criança Esperança,Matemática,Professora_Ana,eb3c72a0bb37fffc786f4ab3c5d9dcfeff614019a87ad1548133b55826c3b9fa,Bruno Dias,Distraido,2026-03-19 11:00:45,2026-03-19 11:02:30,105.0,2026-03-19,simulated
Escola Estadual Criança Esperança,Matemática,Professora_Ana,eb3c72a0bb37fffc786f4ab3c5d9dcfeff614019a87ad1548133b55826c3b9fa,Bruno Dias,Agitado,2026-03-19 11:02:32,2026-03-19 11:02:54,22.0,2026-03-19,simulated
Escola Estadual Criança Esperança,Matemática,Professora_Ana,eb3c72a0bb37fffc786f4ab3c5d9dcfeff614019a87ad1548133b55826c3b9fa,Bruno Dias,Atento,2026-03-19 11:03:00,2026-03-19 11:14:07,667.0,2026-03-19,simulated
Escola Estadual Criança Esperança,Matemática,Professora_Ana,eb3c72a0bb37fffc786f4ab3c5d9dcfeff614019a87ad1548133b55826c3b9fa,Bruno Dias,Distraido,2026-03-19 11:14:08,2026-03-19 11:15:49,101.0,2026-03-19,simulated
Escola Estadual Criança Esperança,Matemática,Professora_Ana,eb3c72a0bb37fffc786f4ab3c5d9dcfeff614019a87ad1548133b55826c3b9fa,Bruno Dias,Atento,2026-03-19 11:15:57,2026-03-19 11:27:18,681.0,2026-03-19,simulated
Escola Estadual Criança Esperança,Matemática,Professora_Ana,eb3c72a0bb37fffc786f4ab3c5d9dcfeff614019a87ad1548133b55826c3b9fa,Bruno Dias,Distraido,2026-03-19 11:27:20,2026-03-19 11:28:30,70.0,2026-03-19,simulated
Escola Estadual Criança Esperança,Matemática,Professora_Ana,eb3c72a0bb37fffc786f4ab3c5d9dcfeff614019a87ad1548133b55826c3b9fa,Bruno Dias,Atento,2026-03-19 11:28:34,2026-03-19 11:35:02,388.0,2026-03-19,simulated
Escola Estadual Criança Esperança,Matemática,Professora_Ana,eb3c72a0bb37fffc786f4ab3c5d9dcfeff614019a87ad1548133b55826c3b9fa,Bruno Dias,Distraido,2026-03-19 11:35:07,2026-03-19 11:37:09,122.0,2026-03-19,simulated
Escola Estadual Criança Esperança,Matemática,Professora_Ana,eb3c72a0bb37fffc786f4ab3c5d9dcfeff614019a87ad1548133b55826c3b9fa,Bruno Dias,Atento,2026-03-19 11:37:10,2026-03-19 11:44:00,410.0,2026-03-19,simulated
Escola Estadual Criança Esperança,Matemática,Professora_Ana,dc9a95b5ba8bb57ac1e73ab7f8c125406ac4da1026d061aaf30426faf91b662f,Ruti da Costa Lima,Agitado,2026-03-19 08:06:00,2026-03-19 08:06:37,37.0,2026-03-19,simulated
Escola Estadual Criança Esperança,Matemática,Professora_Ana,dc9a95b5ba8bb57ac1e73ab7f8c125406ac4da1026d061aaf30426faf91b662f,Ruti da Costa Lima,Distraido,2026-03-19 08:06:38,2026-03-19 08:07:56,78.0,2026-03-19,simulated
Escola Estadual Criança Esperança,Matemática,Professora_Ana,dc9a95b5ba8bb57ac1e73ab7f8c125406ac4da1026d061aaf30426faf91b662f,Ruti da Costa Lima,Atento,2026-03-19 08:08:02,2026-03-19 08:18:13,611.0,2026-03-19,simulated
Escola Estadual Criança Esperança,Matemática,Professora_Ana,dc9a95b5ba8bb57ac1e73ab7f8c125406ac4da1026d061aaf30426faf91b662f,Ruti da Costa Lima,Distraido,2026-03-19 08:18:16,2026-03-19 08:19:14,58.0,2026-03-19,simulated
Escola Estadual Criança Esperança,Matemática,Professora_Ana,dc9a95b5ba8bb57ac1e73ab7f8c125406ac4da1026d061aaf30426faf91b662f,Ruti da Costa Lima,Atento,2026-03-19 08:19:14,2026-03-19 08:27:01,467.0,2026-03-19,simulated
Escola Estadual Criança Esperança,Matemática,Professora_Ana,dc9a95b5ba8bb57ac1e73ab7f8c125406ac4da1026d061aaf30426faf91b662f,Ruti da Costa Lima,Dormindo,2026-03-19 08:27:06,2026-03-19 08:29:38,152.0,2026-03-19,simulated
Escola Estadual Criança Esperança,Matemática,Professora_Ana,dc9a95b5ba8bb57ac1e73ab7f8c125406ac4da1026d061aaf30426faf91b662f,Ruti da Costa Lima,Distraido,2026-03-19 08:29:42,2026-03-19 08:31:12,90.0,2026-03-19,simulated
Escola Estadual Criança Esperança,Matemática,Professora_Ana,dc9a95b5ba8bb57ac1e73ab7f8c125406ac4da1026d061aaf30426faf91b662f,Ruti da Costa Lima,Dormindo,2026-03-19 08:31:15,2026-03-19 08:33:26,131.0,2026-03-19,simulated
Escola Estadual Criança Esperança,Matemática,Professora_Ana,dc9a95b5ba8bb57ac1e73ab7f8c125406ac4da1026d061aaf30426faf91b662f,Ruti da Costa Lima,Distraido,2026-03-19 08:33:28,2026-03-19 08:35:22,114.0,2026-03-19,simulated
Escola Estadual Criança Esperança,Matemática,Professora_Ana,dc9a95b5ba8bb57ac1e73ab7f8c125406ac4da1026d061aaf30426faf91b662f,Ruti da Costa Lima,Dormindo,2026-03-19 08:35:24,2026-03-19 08:40:18,294.0,2026-03-19,simulated
Escola Estadual Criança Esperança,Matemática,Professora_Ana,dc9a95b5ba8bb57ac1e73ab7f8c125406ac4da1026d061aaf30426faf91b662f,Ruti da Costa Lima,Distraido,2026-03-19 08:40:26,2026-03-19 08:43:25,179.0,2026-03-19,simulated
Escola Estadual Criança Esperança,Matemática,Professora_Ana,dc9a95b5ba8bb57ac1e73ab7f8c125406ac4da1026d061aaf30426faf91b662f,Ruti da Costa Lima,Atento,2026-03-19 08:43:26,2026-03-19 08:50:44,438.0,2026-03-19,simulated
Escola Estadual Criança Esperança,Matemática,Professora_Ana,dc9a95b5ba8bb57ac1e73ab7f8c125406ac4da1026d061aaf30426faf91b662f,Ruti da Costa Lima,Distraido,2026-03-19 08:50:46,2026-03-19 08:51:43,57.0,2026-03-19,simulated
Escola Estadual Criança Esperança,Matemática,Professora_Ana,dc9a95b5ba8bb57ac1e73ab7f8c125406ac4da1026d061aaf30426faf91b662f,Ruti da Costa Lima,Dormindo,2026-03-19 08:51:50,2026-03-19 08:54:22,152.0,2026-03-19,simulated
Escola Estadual Criança Esperança,Matemática,Professora_Ana,dc9a95b5ba8bb57ac1e73ab7f8c125406ac4da1026d061aaf30426faf91b662f,Ruti da Costa Lima,Distraido,2026-03-19 08:54:30,2026-03-19 08:56:00,90.0,2026-03-19,simulated
Escola Estadual Criança Esperança,Matemática,Professora_Ana,dc9a95b5ba8bb57ac1e73ab7f8c125406ac4da1026d061aaf30426faf91b662f,Ruti da Costa Lima,Atento,2026-03-19 08:56:03,2026-03-19 09:06:08,605.0,2026-03-19,simulated
Escola Estadual Criança Esperança,Matemática,Professora_Ana,dc9a95b5ba8bb57ac1e73ab7f8c125406ac4da1026d061aaf30426faf91b662f,Ruti da Costa Lima,Dormindo,2026-03-19 09:06:09,2026-03-19 09:09:34,205.0,2026-03-19,simulated
Escola Estadual Criança Esperança,Matemática,Professora_Ana,dc9a95b5ba8bb57ac1e73ab7f8c125406ac4da1026d061aaf30426faf91b662f,Ruti da Costa Lima,Atento,2026-03-19 09:09:39,2026-03-19 09:15:56,377.0,2026-03-19,simulated
Escola Estadual Criança Esperança,Matemática,Professora_Ana,dc9a95b5ba8bb57ac1e73ab7f8c125406ac4da1026d061aaf30426faf91b662f,Ruti da Costa Lima,Distraido,2026-03-19 09:15:58,2026-03-19 09:18:31,153.0,2026-03-19,simulated
Escola Estadual Criança Esperança,Matemática,Professora_Ana,dc9a95b5ba8bb57ac1e73ab7f8c125406ac4da1026d061aaf30426faf91b662f,Ruti da Costa Lima,Perguntando,2026-03-19 09:18:32,2026-03-19 09:19:06,34.0,2026-03-19,simulated
Escola Estadual Criança Esperança,Matemática,Professora_Ana,dc9a95b5ba8bb57ac1e73ab7f8c125406ac4da1026d061aaf30426faf91b662f,Ruti da Costa Lima,Agitado,2026-03-19 09:19:14,2026-03-19 09:19:49,35.0,2026-03-19,simulated
Escola Estadual Criança Esperança,Matemática,Professora_Ana,dc9a95b5ba8bb57ac1e73ab7f8c125406ac4da1026d061aaf30426faf91b662f,Ruti da Costa Lima,Dormindo,2026-03-19 09:19:51,2026-03-19 09:21:03,72.0,2026-03-19,simulated
Escola Estadual Criança Esperança,Matemática,Professora_Ana,dc9a95b5ba8bb57ac1e73ab7f8c125406ac4da1026d061aaf30426faf91b662f,Ruti da Costa Lima,Perguntando,2026-03-19 09:21:04,2026-03-19 09:21:43,39.0,2026-03-19,simulated
Escola Estadual Criança Esperança,Matemática,Professora_Ana,dc9a95b5ba8bb57ac1e73ab7f8c125406ac4da1026d061aaf30426faf91b662f,Ruti da Costa Lima,Dormindo,2026-03-19 09:21:43,2026-03-19 09:24:50,187.0,2026-03-19,simulated
Escola Estadual Criança Esperança,Matemática,Professora_Ana,dc9a95b5ba8bb57ac1e73ab7f8c125406ac4da1026d061aaf30426faf91b662f,Ruti da Costa Lima,Agitado,2026-03-19 09:24:55,2026-03-19 09:26:18,83.0,2026-03-19,simulated
Escola Estadual Criança Esperança,Matemática,Professora_Ana,dc9a95b5ba8bb57ac1e73ab7f8c125406ac4da1026d061aaf30426faf91b662f,Ruti da Costa Lima,Perguntando,2026-03-19 09:26:19,2026-03-19 09:26:31,12.0,2026-03-19,simulated
Escola Estadual Criança Esperança,Matemática,Professora_Ana,dc9a95b5ba8bb57ac1e73ab7f8c125406ac4da1026d061aaf30426faf91b662f,Ruti da Costa Lima,Atento,2026-03-19 09:26:32,2026-03-19 09:34:06,454.0,2026-03-19,simulated
Escola Estadual Criança Esperança,Matemática,Professora_Ana,dc9a95b5ba8bb57ac1e73ab7f8c125406ac4da1026d061aaf30426faf91b662f,Ruti da Costa Lima,Perguntando,2026-03-19 09:34:10,2026-03-19 09:34:48,38.0,2026-03-19,simulated
Escola Estadual Criança Esperança,Matemática,Professora_Ana,dc9a95b5ba8bb57ac1e73ab7f8c125406ac4da1026d061aaf30426faf91b662f,Ruti da Costa Lima,Atento,2026-03-19 09:34:52,2026-03-19 09:41:37,405.0,2026-03-19,simulated
Escola Estadual Criança Esperança,Matemática,Professora_Ana,dc9a95b5ba8bb57ac1e73ab7f8c125406ac4da1026d061aaf30426faf91b662f,Ruti da Costa Lima,Dormindo,2026-03-19 09:41:43,2026-03-19 09:43:18,95.0,2026-03-19,simulated
Escola Estadual Criança Esperança,Matemática,Professora_Ana,dc9a95b5ba8bb57ac1e73ab7f8c125406ac4da1026d061aaf30426faf91b662f,Ruti da Costa Lima,Distraido,2026-03-19 09:43:18,2026-03-19 09:45:55,157.0,2026-03-19,simulated
Escola Estadual Criança Esperança,Matemática,Professora_Ana,dc9a95b5ba8bb57ac1e73ab7f8c125406ac4da1026d061aaf30426faf91b662f,Ruti da Costa Lima,Dormindo,2026-03-19 09:46:01,2026-03-19 09:49:51,230.0,2026-03-19,simulated
Escola Estadual Criança Esperança,Matemática,Professora_Ana,dc9a95b5ba8bb57ac1e73ab7f8c125406ac4da1026d061aaf30426faf91b662f,Ruti da Costa Lima,Distraido,2026-03-19 09:49:56,2026-03-19 09:51:53,117.0,2026-03-19,simulated
Escola Estadual Criança Esperança,Matemática,Professora_Ana,dc9a95b5ba8bb57ac1e73ab7f8c125406ac4da1026d061aaf30426faf91b662f,Ruti da Costa Lima,Dormindo,2026-03-19 09:51:59,2026-03-19 09:53:42,103.0,2026-03-19,simulated
Escola Estadual Criança Esperança,Matemática,Professora_Ana,dc9a95b5ba8bb57ac1e73ab7f8c125406ac4da1026d061aaf30426faf91b662f,Ruti da Costa Lima,Distraido,2026-03-19 09:53:46,2026-03-19 09:55:59,133.0,2026-03-19,simulated
Escola Estadual Criança Esperança,Matemática,Professora_Ana,dc9a95b5ba8bb57ac1e73ab7f8c125406ac4da1026d061aaf30426faf91b662f,Ruti da Costa Lima,Atento,2026-03-19 09:56:03,2026-03-19 10:04:39,516.0,2026-03-19,simulated
Escola Estadual Criança Esperança,Matemática,Professora_Ana,dc9a95b5ba8bb57ac1e73ab7f8c125406ac4da1026d061aaf30426faf91b662f,Ruti da Costa Lima,Agitado,2026-03-19 10:04:45,2026-03-19 10:05:51,66.0,2026-03-19,simulated
Escola Estadual Criança Esperança,Matemática,Professora_Ana,dc9a95b5ba8bb57ac1e73ab7f8c125406ac4da1026d061aaf30426faf91b662f,Ruti da Costa Lima,Dormindo,2026-03-19 10:05:54,2026-03-19 10:10:27,273.0,2026-03-19,simulated
Escola Estadual Criança Esperança,Matemática,Professora_Ana,dc9a95b5ba8bb57ac1e73ab7f8c125406ac4da1026d061aaf30426faf91b662f,Ruti da Costa Lima,Distraido,2026-03-19 10:10:33,2026-03-19 10:13:08,155.0,2026-03-19,simulated
Escola Estadual Criança Esperança,Matemática,Professora_Ana,dc9a95b5ba8bb57ac1e73ab7f8c125406ac4da1026d061aaf30426faf91b662f,Ruti da Costa Lima,Dormindo,2026-03-19 10:13:16,2026-03-19 10:14:47,91.0,2026-03-19,simulated
Escola Estadual Criança Esperança,Matemática,Professora_Ana,dc9a95b5ba8bb57ac1e73ab7f8c125406ac4da1026d061aaf30426faf91b662f,Ruti da Costa Lima,Atento,2026-03-19 10:14:48,2026-03-19 10:19:50,302.0,2026-03-19,simulated
Escola Estadual Criança Esperança,Matemática,Professora_Ana,dc9a95b5ba8bb57ac1e73ab7f8c125406ac4da1026d061aaf30426faf91b662f,Ruti da Costa Lima,Dormindo,2026-03-19 10:19:58,2026-03-19 10:21:27,89.0,2026-03-19,simulated
Escola Estadual Criança Esperança,Matemática,Professora_Ana,dc9a95b5ba8bb57ac1e73ab7f8c125406ac4da1026d061aaf30426faf91b662f,Ruti da Costa Lima,Distraido,2026-03-19 10:21:27,2026-03-19 10:22:43,76.0,2026-03-19,simulated
Escola Estadual Criança Esperança,Matemática,Professora_Ana,dc9a95b5ba8bb57ac1e73ab7f8c125406ac4da1026d061aaf30426faf91b662f,Ruti da Costa Lima,Dormindo,2026-03-19 10:22:47,2026-03-19 10:25:26,159.0,2026-03-19,simulated
Escola Estadual Criança Esperança,Matemática,Professora_Ana,dc9a95b5ba8bb57ac1e73ab7f8c125406ac4da1026d061aaf30426faf91b662f,Ruti da Costa Lima,Perguntando,2026-03-19 10:25:32,2026-03-19 10:26:06,34.0,2026-03-19,simulated
Escola Estadual Criança Esperança,Matemática,Professora_Ana,dc9a95b5ba8bb57ac1e73ab7f8c125406ac4da1026d061aaf30426faf91b662f,Ruti da Costa Lima,Distraido,2026-03-19 10:26:10,2026-03-19 10:27:27,77.0,2026-03-19,simulated
Escola Estadual Criança Esperança,Matemática,Professora_Ana,dc9a95b5ba8bb57ac1e73ab7f8c125406ac4da1026d061aaf30426faf91b662f,Ruti da Costa Lima,Dormindo,2026-03-19 10:27:29,2026-03-19 10:30:32,183.0,2026-03-19,simulated
Escola Estadual Criança Esperança,Matemática,Professora_Ana,dc9a95b5ba8bb57ac1e73ab7f8c125406ac4da1026d061aaf30426faf91b662f,Ruti da Costa Lima,Atento,2026-03-19 10:30:37,2026-03-19 10:38:41,484.0,2026-03-19,simulated
Escola Estadual Criança Esperança,Matemática,Professora_Ana,dc9a95b5ba8bb57ac1e73ab7f8c125406ac4da1026d061aaf30426faf91b662f,Ruti da Costa Lima,Distraido,2026-03-19 10:38:46,2026-03-19 10:40:13,87.0,2026-03-19,simulated
Escola Estadual Criança Esperança,Matemática,Professora_Ana,dc9a95b5ba8bb57ac1e73ab7f8c125406ac4da1026d061aaf30426faf91b662f,Ruti da Costa Lima,Atento,2026-03-19 10:40:14,2026-03-19 10:46:25,371.0,2026-03-19,simulated
Escola Estadual Criança Esperança,Matemática,Professora_Ana,dc9a95b5ba8bb57ac1e73ab7f8c125406ac4da1026d061aaf30426faf91b662f,Ruti da Costa Lima,Agitado,2026-03-19 10:46:30,2026-03-19 10:47:29,59.0,2026-03-19,simulated
Escola Estadual Criança Esperança,Matemática,Professora_Ana,dc9a95b5ba8bb57ac1e73ab7f8c125406ac4da1026d061aaf30426faf91b662f,Ruti da Costa Lima,Distraido,2026-03-19 10:47:29,2026-03-19 10:48:23,54.0,2026-03-19,simulated
Escola Estadual Criança Esperança,Matemática,Professora_Ana,dc9a95b5ba8bb57ac1e73ab7f8c125406ac4da1026d061aaf30426faf91b662f,Ruti da Costa Lima,Dormindo,2026-03-19 10:48:31,2026-03-19 10:50:53,142.0,2026-03-19,simulated
Escola Estadual Criança Esperança,Matemática,Professora_Ana,dc9a95b5ba8bb57ac1e73ab7f8c125406ac4da1026d061aaf30426faf91b662f,Ruti da Costa Lima,Distraido,2026-03-19 10:50:56,2026-03-19 10:52:50,114.0,2026-03-19,simulated
Escola Estadual Criança Esperança,Matemática,Professora_Ana,dc9a95b5ba8bb57ac1e73ab7f8c125406ac4da1026d061aaf30426faf91b662f,Ruti da Costa Lima,Agitado,2026-03-19 10:52:50,2026-03-19 10:54:12,82.0,2026-03-19,simulated
Escola Estadual Criança Esperança,Matemática,Professora_Ana,dc9a95b5ba8bb57ac1e73ab7f8c125406ac4da1026d061aaf30426faf91b662f,Ruti da Costa Lima,Distraido,2026-03-19 10:54:13,2026-03-19 10:55:57,104.0,2026-03-19,simulated
Escola Estadual Criança Esperança,Matemática,Professora_Ana,dc9a95b5ba8bb57ac1e73ab7f8c125406ac4da1026d061aaf30426faf91b662f,Ruti da Costa Lima,Dormindo,2026-03-19 10:56:02,2026-03-19 10:57:56,114.0,2026-03-19,simulated
Escola Estadual Criança Esperança,Matemática,Professora_Ana,dc9a95b5ba8bb57ac1e73ab7f8c125406ac4da1026d061aaf30426faf91b662f,Ruti da Costa Lima,Atento,2026-03-19 10:58:01,2026-03-19 11:05:04,423.0,2026-03-19,simulated
Escola Estadual Criança Esperança,Matemática,Professora_Ana,dc9a95b5ba8bb57ac1e73ab7f8c125406ac4da1026d061aaf30426faf91b662f,Ruti da Costa Lima,Perguntando,2026-03-19 11:05:09,2026-03-19 11:05:26,17.0,2026-03-19,simulated
Escola Estadual Criança Esperança,Matemática,Professora_Ana,dc9a95b5ba8bb57ac1e73ab7f8c125406ac4da1026d061aaf30426faf91b662f,Ruti da Costa Lima,Distraido,2026-03-19 11:05:34,2026-03-19 11:07:51,137.0,2026-03-19,simulated
Escola Estadual Criança Esperança,Matemática,Professora_Ana,dc9a95b5ba8bb57ac1e73ab7f8c125406ac4da1026d061aaf30426faf91b662f,Ruti da Costa Lima,Atento,2026-03-19 11:07:51,2026-03-19 11:15:54,483.0,2026-03-19,simulated
Escola Estadual Criança Esperança,Matemática,Professora_Ana,dc9a95b5ba8bb57ac1e73ab7f8c125406ac4da1026d061aaf30426faf91b662f,Ruti da Costa Lima,Dormindo,2026-03-19 11:15:58,2026-03-19 11:20:28,270.0,2026-03-19,simulated
Escola Estadual Criança Esperança,Matemática,Professora_Ana,dc9a95b5ba8bb57ac1e73ab7f8c125406ac4da1026d061aaf30426faf91b662f,Ruti da Costa Lima,Agitado,2026-03-19 11:20:33,2026-03-19 11:21:40,67.0,2026-03-19,simulated
Escola Estadual Criança Esperança,Matemática,Professora_Ana,dc9a95b5ba8bb57ac1e73ab7f8c125406ac4da1026d061aaf30426faf91b662f,Ruti da Costa Lima,Distraido,2026-03-19 11:21:40,2026-03-19 11:23:16,96.0,2026-03-19,simulated
Escola Estadual Criança Esperança,Matemática,Professora_Ana,dc9a95b5ba8bb57ac1e73ab7f8c125406ac4da1026d061aaf30426faf91b662f,Ruti da Costa Lima,Agitado,2026-03-19 11:23:21,2026-03-19 11:23:48,27.0,2026-03-19,simulated
Escola Estadual Criança Esperança,Matemática,Professora_Ana,dc9a95b5ba8bb57ac1e73ab7f8c125406ac4da1026d061aaf30426faf91b662f,Ruti da Costa Lima,Distraido,2026-03-19 11:23:54,2026-03-19 11:25:23,89.0,2026-03-19,simulated
Escola Estadual Criança Esperança,Matemática,Professora_Ana,dc9a95b5ba8bb57ac1e73ab7f8c125406ac4da1026d061aaf30426faf91b662f,Ruti da Costa Lima,Dormindo,2026-03-19 11:25:25,2026-03-19 11:28:05,160.0,2026-03-19,simulated
Escola Estadual Criança Esperança,Matemática,Professora_Ana,dc9a95b5ba8bb57ac1e73ab7f8c125406ac4da1026d061aaf30426faf91b662f,Ruti da Costa Lima,Atento,2026-03-19 11:28:12,2026-03-19 11:34:36,384.0,2026-03-19,simulated
Escola Estadual Criança Esperança,Matemática,Professora_Ana,dc9a95b5ba8bb57ac1e73ab7f8c125406ac4da1026d061aaf30426faf91b662f,Ruti da Costa Lima,Dormindo,2026-03-19 11:34:39,2026-03-19 11:38:56,257.0,2026-03-19,simulated
Escola Estadual Criança Esperança,Matemática,Professora_Ana,dc9a95b5ba8bb57ac1e73ab7f8c125406ac4da1026d061aaf30426faf91b662f,Ruti da Costa Lima,Atento,2026-03-19 11:39:00,2026-03-19 11:45:32,392.0,2026-03-19,simulated
Escola Estadual Criança Esperança,Matemática,Professora_Ana,dc9a95b5ba8bb57ac1e73ab7f8c125406ac4da1026d061aaf30426faf91b662f,Ruti da Costa Lima,Dormindo,2026-03-19 11:45:33,2026-03-19 11:46:00,27.0,2026-03-19,simulated
Escola Estadual Criança Esperança,Matemática,Professora_Ana,1f5624d608f5310226c28aebea723be5755bef49bd56f7361fb66357f10133e5,Paullo Geovanne,Distraido,2026-03-19 08:08:00,2026-03-19 08:09:21,81.0,2026-03-19,simulated
Escola Estadual Criança Esperança,Matemática,Professora_Ana,1f5624d608f5310226c28aebea723be5755bef49bd56f7361fb66357f10133e5,Paullo Geovanne,Atento,2026-03-19 08:09:22,2026-03-19 08:18:09,527.0,2026-03-19,simulated
Escola Estadual Criança Esperança,Matemática,Professora_Ana,1f5624d608f5310226c28aebea723be5755bef49bd56f7361fb66357f10133e5,Paullo Geovanne,Agitado,2026-03-19 08:18:15,2026-03-19 08:19:15,60.0,2026-03-19,simulated
Escola Estadual Criança Esperança,Matemática,Professora_Ana,1f5624d608f5310226c28aebea723be5755bef49bd56f7361fb66357f10133e5,Paullo Geovanne,Atento,2026-03-19 08:19:17,2026-03-19 08:25:48,391.0,2026-03-19,simulated
Escola Estadual Criança Esperança,Matemática,Professora_Ana,1f5624d608f5310226c28aebea723be5755bef49bd56f7361fb66357f10133e5,Paullo Geovanne,Perguntando,2026-03-19 08:25:54,2026-03-19 08:26:34,40.0,2026-03-19,simulated
Escola Estadual Criança Esperança,Matemática,Professora_Ana,1f5624d608f5310226c28aebea723be5755bef49bd56f7361fb66357f10133e5,Paullo Geovanne,Atento,2026-03-19 08:26:36,2026-03-19 08:37:59,683.0,2026-03-19,simulated
Escola Estadual Criança Esperança,Matemática,Professora_Ana,1f5624d608f5310226c28aebea723be5755bef49bd56f7361fb66357f10133e5,Paullo Geovanne,Distraido,2026-03-19 08:38:01,2026-03-19 08:39:32,91.0,2026-03-19,simulated
Escola Estadual Criança Esperança,Matemática,Professora_Ana,1f5624d608f5310226c28aebea723be5755bef49bd56f7361fb66357f10133e5,Paullo Geovanne,Perguntando,2026-03-19 08:39:32,2026-03-19 08:40:04,32.0,2026-03-19,simulated
Escola Estadual Criança Esperança,Matemática,Professora_Ana,1f5624d608f5310226c28aebea723be5755bef49bd56f7361fb66357f10133e5,Paullo Geovanne,Atento,2026-03-19 08:40:07,2026-03-19 08:50:57,650.0,2026-03-19,simulated
Escola Estadual Criança Esperança,Matemática,Professora_Ana,1f5624d608f5310226c28aebea723be5755bef49bd56f7361fb66357f10133e5,Paullo Geovanne,Perguntando,2026-03-19 08:51:03,2026-03-19 08:51:34,31.0,2026-03-19,simulated
Escola Estadual Criança Esperança,Matemática,Professora_Ana,1f5624d608f5310226c28aebea723be5755bef49bd56f7361fb66357f10133e5,Paullo Geovanne,Atento,2026-03-19 08:51:39,2026-03-19 09:03:39,720.0,2026-03-19,simulated
Escola Estadual Criança Esperança,Matemática,Professora_Ana,1f5624d608f5310226c28aebea723be5755bef49bd56f7361fb66357f10133e5,Paullo Geovanne,Perguntando,2026-03-19 09:03:42,2026-03-19 09:04:15,33.0,2026-03-19,simulated
Escola Estadual Criança Esperança,Matemática,Professora_Ana,1f5624d608f5310226c28aebea723be5755bef49bd56f7361fb66357f10133e5,Paullo Geovanne,Atento,2026-03-19 09:04:18,2026-03-19 09:10:40,382.0,2026-03-19,simulated
Escola Estadual Criança Esperança,Matemática,Professora_Ana,1f5624d608f5310226c28aebea723be5755bef49bd56f7361fb66357f10133e5,Paullo Geovanne,Perguntando,2026-03-19 09:10:48,2026-03-19 09:11:12,24.0,2026-03-19,simulated
Escola Estadual Criança Esperança,Matemática,Professora_Ana,1f5624d608f5310226c28aebea723be5755bef49bd56f7361fb66357f10133e5,Paullo Geovanne,Atento,2026-03-19 09:11:12,2026-03-19 09:18:39,447.0,2026-03-19,simulated
Escola Estadual Criança Esperança,Matemática,Professora_Ana,1f5624d608f5310226c28aebea723be5755bef49bd56f7361fb66357f10133e5,Paullo Geovanne,Perguntando,2026-03-19 09:18:43,2026-03-19 09:18:55,12.0,2026-03-19,simulated
Escola Estadual Criança Esperança,Matemática,Professora_Ana,1f5624d608f5310226c28aebea723be5755bef49bd56f7361fb66357f10133e5,Paullo Geovanne,Distraido,2026-03-19 09:19:01,2026-03-19 09:21:26,145.0,2026-03-19,simulated
Escola Estadual Criança Esperança,Matemática,Professora_Ana,1f5624d608f5310226c28aebea723be5755bef49bd56f7361fb66357f10133e5,Paullo Geovanne,Atento,2026-03-19 09:21:28,2026-03-19 09:30:11,523.0,2026-03-19,simulated
Escola Estadual Criança Esperança,Matemática,Professora_Ana,1f5624d608f5310226c28aebea723be5755bef49bd56f7361fb66357f10133e5,Paullo Geovanne,Perguntando,2026-03-19 09:30:11,2026-03-19 09:30:29,18.0,2026-03-19,simulated
Escola Estadual Criança Esperança,Matemática,Professora_Ana,1f5624d608f5310226c28aebea723be5755bef49bd56f7361fb66357f10133e5,Paullo Geovanne,Atento,2026-03-19 09:30:31,2026-03-19 09:38:30,479.0,2026-03-19,simulated
Escola Estadual Criança Esperança,Matemática,Professora_Ana,1f5624d608f5310226c28aebea723be5755bef49bd56f7361fb66357f10133e5,Paullo Geovanne,Perguntando,2026-03-19 09:38:35,2026-03-19 09:38:56,21.0,2026-03-19,simulated
Escola Estadual Criança Esperança,Matemática,Professora_Ana,1f5624d608f5310226c28aebea723be5755bef49bd56f7361fb66357f10133e5,Paullo Geovanne,Atento,2026-03-19 09:38:57,2026-03-19 09:49:02,605.0,2026-03-19,simulated
Escola Estadual Criança Esperança,Matemática,Professora_Ana,1f5624d608f5310226c28aebea723be5755bef49bd56f7361fb66357f10133e5,Paullo Geovanne,Distraido,2026-03-19 09:49:09,2026-03-19 09:51:23,134.0,2026-03-19,simulated
Escola Estadual Criança Esperança,Matemática,Professora_Ana,1f5624d608f5310226c28aebea723be5755bef49bd56f7361fb66357f10133e5,Paullo Geovanne,Atento,2026-03-19 09:51:28,2026-03-19 10:02:59,691.0,2026-03-19,simulated
Escola Estadual Criança Esperança,Matemática,Professora_Ana,1f5624d608f5310226c28aebea723be5755bef49bd56f7361fb66357f10133e5,Paullo Geovanne,Perguntando,2026-03-19 10:03:00,2026-03-19 10:03:15,15.0,2026-03-19,simulated
Escola Estadual Criança Esperança,Matemática,Professora_Ana,1f5624d608f5310226c28aebea723be5755bef49bd56f7361fb66357f10133e5,Paullo Geovanne,Distraido,2026-03-19 10:03:17,2026-03-19 10:04:35,78.0,2026-03-19,simulated
Escola Estadual Criança Esperança,Matemática,Professora_Ana,1f5624d608f5310226c28aebea723be5755bef49bd56f7361fb66357f10133e5,Paullo Geovanne,Atento,2026-03-19 10:04:35,2026-03-19 10:10:02,327.0,2026-03-19,simulated
Escola Estadual Criança Esperança,Matemática,Professora_Ana,1f5624d608f5310226c28aebea723be5755bef49bd56f7361fb66357f10133e5,Paullo Geovanne,Agitado,2026-03-19 10:10:02,2026-03-19 10:10:49,47.0,2026-03-19,simulated
Escola Estadual Criança Esperança,Matemática,Professora_Ana,1f5624d608f5310226c28aebea723be5755bef49bd56f7361fb66357f10133e5,Paullo Geovanne,Atento,2026-03-19 10:10:53,2026-03-19 10:16:00,307.0,2026-03-19,simulated
Escola Estadual Criança Esperança,Matemática,Professora_Ana,1f5624d608f5310226c28aebea723be5755bef49bd56f7361fb66357f10133e5,Paullo Geovanne,Distraido,2026-03-19 10:16:04,2026-03-19 10:18:18,134.0,2026-03-19,simulated
Escola Estadual Criança Esperança,Matemática,Professora_Ana,1f5624d608f5310226c28aebea723be5755bef49bd56f7361fb66357f10133e5,Paullo Geovanne,Atento,2026-03-19 10:18:25,2026-03-19 10:24:45,380.0,2026-03-19,simulated
Escola Estadual Criança Esperança,Matemática,Professora_Ana,1f5624d608f5310226c28aebea723be5755bef49bd56f7361fb66357f10133e5,Paullo Geovanne,Perguntando,2026-03-19 10:24:47,2026-03-19 10:25:26,39.0,2026-03-19,simulated
Escola Estadual Criança Esperança,Matemática,Professora_Ana,1f5624d608f5310226c28aebea723be5755bef49bd56f7361fb66357f10133e5,Paullo Geovanne,Atento,2026-03-19 10:25:28,2026-03-19 10:34:57,569.0,2026-03-19,simulated
Escola Estadual Criança Esperança,Matemática,Professora_Ana,1f5624d608f5310226c28aebea723be5755bef49bd56f7361fb66357f10133e5,Paullo Geovanne,Perguntando,2026-03-19 10:34:59,2026-03-19 10:35:24,25.0,2026-03-19,simulated
Escola Estadual Criança Esperança,Matemática,Professora_Ana,1f5624d608f5310226c28aebea723be5755bef49bd56f7361fb66357f10133e5,Paullo Geovanne,Atento,2026-03-19 10:35:27,2026-03-19 10:45:22,595.0,2026-03-19,simulated
Escola Estadual Criança Esperança,Matemática,Professora_Ana,1f5624d608f5310226c28aebea723be5755bef49bd56f7361fb66357f10133e5,Paullo Geovanne,Perguntando,2026-03-19 10:45:27,2026-03-19 10:45:53,26.0,2026-03-19,simulated
Escola Estadual Criança Esperança,Matemática,Professora_Ana,1f5624d608f5310226c28aebea723be5755bef49bd56f7361fb66357f10133e5,Paullo Geovanne,Atento,2026-03-19 10:45:59,2026-03-19 10:56:36,637.0,2026-03-19,simulated
Escola Estadual Criança Esperança,Matemática,Professora_Ana,1f5624d608f5310226c28aebea723be5755bef49bd56f7361fb66357f10133e5,Paullo Geovanne,Agitado,2026-03-19 10:56:40,2026-03-19 10:57:15,35.0,2026-03-19,simulated
Escola Estadual Criança Esperança,Matemática,Professora_Ana,1f5624d608f5310226c28aebea723be5755bef49bd56f7361fb66357f10133e5,Paullo Geovanne,Atento,2026-03-19 10:57:22,2026-03-19 11:09:07,705.0,2026-03-19,simulated
Escola Estadual Criança Esperança,Matemática,Professora_Ana,1f5624d608f5310226c28aebea723be5755bef49bd56f7361fb66357f10133e5,Paullo Geovanne,Atento,2026-03-19 11:09:09,2026-03-19 11:20:12,663.0,2026-03-19,simulated
Escola Estadual Criança Esperança,Matemática,Professora_Ana,1f5624d608f5310226c28aebea723be5755bef49bd56f7361fb66357f10133e5,Paullo Geovanne,Agitado,2026-03-19 11:20:14,2026-03-19 11:21:36,82.0,2026-03-19,simulated
Escola Estadual Criança Esperança,Matemática,Professora_Ana,1f5624d608f5310226c28aebea723be5755bef49bd56f7361fb66357f10133e5,Paullo Geovanne,Atento,2026-03-19 11:21:40,2026-03-19 11:29:32,472.0,2026-03-19,simulated
Escola Estadual Criança Esperança,Matemática,Professora_Ana,1f5624d608f5310226c28aebea723be5755bef49bd56f7361fb66357f10133e5,Paullo Geovanne,Perguntando,2026-03-19 11:29:36,2026-03-19 11:29:53,17.0,2026-03-19,simulated
Escola Estadual Criança Esperança,Matemática,Professora_Ana,1f5624d608f5310226c28aebea723be5755bef49bd56f7361fb66357f10133e5,Paullo Geovanne,Atento,2026-03-19 11:29:59,2026-03-19 11:37:13,434.0,2026-03-19,simulated
Escola Estadual Criança Esperança,Matemática,Professora_Ana,1f5624d608f5310226c28aebea723be5755bef49bd56f7361fb66357f10133e5,Paullo Geovanne,Distraido,2026-03-19 11:37:19,2026-03-19 11:38:16,57.0,2026-03-19,simulated
Escola Estadual Criança Esperança,Matemática,Professora_Ana,1f5624d608f5310226c28aebea723be5755bef49bd56f7361fb66357f10133e5,Paullo Geovanne,Atento,2026-03-19 11:38:24,2026-03-19 11:46:18,474.0,2026-03-19,simulated
Escola Estadual Criança Esperança,Matemática,Professora_Ana,1f5624d608f5310226c28aebea723be5755bef49bd56f7361fb66357f10133e5,Paullo Geovanne,Atento,2026-03-19 11:46:21,2026-03-19 11:48:00,99.0,2026-03-19,simulated
Escola Estadual Criança Esperança,Matemática,Professora_Ana,1dd437c73ff9fac4d9f9c9c4ba29924a8d14d31aa348772e1944c31cacebce98,Thiago Campos,Perguntando,2026-03-19 08:10:00,2026-03-19 08:10:39,39.0,2026-03-19,simulated
Escola Estadual Criança Esperança,Matemática,Professora_Ana,1dd437c73ff9fac4d9f9c9c4ba29924a8d14d31aa348772e1944c31cacebce98,Thiago Campos,Atento,2026-03-19 08:10:45,2026-03-19 08:15:52,307.0,2026-03-19,simulated
Escola Estadual Criança Esperança,Matemática,Professora_Ana,1dd437c73ff9fac4d9f9c9c4ba29924a8d14d31aa348772e1944c31cacebce98,Thiago Campos,Agitado,2026-03-19 08:15:56,2026-03-19 08:16:39,43.0,2026-03-19,simulated
Escola Estadual Criança Esperança,Matemática,Professora_Ana,1dd437c73ff9fac4d9f9c9c4ba29924a8d14d31aa348772e1944c31cacebce98,Thiago Campos,Atento,2026-03-19 08:16:45,2026-03-19 08:25:38,533.0,2026-03-19,simulated
Escola Estadual Criança Esperança,Matemática,Professora_Ana,1dd437c73ff9fac4d9f9c9c4ba29924a8d14d31aa348772e1944c31cacebce98,Thiago Campos,Perguntando,2026-03-19 08:25:45,2026-03-19 08:26:17,32.0,2026-03-19,simulated
Escola Estadual Criança Esperança,Matemática,Professora_Ana,1dd437c73ff9fac4d9f9c9c4ba29924a8d14d31aa348772e1944c31cacebce98,Thiago Campos,Agitado,2026-03-19 08:26:20,2026-03-19 08:27:50,90.0,2026-03-19,simulated
Escola Estadual Criança Esperança,Matemática,Professora_Ana,1dd437c73ff9fac4d9f9c9c4ba29924a8d14d31aa348772e1944c31cacebce98,Thiago Campos,Atento,2026-03-19 08:27:50,2026-03-19 08:35:09,439.0,2026-03-19,simulated
Escola Estadual Criança Esperança,Matemática,Professora_Ana,1dd437c73ff9fac4d9f9c9c4ba29924a8d14d31aa348772e1944c31cacebce98,Thiago Campos,Perguntando,2026-03-19 08:35:16,2026-03-19 08:35:44,28.0,2026-03-19,simulated
Escola Estadual Criança Esperança,Matemática,Professora_Ana,1dd437c73ff9fac4d9f9c9c4ba29924a8d14d31aa348772e1944c31cacebce98,Thiago Campos,Atento,2026-03-19 08:35:48,2026-03-19 08:45:55,607.0,2026-03-19,simulated
Escola Estadual Criança Esperança,Matemática,Professora_Ana,1dd437c73ff9fac4d9f9c9c4ba29924a8d14d31aa348772e1944c31cacebce98,Thiago Campos,Perguntando,2026-03-19 08:45:59,2026-03-19 08:46:14,15.0,2026-03-19,simulated
Escola Estadual Criança Esperança,Matemática,Professora_Ana,1dd437c73ff9fac4d9f9c9c4ba29924a8d14d31aa348772e1944c31cacebce98,Thiago Campos,Agitado,2026-03-19 08:46:16,2026-03-19 08:47:38,82.0,2026-03-19,simulated
Escola Estadual Criança Esperança,Matemática,Professora_Ana,1dd437c73ff9fac4d9f9c9c4ba29924a8d14d31aa348772e1944c31cacebce98,Thiago Campos,Perguntando,2026-03-19 08:47:45,2026-03-19 08:48:04,19.0,2026-03-19,simulated
Escola Estadual Criança Esperança,Matemática,Professora_Ana,1dd437c73ff9fac4d9f9c9c4ba29924a8d14d31aa348772e1944c31cacebce98,Thiago Campos,Atento,2026-03-19 08:48:07,2026-03-19 08:59:13,666.0,2026-03-19,simulated
Escola Estadual Criança Esperança,Matemática,Professora_Ana,1dd437c73ff9fac4d9f9c9c4ba29924a8d14d31aa348772e1944c31cacebce98,Thiago Campos,Distraido,2026-03-19 08:59:21,2026-03-19 09:00:36,75.0,2026-03-19,simulated
Escola Estadual Criança Esperança,Matemática,Professora_Ana,1dd437c73ff9fac4d9f9c9c4ba29924a8d14d31aa348772e1944c31cacebce98,Thiago Campos,Atento,2026-03-19 09:00:43,2026-03-19 09:07:43,420.0,2026-03-19,simulated
Escola Estadual Criança Esperança,Matemática,Professora_Ana,1dd437c73ff9fac4d9f9c9c4ba29924a8d14d31aa348772e1944c31cacebce98,Thiago Campos,Agitado,2026-03-19 09:07:43,2026-03-19 09:08:03,20.0,2026-03-19,simulated
Escola Estadual Criança Esperança,Matemática,Professora_Ana,1dd437c73ff9fac4d9f9c9c4ba29924a8d14d31aa348772e1944c31cacebce98,Thiago Campos,Atento,2026-03-19 09:08:07,2026-03-19 09:20:03,716.0,2026-03-19,simulated
Escola Estadual Criança Esperança,Matemática,Professora_Ana,1dd437c73ff9fac4d9f9c9c4ba29924a8d14d31aa348772e1944c31cacebce98,Thiago Campos,Perguntando,2026-03-19 09:20:04,2026-03-19 09:20:14,10.0,2026-03-19,simulated
Escola Estadual Criança Esperança,Matemática,Professora_Ana,1dd437c73ff9fac4d9f9c9c4ba29924a8d14d31aa348772e1944c31cacebce98,Thiago Campos,Atento,2026-03-19 09:20:19,2026-03-19 09:32:19,720.0,2026-03-19,simulated
Escola Estadual Criança Esperança,Matemática,Professora_Ana,1dd437c73ff9fac4d9f9c9c4ba29924a8d14d31aa348772e1944c31cacebce98,Thiago Campos,Distraido,2026-03-19 09:32:22,2026-03-19 09:33:45,83.0,2026-03-19,simulated
Escola Estadual Criança Esperança,Matemática,Professora_Ana,1dd437c73ff9fac4d9f9c9c4ba29924a8d14d31aa348772e1944c31cacebce98,Thiago Campos,Atento,2026-03-19 09:33:53,2026-03-19 09:44:16,623.0,2026-03-19,simulated
Escola Estadual Criança Esperança,Matemática,Professora_Ana,1dd437c73ff9fac4d9f9c9c4ba29924a8d14d31aa348772e1944c31cacebce98,Thiago Campos,Distraido,2026-03-19 09:44:21,2026-03-19 09:46:20,119.0,2026-03-19,simulated
Escola Estadual Criança Esperança,Matemática,Professora_Ana,1dd437c73ff9fac4d9f9c9c4ba29924a8d14d31aa348772e1944c31cacebce98,Thiago Campos,Agitado,2026-03-19 09:46:25,2026-03-19 09:47:36,71.0,2026-03-19,simulated
Escola Estadual Criança Esperança,Matemática,Professora_Ana,1dd437c73ff9fac4d9f9c9c4ba29924a8d14d31aa348772e1944c31cacebce98,Thiago Campos,Atento,2026-03-19 09:47:42,2026-03-19 09:58:21,639.0,2026-03-19,simulated
Escola Estadual Criança Esperança,Matemática,Professora_Ana,1dd437c73ff9fac4d9f9c9c4ba29924a8d14d31aa348772e1944c31cacebce98,Thiago Campos,Distraido,2026-03-19 09:58:24,2026-03-19 09:59:18,54.0,2026-03-19,simulated
Escola Estadual Criança Esperança,Matemática,Professora_Ana,1dd437c73ff9fac4d9f9c9c4ba29924a8d14d31aa348772e1944c31cacebce98,Thiago Campos,Perguntando,2026-03-19 09:59:23,2026-03-19 10:00:03,40.0,2026-03-19,simulated
Escola Estadual Criança Esperança,Matemática,Professora_Ana,1dd437c73ff9fac4d9f9c9c4ba29924a8d14d31aa348772e1944c31cacebce98,Thiago Campos,Atento,2026-03-19 10:00:04,2026-03-19 10:10:23,619.0,2026-03-19,simulated
Escola Estadual Criança Esperança,Matemática,Professora_Ana,1dd437c73ff9fac4d9f9c9c4ba29924a8d14d31aa348772e1944c31cacebce98,Thiago Campos,Perguntando,2026-03-19 10:10:31,2026-03-19 10:10:41,10.0,2026-03-19,simulated
Escola Estadual Criança Esperança,Matemática,Professora_Ana,1dd437c73ff9fac4d9f9c9c4ba29924a8d14d31aa348772e1944c31cacebce98,Thiago Campos,Atento,2026-03-19 10:10:49,2026-03-19 10:19:34,525.0,2026-03-19,simulated
Escola Estadual Criança Esperança,Matemática,Professora_Ana,1dd437c73ff9fac4d9f9c9c4ba29924a8d14d31aa348772e1944c31cacebce98,Thiago Campos,Perguntando,2026-03-19 10:19:42,2026-03-19 10:20:13,31.0,2026-03-19,simulated
Escola Estadual Criança Esperança,Matemática,Professora_Ana,1dd437c73ff9fac4d9f9c9c4ba29924a8d14d31aa348772e1944c31cacebce98,Thiago Campos,Atento,2026-03-19 10:20:13,2026-03-19 10:31:31,678.0,2026-03-19,simulated
Escola Estadual Criança Esperança,Matemática,Professora_Ana,1dd437c73ff9fac4d9f9c9c4ba29924a8d14d31aa348772e1944c31cacebce98,Thiago Campos,Agitado,2026-03-19 10:31:34,2026-03-19 10:32:20,46.0,2026-03-19,simulated
Escola Estadual Criança Esperança,Matemática,Professora_Ana,1dd437c73ff9fac4d9f9c9c4ba29924a8d14d31aa348772e1944c31cacebce98,Thiago Campos,Perguntando,2026-03-19 10:32:26,2026-03-19 10:32:58,32.0,2026-03-19,simulated
Escola Estadual Criança Esperança,Matemática,Professora_Ana,1dd437c73ff9fac4d9f9c9c4ba29924a8d14d31aa348772e1944c31cacebce98,Thiago Campos,Atento,2026-03-19 10:32:58,2026-03-19 10:38:55,357.0,2026-03-19,simulated
Escola Estadual Criança Esperança,Matemática,Professora_Ana,1dd437c73ff9fac4d9f9c9c4ba29924a8d14d31aa348772e1944c31cacebce98,Thiago Campos,Perguntando,2026-03-19 10:38:56,2026-03-19 10:39:20,24.0,2026-03-19,simulated
Escola Estadual Criança Esperança,Matemática,Professora_Ana,1dd437c73ff9fac4d9f9c9c4ba29924a8d14d31aa348772e1944c31cacebce98,Thiago Campos,Atento,2026-03-19 10:39:24,2026-03-19 10:50:45,681.0,2026-03-19,simulated
Escola Estadual Criança Esperança,Matemática,Professora_Ana,1dd437c73ff9fac4d9f9c9c4ba29924a8d14d31aa348772e1944c31cacebce98,Thiago Campos,Perguntando,2026-03-19 10:50:52,2026-03-19 10:51:20,28.0,2026-03-19,simulated
Escola Estadual Criança Esperança,Matemática,Professora_Ana,1dd437c73ff9fac4d9f9c9c4ba29924a8d14d31aa348772e1944c31cacebce98,Thiago Campos,Atento,2026-03-19 10:51:27,2026-03-19 10:57:08,341.0,2026-03-19,simulated
Escola Estadual Criança Esperança,Matemática,Professora_Ana,1dd437c73ff9fac4d9f9c9c4ba29924a8d14d31aa348772e1944c31cacebce98,Thiago Campos,Perguntando,2026-03-19 10:57:15,2026-03-19 10:57:25,10.0,2026-03-19,simulated
Escola Estadual Criança Esperança,Matemática,Professora_Ana,1dd437c73ff9fac4d9f9c9c4ba29924a8d14d31aa348772e1944c31cacebce98,Thiago Campos,Atento,2026-03-19 10:57:27,2026-03-19 11:07:43,616.0,2026-03-19,simulated
Escola Estadual Criança Esperança,Matemática,Professora_Ana,1dd437c73ff9fac4d9f9c9c4ba29924a8d14d31aa348772e1944c31cacebce98,Thiago Campos,Agitado,2026-03-19 11:07:50,2026-03-19 11:09:07,77.0,2026-03-19,simulated
Escola Estadual Criança Esperança,Matemática,Professora_Ana,1dd437c73ff9fac4d9f9c9c4ba29924a8d14d31aa348772e1944c31cacebce98,Thiago Campos,Perguntando,2026-03-19 11:09:14,2026-03-19 11:09:40,26.0,2026-03-19,simulated
Escola Estadual Criança Esperança,Matemática,Professora_Ana,1dd437c73ff9fac4d9f9c9c4ba29924a8d14d31aa348772e1944c31cacebce98,Thiago Campos,Distraido,2026-03-19 11:09:45,2026-03-19 11:12:02,137.0,2026-03-19,simulated
Escola Estadual Criança Esperança,Matemática,Professora_Ana,1dd437c73ff9fac4d9f9c9c4ba29924a8d14d31aa348772e1944c31cacebce98,Thiago Campos,Atento,2026-03-19 11:12:06,2026-03-19 11:23:52,706.0,2026-03-19,simulated
Escola Estadual Criança Esperança,Matemática,Professora_Ana,1dd437c73ff9fac4d9f9c9c4ba29924a8d14d31aa348772e1944c31cacebce98,Thiago Campos,Perguntando,2026-03-19 11:24:00,2026-03-19 11:24:40,40.0,2026-03-19,simulated
Escola Estadual Criança Esperança,Matemática,Professora_Ana,1dd437c73ff9fac4d9f9c9c4ba29924a8d14d31aa348772e1944c31cacebce98,Thiago Campos,Atento,2026-03-19 11:24:48,2026-03-19 11:35:45,657.0,2026-03-19,simulated
Escola Estadual Criança Esperança,Matemática,Professora_Ana,1dd437c73ff9fac4d9f9c9c4ba29924a8d14d31aa348772e1944c31cacebce98,Thiago Campos,Perguntando,2026-03-19 11:35:48,2026-03-19 11:36:06,18.0,2026-03-19,simulated
Escola Estadual Criança Esperança,Matemática,Professora_Ana,1dd437c73ff9fac4d9f9c9c4ba29924a8d14d31aa348772e1944c31cacebce98,Thiago Campos,Distraido,2026-03-19 11:36:09,2026-03-19 11:39:07,178.0,2026-03-19,simulated
Escola Estadual Criança Esperança,Matemática,Professora_Ana,1dd437c73ff9fac4d9f9c9c4ba29924a8d14d31aa348772e1944c31cacebce98,Thiago Campos,Perguntando,2026-03-19 11:39:13,2026-03-19 11:39:25,12.0,2026-03-19,simulated
Escola Estadual Criança Esperança,Matemática,Professora_Ana,1dd437c73ff9fac4d9f9c9c4ba29924a8d14d31aa348772e1944c31cacebce98,Thiago Campos,Dormindo,2026-03-19 11:39:25,2026-03-19 11:43:59,274.0,2026-03-19,simulated
Escola Estadual Criança Esperança,Matemática,Professora_Ana,1dd437c73ff9fac4d9f9c9c4ba29924a8d14d31aa348772e1944c31cacebce98,Thiago Campos,Atento,2026-03-19 11:44:04,2026-03-19 11:50:00,356.0,2026-03-19,simulated
Escola Estadual Criança Esperança,Matemática,Professora_Ana,a281db1412a68e509731fb8e1e72fe47c8ea3e7c367d7d10cbb968feff7ac523,Paula Kamily,Distraido,2026-03-19 08:12:00,2026-03-19 08:14:31,151.0,2026-03-19,simulated
Escola Estadual Criança Esperança,Matemática,Professora_Ana,a281db1412a68e509731fb8e1e72fe47c8ea3e7c367d7d10cbb968feff7ac523,Paula Kamily,Agitado,2026-03-19 08:14:34,2026-03-19 08:15:43,69.0,2026-03-19,simulated
Escola Estadual Criança Esperança,Matemática,Professora_Ana,a281db1412a68e509731fb8e1e72fe47c8ea3e7c367d7d10cbb968feff7ac523,Paula Kamily,Atento,2026-03-19 08:15:51,2026-03-19 08:24:33,522.0,2026-03-19,simulated
Escola Estadual Criança Esperança,Matemática,Professora_Ana,a281db1412a68e509731fb8e1e72fe47c8ea3e7c367d7d10cbb968feff7ac523,Paula Kamily,Agitado,2026-03-19 08:24:35,2026-03-19 08:25:36,61.0,2026-03-19,simulated
Escola Estadual Criança Esperança,Matemática,Professora_Ana,a281db1412a68e509731fb8e1e72fe47c8ea3e7c367d7d10cbb968feff7ac523,Paula Kamily,Distraido,2026-03-19 08:25:36,2026-03-19 08:26:26,50.0,2026-03-19,simulated
Escola Estadual Criança Esperança,Matemática,Professora_Ana,a281db1412a68e509731fb8e1e72fe47c8ea3e7c367d7d10cbb968feff7ac523,Paula Kamily,Atento,2026-03-19 08:26:31,2026-03-19 08:33:50,439.0,2026-03-19,simulated
Escola Estadual Criança Esperança,Matemática,Professora_Ana,a281db1412a68e509731fb8e1e72fe47c8ea3e7c367d7d10cbb968feff7ac523,Paula Kamily,Agitado,2026-03-19 08:33:57,2026-03-19 08:34:20,23.0,2026-03-19,simulated
Escola Estadual Criança Esperança,Matemática,Professora_Ana,a281db1412a68e509731fb8e1e72fe47c8ea3e7c367d7d10cbb968feff7ac523,Paula Kamily,Distraido,2026-03-19 08:34:20,2026-03-19 08:35:25,65.0,2026-03-19,simulated
Escola Estadual Criança Esperança,Matemática,Professora_Ana,a281db1412a68e509731fb8e1e72fe47c8ea3e7c367d7d10cbb968feff7ac523,Paula Kamily,Perguntando,2026-03-19 08:35:32,2026-03-19 08:35:59,27.0,2026-03-19,simulated
Escola Estadual Criança Esperança,Matemática,Professora_Ana,a281db1412a68e509731fb8e1e72fe47c8ea3e7c367d7d10cbb968feff7ac523,Paula Kamily,Atento,2026-03-19 08:36:02,2026-03-19 08:41:07,305.0,2026-03-19,simulated
Escola Estadual Criança Esperança,Matemática,Professora_Ana,a281db1412a68e509731fb8e1e72fe47c8ea3e7c367d7d10cbb968feff7ac523,Paula Kamily,Distraido,2026-03-19 08:41:13,2026-03-19 08:43:05,112.0,2026-03-19,simulated
Escola Estadual Criança Esperança,Matemática,Professora_Ana,a281db1412a68e509731fb8e1e72fe47c8ea3e7c367d7d10cbb968feff7ac523,Paula Kamily,Perguntando,2026-03-19 08:43:11,2026-03-19 08:43:37,26.0,2026-03-19,simulated
Escola Estadual Criança Esperança,Matemática,Professora_Ana,a281db1412a68e509731fb8e1e72fe47c8ea3e7c367d7d10cbb968feff7ac523,Paula Kamily,Distraido,2026-03-19 08:43:37,2026-03-19 08:44:40,63.0,2026-03-19,simulated
Escola Estadual Criança Esperança,Matemática,Professora_Ana,a281db1412a68e509731fb8e1e72fe47c8ea3e7c367d7d10cbb968feff7ac523,Paula Kamily,Perguntando,2026-03-19 08:44:43,2026-03-19 08:45:11,28.0,2026-03-19,simulated
Escola Estadual Criança Esperança,Matemática,Professora_Ana,a281db1412a68e509731fb8e1e72fe47c8ea3e7c367d7d10cbb968feff7ac523,Paula Kamily,Dormindo,2026-03-19 08:45:17,2026-03-19 08:48:55,218.0,2026-03-19,simulated
Escola Estadual Criança Esperança,Matemática,Professora_Ana,a281db1412a68e509731fb8e1e72fe47c8ea3e7c367d7d10cbb968feff7ac523,Paula Kamily,Agitado,2026-03-19 08:49:03,2026-03-19 08:49:42,39.0,2026-03-19,simulated
Escola Estadual Criança Esperança,Matemática,Professora_Ana,a281db1412a68e509731fb8e1e72fe47c8ea3e7c367d7d10cbb968feff7ac523,Paula Kamily,Distraido,2026-03-19 08:49:48,2026-03-19 08:50:48,60.0,2026-03-19,simulated
Escola Estadual Criança Esperança,Matemática,Professora_Ana,a281db1412a68e509731fb8e1e72fe47c8ea3e7c367d7d10cbb968feff7ac523,Paula Kamily,Atento,2026-03-19 08:50:49,2026-03-19 08:59:37,528.0,2026-03-19,simulated
Escola Estadual Criança Esperança,Matemática,Professora_Ana,a281db1412a68e509731fb8e1e72fe47c8ea3e7c367d7d10cbb968feff7ac523,Paula Kamily,Distraido,2026-03-19 08:59:44,2026-03-19 09:00:40,56.0,2026-03-19,simulated
Escola Estadual Criança Esperança,Matemática,Professora_Ana,a281db1412a68e509731fb8e1e72fe47c8ea3e7c367d7d10cbb968feff7ac523,Paula Kamily,Dormindo,2026-03-19 09:00:46,2026-03-19 09:02:24,98.0,2026-03-19,simulated
Escola Estadual Criança Esperança,Matemática,Professora_Ana,a281db1412a68e509731fb8e1e72fe47c8ea3e7c367d7d10cbb968feff7ac523,Paula Kamily,Distraido,2026-03-19 09:02:28,2026-03-19 09:04:01,93.0,2026-03-19,simulated
Escola Estadual Criança Esperança,Matemática,Professora_Ana,a281db1412a68e509731fb8e1e72fe47c8ea3e7c367d7d10cbb968feff7ac523,Paula Kamily,Atento,2026-03-19 09:04:09,2026-03-19 09:09:40,331.0,2026-03-19,simulated
Escola Estadual Criança Esperança,Matemática,Professora_Ana,a281db1412a68e509731fb8e1e72fe47c8ea3e7c367d7d10cbb968feff7ac523,Paula Kamily,Agitado,2026-03-19 09:09:40,2026-03-19 09:10:31,51.0,2026-03-19,simulated
Escola Estadual Criança Esperança,Matemática,Professora_Ana,a281db1412a68e509731fb8e1e72fe47c8ea3e7c367d7d10cbb968feff7ac523,Paula Kamily,Distraido,2026-03-19 09:10:34,2026-03-19 09:11:24,50.0,2026-03-19,simulated
Escola Estadual Criança Esperança,Matemática,Professora_Ana,a281db1412a68e509731fb8e1e72fe47c8ea3e7c367d7d10cbb968feff7ac523,Paula Kamily,Atento,2026-03-19 09:11:30,2026-03-19 09:19:02,452.0,2026-03-19,simulated
Escola Estadual Criança Esperança,Matemática,Professora_Ana,a281db1412a68e509731fb8e1e72fe47c8ea3e7c367d7d10cbb968feff7ac523,Paula Kamily,Agitado,2026-03-19 09:19:03,2026-03-19 09:19:31,28.0,2026-03-19,simulated
Escola Estadual Criança Esperança,Matemática,Professora_Ana,a281db1412a68e509731fb8e1e72fe47c8ea3e7c367d7d10cbb968feff7ac523,Paula Kamily,Distraido,2026-03-19 09:19:33,2026-03-19 09:22:06,153.0,2026-03-19,simulated
Escola Estadual Criança Esperança,Matemática,Professora_Ana,a281db1412a68e509731fb8e1e72fe47c8ea3e7c367d7d10cbb968feff7ac523,Paula Kamily,Atento,2026-03-19 09:22:10,2026-03-19 09:27:31,321.0,2026-03-19,simulated
Escola Estadual Criança Esperança,Matemática,Professora_Ana,a281db1412a68e509731fb8e1e72fe47c8ea3e7c367d7d10cbb968feff7ac523,Paula Kamily,Perguntando,2026-03-19 09:27:31,2026-03-19 09:27:43,12.0,2026-03-19,simulated
Escola Estadual Criança Esperança,Matemática,Professora_Ana,a281db1412a68e509731fb8e1e72fe47c8ea3e7c367d7d10cbb968feff7ac523,Paula Kamily,Atento,2026-03-19 09:27:47,2026-03-19 09:35:56,489.0,2026-03-19,simulated
Escola Estadual Criança Esperança,Matemática,Professora_Ana,a281db1412a68e509731fb8e1e72fe47c8ea3e7c367d7d10cbb968feff7ac523,Paula Kamily,Dormindo,2026-03-19 09:35:58,2026-03-19 09:38:49,171.0,2026-03-19,simulated
Escola Estadual Criança Esperança,Matemática,Professora_Ana,a281db1412a68e509731fb8e1e72fe47c8ea3e7c367d7d10cbb968feff7ac523,Paula Kamily,Distraido,2026-03-19 09:38:55,2026-03-19 09:39:51,56.0,2026-03-19,simulated
Escola Estadual Criança Esperança,Matemática,Professora_Ana,a281db1412a68e509731fb8e1e72fe47c8ea3e7c367d7d10cbb968feff7ac523,Paula Kamily,Agitado,2026-03-19 09:39:55,2026-03-19 09:40:58,63.0,2026-03-19,simulated
Escola Estadual Criança Esperança,Matemática,Professora_Ana,a281db1412a68e509731fb8e1e72fe47c8ea3e7c367d7d10cbb968feff7ac523,Paula Kamily,Atento,2026-03-19 09:40:58,2026-03-19 09:46:53,355.0,2026-03-19,simulated
Escola Estadual Criança Esperança,Matemática,Professora_Ana,a281db1412a68e509731fb8e1e72fe47c8ea3e7c367d7d10cbb968feff7ac523,Paula Kamily,Distraido,2026-03-19 09:46:55,2026-03-19 09:49:06,131.0,2026-03-19,simulated
Escola Estadual Criança Esperança,Matemática,Professora_Ana,a281db1412a68e509731fb8e1e72fe47c8ea3e7c367d7d10cbb968feff7ac523,Paula Kamily,Dormindo,2026-03-19 09:49:11,2026-03-19 09:50:13,62.0,2026-03-19,simulated
Escola Estadual Criança Esperança,Matemática,Professora_Ana,a281db1412a68e509731fb8e1e72fe47c8ea3e7c367d7d10cbb968feff7ac523,Paula Kamily,Perguntando,2026-03-19 09:50:19,2026-03-19 09:50:54,35.0,2026-03-19,simulated
Escola Estadual Criança Esperança,Matemática,Professora_Ana,a281db1412a68e509731fb8e1e72fe47c8ea3e7c367d7d10cbb968feff7ac523,Paula Kamily,Distraido,2026-03-19 09:51:01,2026-03-19 09:53:41,160.0,2026-03-19,simulated
Escola Estadual Criança Esperança,Matemática,Professora_Ana,a281db1412a68e509731fb8e1e72fe47c8ea3e7c367d7d10cbb968feff7ac523,Paula Kamily,Agitado,2026-03-19 09:53:43,2026-03-19 09:54:38,55.0,2026-03-19,simulated
Escola Estadual Criança Esperança,Matemática,Professora_Ana,a281db1412a68e509731fb8e1e72fe47c8ea3e7c367d7d10cbb968feff7ac523,Paula Kamily,Distraido,2026-03-19 09:54:42,2026-03-19 09:56:31,109.0,2026-03-19,simulated
Escola Estadual Criança Esperança,Matemática,Professora_Ana,a281db1412a68e509731fb8e1e72fe47c8ea3e7c367d7d10cbb968feff7ac523,Paula Kamily,Atento,2026-03-19 09:56:39,2026-03-19 10:03:15,396.0,2026-03-19,simulated
Escola Estadual Criança Esperança,Matemática,Professora_Ana,a281db1412a68e509731fb8e1e72fe47c8ea3e7c367d7d10cbb968feff7ac523,Paula Kamily,Perguntando,2026-03-19 10:03:20,2026-03-19 10:03:54,34.0,2026-03-19,simulated
Escola Estadual Criança Esperança,Matemática,Professora_Ana,a281db1412a68e509731fb8e1e72fe47c8ea3e7c367d7d10cbb968feff7ac523,Paula Kamily,Distraido,2026-03-19 10:03:57,2026-03-19 10:05:56,119.0,2026-03-19,simulated
Escola Estadual Criança Esperança,Matemática,Professora_Ana,a281db1412a68e509731fb8e1e72fe47c8ea3e7c367d7d10cbb968feff7ac523,Paula Kamily,Atento,2026-03-19 10:05:57,2026-03-19 10:16:08,611.0,2026-03-19,simulated
Escola Estadual Criança Esperança,Matemática,Professora_Ana,a281db1412a68e509731fb8e1e72fe47c8ea3e7c367d7d10cbb968feff7ac523,Paula Kamily,Distraido,2026-03-19 10:16:09,2026-03-19 10:17:01,52.0,2026-03-19,simulated
Escola Estadual Criança Esperança,Matemática,Professora_Ana,a281db1412a68e509731fb8e1e72fe47c8ea3e7c367d7d10cbb968feff7ac523,Paula Kamily,Atento,2026-03-19 10:17:05,2026-03-19 10:24:35,450.0,2026-03-19,simulated
Escola Estadual Criança Esperança,Matemática,Professora_Ana,a281db1412a68e509731fb8e1e72fe47c8ea3e7c367d7d10cbb968feff7ac523,Paula Kamily,Distraido,2026-03-19 10:24:39,2026-03-19 10:26:37,118.0,2026-03-19,simulated
Escola Estadual Criança Esperança,Matemática,Professora_Ana,a281db1412a68e509731fb8e1e72fe47c8ea3e7c367d7d10cbb968feff7ac523,Paula Kamily,Agitado,2026-03-19 10:26:42,2026-03-19 10:27:10,28.0,2026-03-19,simulated
Escola Estadual Criança Esperança,Matemática,Professora_Ana,a281db1412a68e509731fb8e1e72fe47c8ea3e7c367d7d10cbb968feff7ac523,Paula Kamily,Distraido,2026-03-19 10:27:13,2026-03-19 10:28:31,78.0,2026-03-19,simulated
Escola Estadual Criança Esperança,Matemática,Professora_Ana,a281db1412a68e509731fb8e1e72fe47c8ea3e7c367d7d10cbb968feff7ac523,Paula Kamily,Dormindo,2026-03-19 10:28:32,2026-03-19 10:29:48,76.0,2026-03-19,simulated
Escola Estadual Criança Esperança,Matemática,Professora_Ana,a281db1412a68e509731fb8e1e72fe47c8ea3e7c367d7d10cbb968feff7ac523,Paula Kamily,Atento,2026-03-19 10:29:50,2026-03-19 10:39:22,572.0,2026-03-19,simulated
Escola Estadual Criança Esperança,Matemática,Professora_Ana,a281db1412a68e509731fb8e1e72fe47c8ea3e7c367d7d10cbb968feff7ac523,Paula Kamily,Distraido,2026-03-19 10:39:23,2026-03-19 10:42:16,173.0,2026-03-19,simulated
Escola Estadual Criança Esperança,Matemática,Professora_Ana,a281db1412a68e509731fb8e1e72fe47c8ea3e7c367d7d10cbb968feff7ac523,Paula Kamily,Atento,2026-03-19 10:42:23,2026-03-19 10:48:57,394.0,2026-03-19,simulated
Escola Estadual Criança Esperança,Matemática,Professora_Ana,a281db1412a68e509731fb8e1e72fe47c8ea3e7c367d7d10cbb968feff7ac523,Paula Kamily,Agitado,2026-03-19 10:49:01,2026-03-19 10:49:54,53.0,2026-03-19,simulated
Escola Estadual Criança Esperança,Matemática,Professora_Ana,a281db1412a68e509731fb8e1e72fe47c8ea3e7c367d7d10cbb968feff7ac523,Paula Kamily,Perguntando,2026-03-19 10:49:55,2026-03-19 10:50:21,26.0,2026-03-19,simulated
Escola Estadual Criança Esperança,Matemática,Professora_Ana,a281db1412a68e509731fb8e1e72fe47c8ea3e7c367d7d10cbb968feff7ac523,Paula Kamily,Distraido,2026-03-19 10:50:24,2026-03-19 10:51:57,93.0,2026-03-19,simulated
Escola Estadual Criança Esperança,Matemática,Professora_Ana,a281db1412a68e509731fb8e1e72fe47c8ea3e7c367d7d10cbb968feff7ac523,Paula Kamily,Atento,2026-03-19 10:52:04,2026-03-19 11:00:41,517.0,2026-03-19,simulated
Escola Estadual Criança Esperança,Matemática,Professora_Ana,a281db1412a68e509731fb8e1e72fe47c8ea3e7c367d7d10cbb968feff7ac523,Paula Kamily,Perguntando,2026-03-19 11:00:45,2026-03-19 11:01:03,18.0,2026-03-19,simulated
Escola Estadual Criança Esperança,Matemática,Professora_Ana,a281db1412a68e509731fb8e1e72fe47c8ea3e7c367d7d10cbb968feff7ac523,Paula Kamily,Distraido,2026-03-19 11:01:07,2026-03-19 11:03:03,116.0,2026-03-19,simulated
Escola Estadual Criança Esperança,Matemática,Professora_Ana,a281db1412a68e509731fb8e1e72fe47c8ea3e7c367d7d10cbb968feff7ac523,Paula Kamily,Agitado,2026-03-19 11:03:04,2026-03-19 11:04:01,57.0,2026-03-19,simulated
Escola Estadual Criança Esperança,Matemática,Professora_Ana,a281db1412a68e509731fb8e1e72fe47c8ea3e7c367d7d10cbb968feff7ac523,Paula Kamily,Distraido,2026-03-19 11:04:02,2026-03-19 11:05:29,87.0,2026-03-19,simulated
Escola Estadual Criança Esperança,Matemática,Professora_Ana,a281db1412a68e509731fb8e1e72fe47c8ea3e7c367d7d10cbb968feff7ac523,Paula Kamily,Atento,2026-03-19 11:05:36,2026-03-19 11:17:03,687.0,2026-03-19,simulated
Escola Estadual Criança Esperança,Matemática,Professora_Ana,a281db1412a68e509731fb8e1e72fe47c8ea3e7c367d7d10cbb968feff7ac523,Paula Kamily,Distraido,2026-03-19 11:17:11,2026-03-19 11:19:10,119.0,2026-03-19,simulated
Escola Estadual Criança Esperança,Matemática,Professora_Ana,a281db1412a68e509731fb8e1e72fe47c8ea3e7c367d7d10cbb968feff7ac523,Paula Kamily,Agitado,2026-03-19 11:19:10,2026-03-19 11:19:40,30.0,2026-03-19,simulated
Escola Estadual Criança Esperança,Matemática,Professora_Ana,a281db1412a68e509731fb8e1e72fe47c8ea3e7c367d7d10cbb968feff7ac523,Paula Kamily,Dormindo,2026-03-19 11:19:40,2026-03-19 11:21:17,97.0,2026-03-19,simulated
Escola Estadual Criança Esperança,Matemática,Professora_Ana,a281db1412a68e509731fb8e1e72fe47c8ea3e7c367d7d10cbb968feff7ac523,Paula Kamily,Atento,2026-03-19 11:21:18,2026-03-19 11:32:42,684.0,2026-03-19,simulated
Escola Estadual Criança Esperança,Matemática,Professora_Ana,a281db1412a68e509731fb8e1e72fe47c8ea3e7c367d7d10cbb968feff7ac523,Paula Kamily,Distraido,2026-03-19 11:32:49,2026-03-19 11:33:54,65.0,2026-03-19,simulated
Escola Estadual Criança Esperança,Matemática,Professora_Ana,a281db1412a68e509731fb8e1e72fe47c8ea3e7c367d7d10cbb968feff7ac523,Paula Kamily,Perguntando,2026-03-19 11:34:00,2026-03-19 11:34:20,20.0,2026-03-19,simulated
Escola Estadual Criança Esperança,Matemática,Professora_Ana,a281db1412a68e509731fb8e1e72fe47c8ea3e7c367d7d10cbb968feff7ac523,Paula Kamily,Atento,2026-03-19 11:34:24,2026-03-19 11:43:12,528.0,2026-03-19,simulated
Escola Estadual Criança Esperança,Matemática,Professora_Ana,a281db1412a68e509731fb8e1e72fe47c8ea3e7c367d7d10cbb968feff7ac523,Paula Kamily,Dormindo,2026-03-19 11:43:17,2026-03-19 11:46:08,171.0,2026-03-19,simulated
Escola Estadual Criança Esperança,Matemática,Professora_Ana,a281db1412a68e509731fb8e1e72fe47c8ea3e7c367d7d10cbb968feff7ac523,Paula Kamily,Agitado,2026-03-19 11:46:09,2026-03-19 11:47:07,58.0,2026-03-19,simulated
Escola Estadual Criança Esperança,Matemática,Professora_Ana,a281db1412a68e509731fb8e1e72fe47c8ea3e7c367d7d10cbb968feff7ac523,Paula Kamily,Distraido,2026-03-19 11:47:10,2026-03-19 11:48:21,71.0,2026-03-19,simulated
Escola Estadual Criança Esperança,Matemática,Professora_Ana,a281db1412a68e509731fb8e1e72fe47c8ea3e7c367d7d10cbb968feff7ac523,Paula Kamily,Atento,2026-03-19 11:48:25,2026-03-19 11:52:00,215.0,2026-03-19,simulated
Escola Estadual Criança Esperança,Matemática,Professora_Ana,536dcd4eafc272cd6777ad15a7b067f4240b6b682361c6460b64398069ec87ac,Maria Eduarda,Agitado,2026-03-19 08:14:00,2026-03-19 08:14:27,27.0,2026-03-19,simulated
Escola Estadual Criança Esperança,Matemática,Professora_Ana,536dcd4eafc272cd6777ad15a7b067f4240b6b682361c6460b64398069ec87ac,Maria Eduarda,Perguntando,2026-03-19 08:14:35,2026-03-19 08:15:14,39.0,2026-03-19,simulated
Escola Estadual Criança Esperança,Matemática,Professora_Ana,536dcd4eafc272cd6777ad15a7b067f4240b6b682361c6460b64398069ec87ac,Maria Eduarda,Distraido,2026-03-19 08:15:15,2026-03-19 08:16:18,63.0,2026-03-19,simulated
Escola Estadual Criança Esperança,Matemática,Professora_Ana,536dcd4eafc272cd6777ad15a7b067f4240b6b682361c6460b64398069ec87ac,Maria Eduarda,Dormindo,2026-03-19 08:16:21,2026-03-19 08:19:09,168.0,2026-03-19,simulated
Escola Estadual Criança Esperança,Matemática,Professora_Ana,536dcd4eafc272cd6777ad15a7b067f4240b6b682361c6460b64398069ec87ac,Maria Eduarda,Atento,2026-03-19 08:19:12,2026-03-19 08:30:02,650.0,2026-03-19,simulated
Escola Estadual Criança Esperança,Matemática,Professora_Ana,536dcd4eafc272cd6777ad15a7b067f4240b6b682361c6460b64398069ec87ac,Maria Eduarda,Perguntando,2026-03-19 08:30:05,2026-03-19 08:30:37,32.0,2026-03-19,simulated
Escola Estadual Criança Esperança,Matemática,Professora_Ana,536dcd4eafc272cd6777ad15a7b067f4240b6b682361c6460b64398069ec87ac,Maria Eduarda,Distraido,2026-03-19 08:30:39,2026-03-19 08:32:06,87.0,2026-03-19,simulated
Escola Estadual Criança Esperança,Matemática,Professora_Ana,536dcd4eafc272cd6777ad15a7b067f4240b6b682361c6460b64398069ec87ac,Maria Eduarda,Perguntando,2026-03-19 08:32:14,2026-03-19 08:32:39,25.0,2026-03-19,simulated
Escola Estadual Criança Esperança,Matemática,Professora_Ana,536dcd4eafc272cd6777ad15a7b067f4240b6b682361c6460b64398069ec87ac,Maria Eduarda,Agitado,2026-03-19 08:32:44,2026-03-19 08:33:35,51.0,2026-03-19,simulated
Escola Estadual Criança Esperança,Matemática,Professora_Ana,536dcd4eafc272cd6777ad15a7b067f4240b6b682361c6460b64398069ec87ac,Maria Eduarda,Dormindo,2026-03-19 08:33:40,2026-03-19 08:37:38,238.0,2026-03-19,simulated
Escola Estadual Criança Esperança,Matemática,Professora_Ana,536dcd4eafc272cd6777ad15a7b067f4240b6b682361c6460b64398069ec87ac,Maria Eduarda,Atento,2026-03-19 08:37:41,2026-03-19 08:47:38,597.0,2026-03-19,simulated
Escola Estadual Criança Esperança,Matemática,Professora_Ana,536dcd4eafc272cd6777ad15a7b067f4240b6b682361c6460b64398069ec87ac,Maria Eduarda,Distraido,2026-03-19 08:47:40,2026-03-19 08:49:41,121.0,2026-03-19,simulated
Escola Estadual Criança Esperança,Matemática,Professora_Ana,536dcd4eafc272cd6777ad15a7b067f4240b6b682361c6460b64398069ec87ac,Maria Eduarda,Atento,2026-03-19 08:49:48,2026-03-19 09:00:17,629.0,2026-03-19,simulated
Escola Estadual Criança Esperança,Matemática,Professora_Ana,536dcd4eafc272cd6777ad15a7b067f4240b6b682361c6460b64398069ec87ac,Maria Eduarda,Perguntando,2026-03-19 09:00:17,2026-03-19 09:00:34,17.0,2026-03-19,simulated
Escola Estadual Criança Esperança,Matemática,Professora_Ana,536dcd4eafc272cd6777ad15a7b067f4240b6b682361c6460b64398069ec87ac,Maria Eduarda,Distraido,2026-03-19 09:00:34,2026-03-19 09:01:45,71.0,2026-03-19,simulated
Escola Estadual Criança Esperança,Matemática,Professora_Ana,536dcd4eafc272cd6777ad15a7b067f4240b6b682361c6460b64398069ec87ac,Maria Eduarda,Atento,2026-03-19 09:01:45,2026-03-19 09:10:33,528.0,2026-03-19,simulated
Escola Estadual Criança Esperança,Matemática,Professora_Ana,536dcd4eafc272cd6777ad15a7b067f4240b6b682361c6460b64398069ec87ac,Maria Eduarda,Dormindo,2026-03-19 09:10:36,2026-03-19 09:11:54,78.0,2026-03-19,simulated
Escola Estadual Criança Esperança,Matemática,Professora_Ana,536dcd4eafc272cd6777ad15a7b067f4240b6b682361c6460b64398069ec87ac,Maria Eduarda,Atento,2026-03-19 09:11:54,2026-03-19 09:17:40,346.0,2026-03-19,simulated
Escola Estadual Criança Esperança,Matemática,Professora_Ana,536dcd4eafc272cd6777ad15a7b067f4240b6b682361c6460b64398069ec87ac,Maria Eduarda,Perguntando,2026-03-19 09:17:47,2026-03-19 09:18:05,18.0,2026-03-19,simulated
Escola Estadual Criança Esperança,Matemática,Professora_Ana,536dcd4eafc272cd6777ad15a7b067f4240b6b682361c6460b64398069ec87ac,Maria Eduarda,Dormindo,2026-03-19 09:18:13,2026-03-19 09:23:08,295.0,2026-03-19,simulated
Escola Estadual Criança Esperança,Matemática,Professora_Ana,536dcd4eafc272cd6777ad15a7b067f4240b6b682361c6460b64398069ec87ac,Maria Eduarda,Perguntando,2026-03-19 09:23:12,2026-03-19 09:23:25,13.0,2026-03-19,simulated
Escola Estadual Criança Esperança,Matemática,Professora_Ana,536dcd4eafc272cd6777ad15a7b067f4240b6b682361c6460b64398069ec87ac,Maria Eduarda,Dormindo,2026-03-19 09:23:25,2026-03-19 09:27:47,262.0,2026-03-19,simulated
Escola Estadual Criança Esperança,Matemática,Professora_Ana,536dcd4eafc272cd6777ad15a7b067f4240b6b682361c6460b64398069ec87ac,Maria Eduarda,Distraido,2026-03-19 09:27:47,2026-03-19 09:30:18,151.0,2026-03-19,simulated
Escola Estadual Criança Esperança,Matemática,Professora_Ana,536dcd4eafc272cd6777ad15a7b067f4240b6b682361c6460b64398069ec87ac,Maria Eduarda,Atento,2026-03-19 09:30:22,2026-03-19 09:36:40,378.0,2026-03-19,simulated
Escola Estadual Criança Esperança,Matemática,Professora_Ana,536dcd4eafc272cd6777ad15a7b067f4240b6b682361c6460b64398069ec87ac,Maria Eduarda,Perguntando,2026-03-19 09:36:48,2026-03-19 09:37:17,29.0,2026-03-19,simulated
Escola Estadual Criança Esperança,Matemática,Professora_Ana,536dcd4eafc272cd6777ad15a7b067f4240b6b682361c6460b64398069ec87ac,Maria Eduarda,Atento,2026-03-19 09:37:21,2026-03-19 09:46:48,567.0,2026-03-19,simulated
Escola Estadual Criança Esperança,Matemática,Professora_Ana,536dcd4eafc272cd6777ad15a7b067f4240b6b682361c6460b64398069ec87ac,Maria Eduarda,Dormindo,2026-03-19 09:46:53,2026-03-19 09:48:21,88.0,2026-03-19,simulated
Escola Estadual Criança Esperança,Matemática,Professora_Ana,536dcd4eafc272cd6777ad15a7b067f4240b6b682361c6460b64398069ec87ac,Maria Eduarda,Atento,2026-03-19 09:48:21,2026-03-19 09:59:03,642.0,2026-03-19,simulated
Escola Estadual Criança Esperança,Matemática,Professora_Ana,536dcd4eafc272cd6777ad15a7b067f4240b6b682361c6460b64398069ec87ac,Maria Eduarda,Agitado,2026-03-19 09:59:10,2026-03-19 10:00:04,54.0,2026-03-19,simulated
Escola Estadual Criança Esperança,Matemática,Professora_Ana,536dcd4eafc272cd6777ad15a7b067f4240b6b682361c6460b64398069ec87ac,Maria Eduarda,Atento,2026-03-19 10:00:04,2026-03-19 10:07:37,453.0,2026-03-19,simulated
Escola Estadual Criança Esperança,Matemática,Professora_Ana,536dcd4eafc272cd6777ad15a7b067f4240b6b682361c6460b64398069ec87ac,Maria Eduarda,Perguntando,2026-03-19 10:07:43,2026-03-19 10:08:17,34.0,2026-03-19,simulated
Escola Estadual Criança Esperança,Matemática,Professora_Ana,536dcd4eafc272cd6777ad15a7b067f4240b6b682361c6460b64398069ec87ac,Maria Eduarda,Dormindo,2026-03-19 10:08:25,2026-03-19 10:12:34,249.0,2026-03-19,simulated
Escola Estadual Criança Esperança,Matemática,Professora_Ana,536dcd4eafc272cd6777ad15a7b067f4240b6b682361c6460b64398069ec87ac,Maria Eduarda,Distraido,2026-03-19 10:12:41,2026-03-19 10:14:27,106.0,2026-03-19,simulated
Escola Estadual Criança Esperança,Matemática,Professora_Ana,536dcd4eafc272cd6777ad15a7b067f4240b6b682361c6460b64398069ec87ac,Maria Eduarda,Atento,2026-03-19 10:14:29,2026-03-19 10:21:53,444.0,2026-03-19,simulated
Escola Estadual Criança Esperança,Matemática,Professora_Ana,536dcd4eafc272cd6777ad15a7b067f4240b6b682361c6460b64398069ec87ac,Maria Eduarda,Dormindo,2026-03-19 10:21:55,2026-03-19 10:26:27,272.0,2026-03-19,simulated
Escola Estadual Criança Esperança,Matemática,Professora_Ana,536dcd4eafc272cd6777ad15a7b067f4240b6b682361c6460b64398069ec87ac,Maria Eduarda,Atento,2026-03-19 10:26:31,2026-03-19 10:37:47,676.0,2026-03-19,simulated
Escola Estadual Criança Esperança,Matemática,Professora_Ana,536dcd4eafc272cd6777ad15a7b067f4240b6b682361c6460b64398069ec87ac,Maria Eduarda,Dormindo,2026-03-19 10:37:49,2026-03-19 10:39:41,112.0,2026-03-19,simulated
Escola Estadual Criança Esperança,Matemática,Professora_Ana,536dcd4eafc272cd6777ad15a7b067f4240b6b682361c6460b64398069ec87ac,Maria Eduarda,Atento,2026-03-19 10:39:47,2026-03-19 10:45:04,317.0,2026-03-19,simulated
Escola Estadual Criança Esperança,Matemática,Professora_Ana,536dcd4eafc272cd6777ad15a7b067f4240b6b682361c6460b64398069ec87ac,Maria Eduarda,Dormindo,2026-03-19 10:45:08,2026-03-19 10:46:47,99.0,2026-03-19,simulated
Escola Estadual Criança Esperança,Matemática,Professora_Ana,536dcd4eafc272cd6777ad15a7b067f4240b6b682361c6460b64398069ec87ac,Maria Eduarda,Atento,2026-03-19 10:46:52,2026-03-19 10:54:15,443.0,2026-03-19,simulated
Escola Estadual Criança Esperança,Matemática,Professora_Ana,536dcd4eafc272cd6777ad15a7b067f4240b6b682361c6460b64398069ec87ac,Maria Eduarda,Dormindo,2026-03-19 10:54:17,2026-03-19 10:57:44,207.0,2026-03-19,simulated
Escola Estadual Criança Esperança,Matemática,Professora_Ana,536dcd4eafc272cd6777ad15a7b067f4240b6b682361c6460b64398069ec87ac,Maria Eduarda,Perguntando,2026-03-19 10:57:51,2026-03-19 10:58:11,20.0,2026-03-19,simulated
Escola Estadual Criança Esperança,Matemática,Professora_Ana,536dcd4eafc272cd6777ad15a7b067f4240b6b682361c6460b64398069ec87ac,Maria Eduarda,Distraido,2026-03-19 10:58:12,2026-03-19 10:59:53,101.0,2026-03-19,simulated
Escola Estadual Criança Esperança,Matemática,Professora_Ana,536dcd4eafc272cd6777ad15a7b067f4240b6b682361c6460b64398069ec87ac,Maria Eduarda,Agitado,2026-03-19 11:00:01,2026-03-19 11:00:59,58.0,2026-03-19,simulated
Escola Estadual Criança Esperança,Matemática,Professora_Ana,536dcd4eafc272cd6777ad15a7b067f4240b6b682361c6460b64398069ec87ac,Maria Eduarda,Atento,2026-03-19 11:01:00,2026-03-19 11:06:06,306.0,2026-03-19,simulated
Escola Estadual Criança Esperança,Matemática,Professora_Ana,536dcd4eafc272cd6777ad15a7b067f4240b6b682361c6460b64398069ec87ac,Maria Eduarda,Dormindo,2026-03-19 11:06:13,2026-03-19 11:07:41,88.0,2026-03-19,simulated
Escola Estadual Criança Esperança,Matemática,Professora_Ana,536dcd4eafc272cd6777ad15a7b067f4240b6b682361c6460b64398069ec87ac,Maria Eduarda,Distraido,2026-03-19 11:07:46,2026-03-19 11:08:51,65.0,2026-03-19,simulated
Escola Estadual Criança Esperança,Matemática,Professora_Ana,536dcd4eafc272cd6777ad15a7b067f4240b6b682361c6460b64398069ec87ac,Maria Eduarda,Atento,2026-03-19 11:08:53,2026-03-19 11:16:26,453.0,2026-03-19,simulated
Escola Estadual Criança Esperança,Matemática,Professora_Ana,536dcd4eafc272cd6777ad15a7b067f4240b6b682361c6460b64398069ec87ac,Maria Eduarda,Distraido,2026-03-19 11:16:30,2026-03-19 11:19:04,154.0,2026-03-19,simulated
Escola Estadual Criança Esperança,Matemática,Professora_Ana,536dcd4eafc272cd6777ad15a7b067f4240b6b682361c6460b64398069ec87ac,Maria Eduarda,Dormindo,2026-03-19 11:19:08,2026-03-19 11:20:41,93.0,2026-03-19,simulated
Escola Estadual Criança Esperança,Matemática,Professora_Ana,536dcd4eafc272cd6777ad15a7b067f4240b6b682361c6460b64398069ec87ac,Maria Eduarda,Atento,2026-03-19 11:20:44,2026-03-19 11:26:56,372.0,2026-03-19,simulated
Escola Estadual Criança Esperança,Matemática,Professora_Ana,536dcd4eafc272cd6777ad15a7b067f4240b6b682361c6460b64398069ec87ac,Maria Eduarda,Agitado,2026-03-19 11:26:59,2026-03-19 11:28:07,68.0,2026-03-19,simulated
Escola Estadual Criança Esperança,Matemática,Professora_Ana,536dcd4eafc272cd6777ad15a7b067f4240b6b682361c6460b64398069ec87ac,Maria Eduarda,Dormindo,2026-03-19 11:28:11,2026-03-19 11:30:15,124.0,2026-03-19,simulated
Escola Estadual Criança Esperança,Matemática,Professora_Ana,536dcd4eafc272cd6777ad15a7b067f4240b6b682361c6460b64398069ec87ac,Maria Eduarda,Agitado,2026-03-19 11:30:22,2026-03-19 11:31:48,86.0,2026-03-19,simulated
Escola Estadual Criança Esperança,Matemática,Professora_Ana,536dcd4eafc272cd6777ad15a7b067f4240b6b682361c6460b64398069ec87ac,Maria Eduarda,Dormindo,2026-03-19 11:31:50,2026-03-19 11:33:42,112.0,2026-03-19,simulated
Escola Estadual Criança Esperança,Matemática,Professora_Ana,536dcd4eafc272cd6777ad15a7b067f4240b6b682361c6460b64398069ec87ac,Maria Eduarda,Atento,2026-03-19 11:33:43,2026-03-19 11:41:37,474.0,2026-03-19,simulated
Escola Estadual Criança Esperança,Matemática,Professora_Ana,536dcd4eafc272cd6777ad15a7b067f4240b6b682361c6460b64398069ec87ac,Maria Eduarda,Distraido,2026-03-19 11:41:38,2026-03-19 11:44:20,162.0,2026-03-19,simulated
Escola Estadual Criança Esperança,Matemática,Professora_Ana,536dcd4eafc272cd6777ad15a7b067f4240b6b682361c6460b64398069ec87ac,Maria Eduarda,Dormindo,2026-03-19 11:44:25,2026-03-19 11:49:12,287.0,2026-03-19,simulated
Escola Estadual Criança Esperança,Matemática,Professora_Ana,536dcd4eafc272cd6777ad15a7b067f4240b6b682361c6460b64398069ec87ac,Maria Eduarda,Perguntando,2026-03-19 11:49:18,2026-03-19 11:49:37,19.0,2026-03-19,simulated
Escola Estadual Criança Esperança,Matemática,Professora_Ana,536dcd4eafc272cd6777ad15a7b067f4240b6b682361c6460b64398069ec87ac,Maria Eduarda,Distraido,2026-03-19 11:49:43,2026-03-19 11:52:36,173.0,2026-03-19,simulated
Escola Estadual Criança Esperança,Matemática,Professora_Ana,536dcd4eafc272cd6777ad15a7b067f4240b6b682361c6460b64398069ec87ac,Maria Eduarda,Dormindo,2026-03-19 11:52:43,2026-03-19 11:54:00,77.0,2026-03-19,simulated
Escola Estadual Criança Esperança,Matemática,Professora_Ana,f1c5e8faebc9ab791d2c562bfd9fda99c4bc10d22e6beff1b40abc554f2000ac,Alice Nascimento Silva Lobo,Perguntando,2026-03-19 08:16:00,2026-03-19 08:16:33,33.0,2026-03-19,simulated
Escola Estadual Criança Esperança,Matemática,Professora_Ana,f1c5e8faebc9ab791d2c562bfd9fda99c4bc10d22e6beff1b40abc554f2000ac,Alice Nascimento Silva Lobo,Atento,2026-03-19 08:16:35,2026-03-19 08:25:35,540.0,2026-03-19,simulated
Escola Estadual Criança Esperança,Matemática,Professora_Ana,f1c5e8faebc9ab791d2c562bfd9fda99c4bc10d22e6beff1b40abc554f2000ac,Alice Nascimento Silva Lobo,Perguntando,2026-03-19 08:25:35,2026-03-19 08:25:49,14.0,2026-03-19,simulated
Escola Estadual Criança Esperança,Matemática,Professora_Ana,f1c5e8faebc9ab791d2c562bfd9fda99c4bc10d22e6beff1b40abc554f2000ac,Alice Nascimento Silva Lobo,Distraido,2026-03-19 08:25:52,2026-03-19 08:27:38,106.0,2026-03-19,simulated
Escola Estadual Criança Esperança,Matemática,Professora_Ana,f1c5e8faebc9ab791d2c562bfd9fda99c4bc10d22e6beff1b40abc554f2000ac,Alice Nascimento Silva Lobo,Perguntando,2026-03-19 08:27:44,2026-03-19 08:28:07,23.0,2026-03-19,simulated
Escola Estadual Criança Esperança,Matemática,Professora_Ana,f1c5e8faebc9ab791d2c562bfd9fda99c4bc10d22e6beff1b40abc554f2000ac,Alice Nascimento Silva Lobo,Agitado,2026-03-19 08:28:13,2026-03-19 08:29:39,86.0,2026-03-19,simulated
Escola Estadual Criança Esperança,Matemática,Professora_Ana,f1c5e8faebc9ab791d2c562bfd9fda99c4bc10d22e6beff1b40abc554f2000ac,Alice Nascimento Silva Lobo,Perguntando,2026-03-19 08:29:39,2026-03-19 08:29:49,10.0,2026-03-19,simulated
Escola Estadual Criança Esperança,Matemática,Professora_Ana,f1c5e8faebc9ab791d2c562bfd9fda99c4bc10d22e6beff1b40abc554f2000ac,Alice Nascimento Silva Lobo,Atento,2026-03-19 08:29:54,2026-03-19 08:39:24,570.0,2026-03-19,simulated
Escola Estadual Criança Esperança,Matemática,Professora_Ana,f1c5e8faebc9ab791d2c562bfd9fda99c4bc10d22e6beff1b40abc554f2000ac,Alice Nascimento Silva Lobo,Agitado,2026-03-19 08:39:32,2026-03-19 08:39:52,20.0,2026-03-19,simulated
Escola Estadual Criança Esperança,Matemática,Professora_Ana,f1c5e8faebc9ab791d2c562bfd9fda99c4bc10d22e6beff1b40abc554f2000ac,Alice Nascimento Silva Lobo,Distraido,2026-03-19 08:39:55,2026-03-19 08:41:43,108.0,2026-03-19,simulated
Escola Estadual Criança Esperança,Matemática,Professora_Ana,f1c5e8faebc9ab791d2c562bfd9fda99c4bc10d22e6beff1b40abc554f2000ac,Alice Nascimento Silva Lobo,Atento,2026-03-19 08:41:50,2026-03-19 08:50:02,492.0,2026-03-19,simulated
Escola Estadual Criança Esperança,Matemática,Professora_Ana,f1c5e8faebc9ab791d2c562bfd9fda99c4bc10d22e6beff1b40abc554f2000ac,Alice Nascimento Silva Lobo,Distraido,2026-03-19 08:50:02,2026-03-19 08:52:15,133.0,2026-03-19,simulated
Escola Estadual Criança Esperança,Matemática,Professora_Ana,f1c5e8faebc9ab791d2c562bfd9fda99c4bc10d22e6beff1b40abc554f2000ac,Alice Nascimento Silva Lobo,Atento,2026-03-19 08:52:22,2026-03-19 08:59:46,444.0,2026-03-19,simulated
Escola Estadual Criança Esperança,Matemática,Professora_Ana,f1c5e8faebc9ab791d2c562bfd9fda99c4bc10d22e6beff1b40abc554f2000ac,Alice Nascimento Silva Lobo,Agitado,2026-03-19 08:59:50,2026-03-19 09:01:12,82.0,2026-03-19,simulated
Escola Estadual Criança Esperança,Matemática,Professora_Ana,f1c5e8faebc9ab791d2c562bfd9fda99c4bc10d22e6beff1b40abc554f2000ac,Alice Nascimento Silva Lobo,Atento,2026-03-19 09:01:13,2026-03-19 09:08:36,443.0,2026-03-19,simulated
Escola Estadual Criança Esperança,Matemática,Professora_Ana,f1c5e8faebc9ab791d2c562bfd9fda99c4bc10d22e6beff1b40abc554f2000ac,Alice Nascimento Silva Lobo,Perguntando,2026-03-19 09:08:36,2026-03-19 09:08:46,10.0,2026-03-19,simulated
Escola Estadual Criança Esperança,Matemática,Professora_Ana,f1c5e8faebc9ab791d2c562bfd9fda99c4bc10d22e6beff1b40abc554f2000ac,Alice Nascimento Silva Lobo,Atento,2026-03-19 09:08:49,2026-03-19 09:16:38,469.0,2026-03-19,simulated
Escola Estadual Criança Esperança,Matemática,Professora_Ana,f1c5e8faebc9ab791d2c562bfd9fda99c4bc10d22e6beff1b40abc554f2000ac,Alice Nascimento Silva Lobo,Perguntando,2026-03-19 09:16:40,2026-03-19 09:16:51,11.0,2026-03-19,simulated
Escola Estadual Criança Esperança,Matemática,Professora_Ana,f1c5e8faebc9ab791d2c562bfd9fda99c4bc10d22e6beff1b40abc554f2000ac,Alice Nascimento Silva Lobo,Atento,2026-03-19 09:16:59,2026-03-19 09:25:18,499.0,2026-03-19,simulated
Escola Estadual Criança Esperança,Matemática,Professora_Ana,f1c5e8faebc9ab791d2c562bfd9fda99c4bc10d22e6beff1b40abc554f2000ac,Alice Nascimento Silva Lobo,Agitado,2026-03-19 09:25:23,2026-03-19 09:26:37,74.0,2026-03-19,simulated
Escola Estadual Criança Esperança,Matemática,Professora_Ana,f1c5e8faebc9ab791d2c562bfd9fda99c4bc10d22e6beff1b40abc554f2000ac,Alice Nascimento Silva Lobo,Perguntando,2026-03-19 09:26:39,2026-03-19 09:27:07,28.0,2026-03-19,simulated
Escola Estadual Criança Esperança,Matemática,Professora_Ana,f1c5e8faebc9ab791d2c562bfd9fda99c4bc10d22e6beff1b40abc554f2000ac,Alice Nascimento Silva Lobo,Atento,2026-03-19 09:27:14,2026-03-19 09:35:18,484.0,2026-03-19,simulated
Escola Estadual Criança Esperança,Matemática,Professora_Ana,f1c5e8faebc9ab791d2c562bfd9fda99c4bc10d22e6beff1b40abc554f2000ac,Alice Nascimento Silva Lobo,Perguntando,2026-03-19 09:35:18,2026-03-19 09:35:37,19.0,2026-03-19,simulated
Escola Estadual Criança Esperança,Matemática,Professora_Ana,f1c5e8faebc9ab791d2c562bfd9fda99c4bc10d22e6beff1b40abc554f2000ac,Alice Nascimento Silva Lobo,Atento,2026-03-19 09:35:44,2026-03-19 09:45:03,559.0,2026-03-19,simulated
Escola Estadual Criança Esperança,Matemática,Professora_Ana,f1c5e8faebc9ab791d2c562bfd9fda99c4bc10d22e6beff1b40abc554f2000ac,Alice Nascimento Silva Lobo,Agitado,2026-03-19 09:45:03,2026-03-19 09:45:40,37.0,2026-03-19,simulated
Escola Estadual Criança Esperança,Matemática,Professora_Ana,f1c5e8faebc9ab791d2c562bfd9fda99c4bc10d22e6beff1b40abc554f2000ac,Alice Nascimento Silva Lobo,Atento,2026-03-19 09:45:44,2026-03-19 09:52:29,405.0,2026-03-19,simulated
Escola Estadual Criança Esperança,Matemática,Professora_Ana,f1c5e8faebc9ab791d2c562bfd9fda99c4bc10d22e6beff1b40abc554f2000ac,Alice Nascimento Silva Lobo,Perguntando,2026-03-19 09:52:33,2026-03-19 09:52:59,26.0,2026-03-19,simulated
Escola Estadual Criança Esperança,Matemática,Professora_Ana,f1c5e8faebc9ab791d2c562bfd9fda99c4bc10d22e6beff1b40abc554f2000ac,Alice Nascimento Silva Lobo,Atento,2026-03-19 09:52:59,2026-03-19 10:01:24,505.0,2026-03-19,simulated
Escola Estadual Criança Esperança,Matemática,Professora_Ana,f1c5e8faebc9ab791d2c562bfd9fda99c4bc10d22e6beff1b40abc554f2000ac,Alice Nascimento Silva Lobo,Distraido,2026-03-19 10:01:30,2026-03-19 10:02:39,69.0,2026-03-19,simulated
Escola Estadual Criança Esperança,Matemática,Professora_Ana,f1c5e8faebc9ab791d2c562bfd9fda99c4bc10d22e6beff1b40abc554f2000ac,Alice Nascimento Silva Lobo,Atento,2026-03-19 10:02:46,2026-03-19 10:13:29,643.0,2026-03-19,simulated
Escola Estadual Criança Esperança,Matemática,Professora_Ana,f1c5e8faebc9ab791d2c562bfd9fda99c4bc10d22e6beff1b40abc554f2000ac,Alice Nascimento Silva Lobo,Agitado,2026-03-19 10:13:30,2026-03-19 10:13:51,21.0,2026-03-19,simulated
Escola Estadual Criança Esperança,Matemática,Professora_Ana,f1c5e8faebc9ab791d2c562bfd9fda99c4bc10d22e6beff1b40abc554f2000ac,Alice Nascimento Silva Lobo,Atento,2026-03-19 10:13:58,2026-03-19 10:21:37,459.0,2026-03-19,simulated
Escola Estadual Criança Esperança,Matemática,Professora_Ana,f1c5e8faebc9ab791d2c562bfd9fda99c4bc10d22e6beff1b40abc554f2000ac,Alice Nascimento Silva Lobo,Perguntando,2026-03-19 10:21:37,2026-03-19 10:22:11,34.0,2026-03-19,simulated
Escola Estadual Criança Esperança,Matemática,Professora_Ana,f1c5e8faebc9ab791d2c562bfd9fda99c4bc10d22e6beff1b40abc554f2000ac,Alice Nascimento Silva Lobo,Atento,2026-03-19 10:22:19,2026-03-19 10:31:07,528.0,2026-03-19,simulated
Escola Estadual Criança Esperança,Matemática,Professora_Ana,f1c5e8faebc9ab791d2c562bfd9fda99c4bc10d22e6beff1b40abc554f2000ac,Alice Nascimento Silva Lobo,Perguntando,2026-03-19 10:31:11,2026-03-19 10:31:41,30.0,2026-03-19,simulated
Escola Estadual Criança Esperança,Matemática,Professora_Ana,f1c5e8faebc9ab791d2c562bfd9fda99c4bc10d22e6beff1b40abc554f2000ac,Alice Nascimento Silva Lobo,Atento,2026-03-19 10:31:44,2026-03-19 10:38:20,396.0,2026-03-19,simulated
Escola Estadual Criança Esperança,Matemática,Professora_Ana,f1c5e8faebc9ab791d2c562bfd9fda99c4bc10d22e6beff1b40abc554f2000ac,Alice Nascimento Silva Lobo,Distraido,2026-03-19 10:38:24,2026-03-19 10:40:18,114.0,2026-03-19,simulated
Escola Estadual Criança Esperança,Matemática,Professora_Ana,f1c5e8faebc9ab791d2c562bfd9fda99c4bc10d22e6beff1b40abc554f2000ac,Alice Nascimento Silva Lobo,Perguntando,2026-03-19 10:40:19,2026-03-19 10:40:37,18.0,2026-03-19,simulated
Escola Estadual Criança Esperança,Matemática,Professora_Ana,f1c5e8faebc9ab791d2c562bfd9fda99c4bc10d22e6beff1b40abc554f2000ac,Alice Nascimento Silva Lobo,Atento,2026-03-19 10:40:39,2026-03-19 10:52:17,698.0,2026-03-19,simulated
Escola Estadual Criança Esperança,Matemática,Professora_Ana,f1c5e8faebc9ab791d2c562bfd9fda99c4bc10d22e6beff1b40abc554f2000ac,Alice Nascimento Silva Lobo,Perguntando,2026-03-19 10:52:20,2026-03-19 10:52:56,36.0,2026-03-19,simulated
Escola Estadual Criança Esperança,Matemática,Professora_Ana,f1c5e8faebc9ab791d2c562bfd9fda99c4bc10d22e6beff1b40abc554f2000ac,Alice Nascimento Silva Lobo,Atento,2026-03-19 10:53:02,2026-03-19 11:02:36,574.0,2026-03-19,simulated
Escola Estadual Criança Esperança,Matemática,Professora_Ana,f1c5e8faebc9ab791d2c562bfd9fda99c4bc10d22e6beff1b40abc554f2000ac,Alice Nascimento Silva Lobo,Atento,2026-03-19 11:02:36,2026-03-19 11:09:21,405.0,2026-03-19,simulated
Escola Estadual Criança Esperança,Matemática,Professora_Ana,f1c5e8faebc9ab791d2c562bfd9fda99c4bc10d22e6beff1b40abc554f2000ac,Alice Nascimento Silva Lobo,Perguntando,2026-03-19 11:09:24,2026-03-19 11:09:42,18.0,2026-03-19,simulated
Escola Estadual Criança Esperança,Matemática,Professora_Ana,f1c5e8faebc9ab791d2c562bfd9fda99c4bc10d22e6beff1b40abc554f2000ac,Alice Nascimento Silva Lobo,Atento,2026-03-19 11:09:49,2026-03-19 11:19:11,562.0,2026-03-19,simulated
Escola Estadual Criança Esperança,Matemática,Professora_Ana,f1c5e8faebc9ab791d2c562bfd9fda99c4bc10d22e6beff1b40abc554f2000ac,Alice Nascimento Silva Lobo,Perguntando,2026-03-19 11:19:11,2026-03-19 11:19:42,31.0,2026-03-19,simulated
Escola Estadual Criança Esperança,Matemática,Professora_Ana,f1c5e8faebc9ab791d2c562bfd9fda99c4bc10d22e6beff1b40abc554f2000ac,Alice Nascimento Silva Lobo,Dormindo,2026-03-19 11:19:48,2026-03-19 11:23:55,247.0,2026-03-19,simulated
Escola Estadual Criança Esperança,Matemática,Professora_Ana,f1c5e8faebc9ab791d2c562bfd9fda99c4bc10d22e6beff1b40abc554f2000ac,Alice Nascimento Silva Lobo,Perguntando,2026-03-19 11:23:59,2026-03-19 11:24:39,40.0,2026-03-19,simulated
Escola Estadual Criança Esperança,Matemática,Professora_Ana,f1c5e8faebc9ab791d2c562bfd9fda99c4bc10d22e6beff1b40abc554f2000ac,Alice Nascimento Silva Lobo,Atento,2026-03-19 11:24:43,2026-03-19 11:35:17,634.0,2026-03-19,simulated
Escola Estadual Criança Esperança,Matemática,Professora_Ana,f1c5e8faebc9ab791d2c562bfd9fda99c4bc10d22e6beff1b40abc554f2000ac,Alice Nascimento Silva Lobo,Distraido,2026-03-19 11:35:21,2026-03-19 11:37:17,116.0,2026-03-19,simulated
Escola Estadual Criança Esperança,Matemática,Professora_Ana,f1c5e8faebc9ab791d2c562bfd9fda99c4bc10d22e6beff1b40abc554f2000ac,Alice Nascimento Silva Lobo,Atento,2026-03-19 11:37:21,2026-03-19 11:48:09,648.0,2026-03-19,simulated
Escola Estadual Criança Esperança,Matemática,Professora_Ana,f1c5e8faebc9ab791d2c562bfd9fda99c4bc10d22e6beff1b40abc554f2000ac,Alice Nascimento Silva Lobo,Perguntando,2026-03-19 11:48:16,2026-03-19 11:48:50,34.0,2026-03-19,simulated
Escola Estadual Criança Esperança,Matemática,Professora_Ana,f1c5e8faebc9ab791d2c562bfd9fda99c4bc10d22e6beff1b40abc554f2000ac,Alice Nascimento Silva Lobo,Atento,2026-03-19 11:48:54,2026-03-19 11:56:00,426.0,2026-03-19,simulated
